record_no,sequence_crc64,length_aa,exact_sequence_source,uniparc_id,uniprot_accessions,taxon_id,organism,domain,phylum_or_kingdom,HXXXD_present,C_H_D_cooccur,both_motif_proxies,contains_noncanonical_residue,crc,y_pred,new_y_pred,new_rank
4298,D9BFC9825CD50679,301,UniProtKB/Swiss-Prot (reviewed representative),UPI000169C680,B7HYG6;B7HYG6,1386,Bacillus,Bacteria,Bacillota,False,True,False,False,D9BFC9825CD50679,0.995788872,1.0140526294708252,1
1912,C2749F8506A8C6F1,171,UniProtKB/Swiss-Prot (reviewed representative),UPI000012621F,Q01612;A0A1U7Q270,10036,Mesocricetus auratus,Eukaryota,Chordata,False,True,False,False,C2749F8506A8C6F1,-0.003082983,1.0073974132537842,2
4637,2E5C36B5B6A5D3B5,301,UniProtKB/TrEMBL (unreviewed representative),UPI0000166442,B0QMQ5;A0A0B5U1Q8;C3P2G5;A0A0B5YM01;A0A0B5LLN5;W8HU61;B3JBK7;A0A0B5NIE8;A0A6H9IGP3;A0A1V4B740;C3LFT4;A0A0B7Y9Z7;B0Q5T5;Q6HQ93;A0A0B6QKR0;Q81JP7;B1F2W9;B7JHN0;W0CPT3;A0A0U0G2Y8;A0A084CSM8;B3YZH3;A0A2P0HLQ6;B1GLP1;A0A0E0W7N9;W7GQJ6;J4TM60;J7EB34;C3HRV8;I0DB00;A0A243CRH6;C3LFT4;W7HET5;W0D2R6;A0A076Y3E1;A0A0B7PB22;A0A011R8I9;C3P2G5;A0A1S0QQI4;A0A242W1D1;W7GJU9;A0A0K6KVE0;A0A7U4BAZ7;B1UQH4;B0AT25;B7JHN0;E9R4N2;A0A4Y7R2X6,91061,Bacilli,Bacteria,Bacillota,False,True,False,False,2E5C36B5B6A5D3B5,0.995598972,1.00697922706604,3
4312,2E5C36B5B6A5D3B5,301,UniProtKB/TrEMBL (unreviewed representative),UPI0000166442,B0QMQ5;A0A0B5U1Q8;C3P2G5;A0A0B5YM01;A0A0B5LLN5;W8HU61;B3JBK7;A0A0B5NIE8;A0A6H9IGP3;A0A1V4B740;C3LFT4;A0A0B7Y9Z7;B0Q5T5;Q6HQ93;A0A0B6QKR0;Q81JP7;B1F2W9;B7JHN0;W0CPT3;A0A0U0G2Y8;A0A084CSM8;B3YZH3;A0A2P0HLQ6;B1GLP1;A0A0E0W7N9;W7GQJ6;J4TM60;J7EB34;C3HRV8;I0DB00;A0A243CRH6;C3LFT4;W7HET5;W0D2R6;A0A076Y3E1;A0A0B7PB22;A0A011R8I9;C3P2G5;A0A1S0QQI4;A0A242W1D1;W7GJU9;A0A0K6KVE0;A0A7U4BAZ7;B1UQH4;B0AT25;B7JHN0;E9R4N2;A0A4Y7R2X6,91061,Bacilli,Bacteria,Bacillota,False,True,False,False,2E5C36B5B6A5D3B5,0.995598972,1.00697922706604,3
4651,2E5C36B5B6A5D3B5,301,UniProtKB/TrEMBL (unreviewed representative),UPI0000166442,B0QMQ5;A0A0B5U1Q8;C3P2G5;A0A0B5YM01;A0A0B5LLN5;W8HU61;B3JBK7;A0A0B5NIE8;A0A6H9IGP3;A0A1V4B740;C3LFT4;A0A0B7Y9Z7;B0Q5T5;Q6HQ93;A0A0B6QKR0;Q81JP7;B1F2W9;B7JHN0;W0CPT3;A0A0U0G2Y8;A0A084CSM8;B3YZH3;A0A2P0HLQ6;B1GLP1;A0A0E0W7N9;W7GQJ6;J4TM60;J7EB34;C3HRV8;I0DB00;A0A243CRH6;C3LFT4;W7HET5;W0D2R6;A0A076Y3E1;A0A0B7PB22;A0A011R8I9;C3P2G5;A0A1S0QQI4;A0A242W1D1;W7GJU9;A0A0K6KVE0;A0A7U4BAZ7;B1UQH4;B0AT25;B7JHN0;E9R4N2;A0A4Y7R2X6,91061,Bacilli,Bacteria,Bacillota,False,True,False,False,2E5C36B5B6A5D3B5,0.995598972,1.00697922706604,3
9964,B5709D6FC19E0ECA,142,UniProtKB/TrEMBL (unreviewed representative),UPI000013AD3D,Q48XN3;A0A030KE01;A0A030MXY1;A0A030Q1G5;A0A2X4P948;A0A030NT03;A0A030N687;A0A030LT36;A0A030BD18;A0A030JPS5;A0A029XME1;A0A030NCS8;A0A030JJZ2;A0A030JFP4;A0A030JUW4;P0C0H5;A0A029SH40;A0A2H1X6I3;A0A029WQT8;A0A030L5F7;A0A030LL32;A0A0C6G4D5;A0A030KLS7;A0A030LBH1;A0A030N3W7;A0A030MII6;A0A029YX16;K4N4D8;A0A029Y3E9;A0A030K0Y5;A0A030PUZ8;A0A4U9T8A5;A0A030NH11;J7M667;A0A030L0C4;A0A030P785;A0A030KVD2;A0A3P5Y4L1;A0ABD7UV59;A0A030F5X4;A0A030M6S8;A0A029T7F7;A0A029UNW1;A0A030LFS9;U9WN95;A0A030EVE6;T0BJ51;A0A030ME07;A0A030KQD3;V6VLE3;A0A030P0M7;A0A030K5T4;A0A030PK17;A0A030JA36;A0A030J4Y4;A0A029SJW6;A0A030LXY1;P16963;A0A030PCU1;A0A030NPR1;A0A030AAU1,1301,Streptococcus,Bacteria,Bacillota,False,True,False,False,B5709D6FC19E0ECA,0.995235503,1.00626540184021,4
4295,89FDB292D88F89B7,301,UniProtKB/TrEMBL (unreviewed representative),UPI00016B52CC,A0A9X8NWF7;A0A6L3BN19;A0A243LDI1;J8KTY1;A0A9W7PA06;A0A9X0JZQ8;A0A0D1RGZ0;A0A3B0AH96;A0AAI9RIY9;A0A1Q9KU84;A0A9X5AI73;J8N4P5;A0A9X6QX59;A0A1S9YY56;A0A4P7U633;A0A9W5KRW4;B7HG67;A0A6I2EMU7;A0A9X7QCZ3;B7HG67;A0A0J6MY04,1386,Bacillus,Bacteria,Bacillota,True,True,True,False,89FDB292D88F89B7,0.995382607,1.0057296752929688,5
751,6476C52969F5067D,301,UniProtKB/TrEMBL (unreviewed representative),UPI00002415C0,M4HAD0;A0A4P9ETL9;A0A2C3GUQ5;Q72X44;F0PW86;A0A657R336;A0A5C5AL31;A0A1J9ZVK7;A0A150DYP1;Q72X44;A0A2Z2D5P8;A0A6L5LI97,1386,Bacillus,Bacteria,Bacillota,False,True,False,False,6476C52969F5067D,0.998349726,1.0055036544799805,6
6952,DEECF2DB9D24DEC9,301,UniProtKB/Swiss-Prot (reviewed representative),UPI000043CEC5,Q630J5;A0A0B6BC62;Q630J5,86661,Bacillus cereus group,Bacteria,Bacillota,False,True,False,False,DEECF2DB9D24DEC9,0.995406687,1.0051581859588623,7
9965,B575CD6FC4CE0ECA,142,UniProtKB/TrEMBL (unreviewed representative),UPI000000ACF8,A0A029SYE6;A0A029YKR0;A0A029Y893;A0A030DBC4;A0A030BKE6;P0DB79;A0A4U9I5S8;A0A030DSP6;Q1JFZ0;A0A030D6Q5;A0A029WTD8;A0A030DH20;A0A030C163;A2RDJ0;A0A029TPR5;A0A029UBL0;A0A030AIR8;A0A098QAD7;A0A029ZLR3;A0A030EKS3;A0A030AFT2;A0A030E8M5;A0A030PU19;A0A030DT78;A0A029X2N7;A0A029YSV6;A0A030CWW9;A0A029WKS7;A0A030CN73;A0A030LQ05;A0A029TJZ7;A0A030QDT2;A0A3G6AXF6;A0A029UTJ7;A0A030E0P8;A0A030D0G1;A0A0E1ERM8;A0A030BT10;A0A2N7AZP8;A0A029SC59;A0A030B5R4;U9WVY2;A0A030E636;A0A030EFV2;A0A030CAD7;A0A030BY87;A0A030CXA0;A0A2X3TYP9;A0A029Z798;A0A030MNY2;A0A030AQ83;A0A030C8I0;U2TWJ0;A0A030EKW0;A0A140JVJ0;A0A029TEC6;A0A029W3Z2;A0A030Q614;A0A029T743;A0A030CIB5;A0A030PK38;A0A029VG47;A0A030AV58;A0A075SNX1;Q8K6Q7;A0A5D3HFG9;P0DB78;A0A030QCN0;Q79XS0,1301,Streptococcus,Bacteria,Bacillota,False,True,False,False,B575CD6FC4CE0ECA,0.997776091,1.0044424533843994,8
9966,B575CD6FC4CE0ECA,142,UniProtKB/TrEMBL (unreviewed representative),UPI000000ACF8,A0A029SYE6;A0A029YKR0;A0A029Y893;A0A030DBC4;A0A030BKE6;P0DB79;A0A4U9I5S8;A0A030DSP6;Q1JFZ0;A0A030D6Q5;A0A029WTD8;A0A030DH20;A0A030C163;A2RDJ0;A0A029TPR5;A0A029UBL0;A0A030AIR8;A0A098QAD7;A0A029ZLR3;A0A030EKS3;A0A030AFT2;A0A030E8M5;A0A030PU19;A0A030DT78;A0A029X2N7;A0A029YSV6;A0A030CWW9;A0A029WKS7;A0A030CN73;A0A030LQ05;A0A029TJZ7;A0A030QDT2;A0A3G6AXF6;A0A029UTJ7;A0A030E0P8;A0A030D0G1;A0A0E1ERM8;A0A030BT10;A0A2N7AZP8;A0A029SC59;A0A030B5R4;U9WVY2;A0A030E636;A0A030EFV2;A0A030CAD7;A0A030BY87;A0A030CXA0;A0A2X3TYP9;A0A029Z798;A0A030MNY2;A0A030AQ83;A0A030C8I0;U2TWJ0;A0A030EKW0;A0A140JVJ0;A0A029TEC6;A0A029W3Z2;A0A030Q614;A0A029T743;A0A030CIB5;A0A030PK38;A0A029VG47;A0A030AV58;A0A075SNX1;Q8K6Q7;A0A5D3HFG9;P0DB78;A0A030QCN0;Q79XS0,1301,Streptococcus,Bacteria,Bacillota,False,True,False,False,B575CD6FC4CE0ECA,0.997776091,1.0044424533843994,8
7450,22E251FC39BAEAFF,301,UniProtKB/TrEMBL (unreviewed representative),UPI00004980E8,A0A5B7VPK3;A0AAN3VKD4;A0A9X6QRK8;A0A243DNJ2;R8S4U0;A0A9W5Q1Q1;A0A9W7U2Y1;A0AAP6I136;A0A9X6IRL9;A0A9Q5QIB2;Q814M3;A0A9W5P5P9;A0A0G4CRE8;A0A0U4U637;A0A1M6FVG5;A0A5E9IM17;A0A164VRF1;A0A243KV24;A0A9X7N7W3;J8HTQ0;J8L3Z8;D5TRH3;A0A9X6JIL3;A0A243EQ40;A0A7V7H108;A0A9W4ERH0;R8GWG0;A0A0T8YFI8;A0A1Y0TRI1;A0AAW4HYW8;W4EEF1;A0A9W5KGP2,91061,Bacilli,Bacteria,Bacillota,True,True,True,False,22E251FC39BAEAFF,0.995256245,1.0034384727478027,9
4306,36ED02F35A893036,301,UniProtKB/Swiss-Prot (reviewed representative),UPI00016B841B,B7IRT5;B7IRT5;A0A4U0S3C4;A0A2C0Z380;A0A7W7TQC2,86661,Bacillus cereus group,Bacteria,Bacillota,True,True,True,False,36ED02F35A893036,0.995800197,1.0034220218658447,10
7139,54C45E44C4D42029,301,UniProtKB/Swiss-Prot (reviewed representative),UPI00003B421C,Q6HAN0;A0A0B6BD79;A0A7D4LTC2;Q6HAN0,86661,Bacillus cereus group,Bacteria,Bacillota,False,True,False,False,54C45E44C4D42029,0.995307028,1.0028820037841797,11
2523,C2749F8366CEC6F1,171,UniProtKB/Swiss-Prot (reviewed representative),UPI00000E83C6,Q9JHW6;G3I902;Q9JHW6,10026,Cricetinae,Eukaryota,Chordata,False,True,False,False,C2749F8366CEC6F1,-0.001301157,1.0027780532836914,12
10021,08DFA68072F25EEA,142,UniProtKB/Swiss-Prot (reviewed representative),UPI00000D9A2D,Q8P051;U9XBD4;A0A2X4EK15;Q8P051,1301,Streptococcus,Bacteria,Bacillota,False,True,False,False,08DFA68072F25EEA,0.997208059,1.0017337799072266,13
4615,7EFD37B5A6B4DEC8,301,UniProtKB/TrEMBL (unreviewed representative),UPI0000E8A44D,A0A243B762;A0A0J1HQI2;B3ZD01;A0A0B5M937;A0AAN0SX31;A0RLI8;A0A7X2DQU1;A0A2S9Y2Y6;D8H4Y0;C1EQ75;A0A0B5MQ21;A0A5B3IND7;A0AAU9BR90;A0A0B5WFX1;A0AAE4TVM5;A0A6N0IZH7;A0AA96PU45;D7WH98;A0RLI8;B3ZQM9;A0A5C4Z3N5;A0A1Q4KXF9;A0ABD4L8B8;A0A154AUH8;C1EQ75,1386,Bacillus,Bacteria,Bacillota,False,True,False,False,7EFD37B5A6B4DEC8,0.995515049,1.0011136531829834,14
2777,7EFD37B5A6B4DEC8,301,UniProtKB/TrEMBL (unreviewed representative),UPI0000E8A44D,A0A243B762;A0A0J1HQI2;B3ZD01;A0A0B5M937;A0AAN0SX31;A0RLI8;A0A7X2DQU1;A0A2S9Y2Y6;D8H4Y0;C1EQ75;A0A0B5MQ21;A0A5B3IND7;A0AAU9BR90;A0A0B5WFX1;A0AAE4TVM5;A0A6N0IZH7;A0AA96PU45;D7WH98;A0RLI8;B3ZQM9;A0A5C4Z3N5;A0A1Q4KXF9;A0ABD4L8B8;A0A154AUH8;C1EQ75,1386,Bacillus,Bacteria,Bacillota,False,True,False,False,7EFD37B5A6B4DEC8,0.995515049,1.0011136531829834,14
355,A919838E8AA81899,171,UniProtKB/TrEMBL (unreviewed representative),UPI0000003E4B,A2BES1;P48026;Q3U444,39107,Murinae,Eukaryota,Chordata,False,True,False,False,A919838E8AA81899,0.997434849,1.0005834102630615,15
9995,285938C798DFA680,146,UniProtKB/TrEMBL (unreviewed representative),UPI000017021A,U9WLJ9;A0A5A4LGF0;Q5XAY3;A0A0G2V1E7;A0A167NUQ9;A0A089GQG0;A0A2X3UKD3;U9WKB6;P16963;T5E1R8;A0A209Q7R6;U9WC07;Q5XAY3;A0A0E4B7W9;A0A6C2WSF6;P0C0H4;V6WDQ1,2,Bacteria,Unresolved,Unresolved,False,True,False,False,285938C798DFA680,0.997240392,1.0003714561462402,16
9963,285938C798DFA680,146,UniProtKB/TrEMBL (unreviewed representative),UPI000017021A,U9WLJ9;A0A5A4LGF0;Q5XAY3;A0A0G2V1E7;A0A167NUQ9;A0A089GQG0;A0A2X3UKD3;U9WKB6;P16963;T5E1R8;A0A209Q7R6;U9WC07;Q5XAY3;A0A0E4B7W9;A0A6C2WSF6;P0C0H4;V6WDQ1,2,Bacteria,Unresolved,Unresolved,False,True,False,False,285938C798DFA680,0.997240392,1.0003714561462402,16
3716,A43D5C264BCAA6E7,301,UniProtKB/TrEMBL (unreviewed representative),UPI00006AE553,Q2ATV8;A9VTE3;A0AAC8S0C0;A9VTE3;W4R9Q7;A0A0A0WR69,86661,Bacillus cereus group,Bacteria,Bacillota,False,True,False,False,A43D5C264BCAA6E7,0.995925963,1.000164270401001,17
2122,516CA1D5EB91F466,171,UniProtKB/TrEMBL (unreviewed representative),UPI00004F2ABE,A0A6P3ERT4;A0AAD4UG72;F7VJJ0;A0A6B0SG79;A0AC11CEU0;A0A6P5BFI1;A0A6P3HMH6;Q3T0Q0;A0A8B9WTT5;A0ACI6RYQ9;A0A4W2DTJ6;A0A8C6FIH4;A0ACB9TZY3;A0A452EXI8;W5Q5Q0;Q3T0Q0,35500,Pecora,Eukaryota,Chordata,False,True,False,False,516CA1D5EB91F466,-0.000410474,0.999151051044464,18
1851,30125A9F7AA81888,171,UniProtKB/Swiss-Prot (reviewed representative),UPI0000126220,P49431;A0A6P5P270,39107,Murinae,Eukaryota,Chordata,False,True,False,False,30125A9F7AA81888,-0.000330816,0.9990739226341248,19
402,AA39CBAB56C8B8A4,424,UniProtKB/Swiss-Prot (reviewed representative),UPI00001AA29C,Q66165;B7TYG8;C6GHQ9,11128,Bovine coronavirus,Viruses,Pisuviricota,True,True,True,False,AA39CBAB56C8B8A4,0.997742712,0.9962618947029114,20
9496,C79C23FFE8B92210,325,UniProtKB/Swiss-Prot (reviewed representative),UPI00004E2E49,Q54IU9;Q54IU9;D8FSW7,44689,Dictyostelium discoideum,Eukaryota,Evosea,True,True,True,False,C79C23FFE8B92210,0.996625483,0.9955444931983948,21
2044,531564C4EE91F477,171,UniProtKB/Swiss-Prot (reviewed representative),UPI0000126221,Q28999;A0A8C3VNP0,35497,Suina,Eukaryota,Chordata,False,True,False,False,531564C4EE91F477,0.007291396,0.9946580529212952,22
333,79D0733CDDC5C629,525,UniProtKB/TrEMBL (unreviewed representative),UPI0000126229,E7KUU0;E7QL60;A0A0D4FJ90;A0A0D4HE62;A0A0D4FBQ1;A0A0D4F649;A0A3F3FVL7;A0A0D4FAB3;A0A3F3EL63;A0A0D4F5M0;W7PAB0;A0A3F3FPI2;A0A0D4FF97;A0A0D4F763;E7M0V8;A0A0D4G8R3;A0A0D4ETW6;A0A0D4GBV7;A0A0D4F2Z6;A0A0D4FWD8;P40353;C7GVG9;A0A0D4FI71;A0A0D4G8D6;D6W370;A0A0D4GVJ0;A0A0D4GZ27;A0A0D4EBM5;A0A0C5IQZ9;A0A0D4ERC6;A0A0D4ELF5;A0A0D4FU13;A0A0D4FRM7;A0A0D4E5Y3;A0A0D4G3Q5;A0A0D4GDJ1;A0A0D4FE96;A0A023ZIF5;A0A0D4F9U2;E7Q9U9;A0A0D4HIM6;A0A0D4GD92;A0A3F3F2S8;A0A0D4G2N7;A0A816BCE9;A0A0D4EA23;B3LK31;B5VSQ1;A0A0D4HKT2;A0A5J6SKC0;A0A0D4H8S9;A0A024XVW7;A0A0D4E901;A0A0D4G6E0;A0A0D4EGY7;C8ZHC6;N1NWA4;A0A0D4FLR9;A0A0D4HEC6;A0A0D4HGD6;A0A0D4HN38;W7R803;A0A0D4GU25;A0A0D4EX42;A0A0D4HBK7;A0A0D4EUT3;A0A0D4EDN2;A0A0D4FCV1,4932,Saccharomyces cerevisiae,Eukaryota,Ascomycota,True,True,True,False,79D0733CDDC5C629,0.99804312,0.993800938129425,23
3155,1411CB142525845B,305,UniProtKB/Swiss-Prot (reviewed representative),UPI0000664BBF,A4WUJ2;A4WUJ2;A3T7P8,1653176,Cereibacter,Bacteria,Pseudomonadota,True,True,True,False,1411CB142525845B,0.996311367,0.992980420589447,24
275,6A0578B88CD72F09,171,UniProtKB/TrEMBL (unreviewed representative),UPI000012621E,G3SGI4;H2QYE7;P21673;A0A2R9B7N7;K7DU96;A0A384NQ10;Q0JV65;A0A2J8L381;A0A6D2X3R6;Q6ICU9,81077,artificial sequences,Unresolved,Unresolved,False,True,False,False,6A0578B88CD72F09,0.061648756,0.9906923174858092,25
2392,884F62EE071A368F,171,UniProtKB/Swiss-Prot (reviewed representative),UPI00000FE286,Q8AXL1;F1NBG7;A0A8C9EVU1;A0A2P4SH43;A0A226P5I2;Q8AXL1,8976,Galliformes,Eukaryota,Chordata,False,True,False,False,884F62EE071A368F,0.00478663,0.9889137148857116,26
5154,00555D36A843D589,219,UniProtKB/Swiss-Prot (reviewed representative),UPI0000127013,P26825,2,Bacteria,Unresolved,Unresolved,True,True,True,False,00555D36A843D589,0.99703449,0.988852083683014,27
348,2484D6BEAC761983,358,UniProtKB/TrEMBL (unreviewed representative),UPI00001685EE,A0A8D4RJR5;A0A0E1WLU6;P45131;P45131;C9MJ70,727,Haemophilus influenzae,Bacteria,Pseudomonadota,False,True,False,False,2484D6BEAC761983,0.942433298,0.9871931672096252,28
1943,023DDFAAEA528833,455,UniProtKB/Swiss-Prot (reviewed representative),UPI0000E26BB5,Q0BN96;Q0BN96;A0A0B6CRL5,263,Francisella tularensis,Bacteria,Pseudomonadota,False,True,False,False,023DDFAAEA528833,0.088845402,0.9851862788200378,29
1999,04F0E69122420767,455,UniProtKB/Swiss-Prot (reviewed representative),UPI0000DACBEE,Q14J62;Q14J62,263,Francisella tularensis,Bacteria,Pseudomonadota,False,True,False,False,04F0E69122420767,0.078904741,0.9851240515708924,30
6532,25C9E26CA507A626,358,UniProtKB/Swiss-Prot (reviewed representative),UPI00003CDC34,Q4QJY8;C4F6C7;Q4QJY8;A0A2R3FZ60;A0A0C5F1W9;A0A060GDD4,32644,unidentified,Unresolved,Unresolved,False,True,False,False,25C9E26CA507A626,0.932630897,0.9851133227348328,31
2049,04F0E691225AB037,455,UniProtKB/TrEMBL (unreviewed representative),UPI000049C28B,A0AAN0QLL2;K5WWX3;K0E9E0;R0HBE7;A0A029R0J2;A7NAF3;W5UV16;A0A0E2ZKX0;H6LZL0;Q2A4X7;A0A0G2P9F0;B2SFB5;A0AAP6RCD2;Q5NHR0;A7NAF3;K7X2D4;A0A6B2JFN7;K5XP14;A0A0E3VI10;A0A4Q7HFC0;Q2A4X7;A0A454NTV4;A0A1R0HJW0;A0A029RMW5;A0A029QUT3;K8YGM9;A0AAQ1CM81;R0H5Y8;K5XQ79;A0A509J5C6;R0H6B0;A0A029R7R6;Q5NHR0;D2ALP8;A0AAI8BIT0;A4KQ47;A0A0B6DW54;A0A0M1U4L0;A0AAD3ARU1;A4IZM7;K5XPE9;M5UC30;A0A0F7NYZ6;A0A0K1NT92;A0A0B6EKC3;A0A0B6EGK8;A4IZM7;A0A4P1NBS5;A0A029RVF0;K5Y8A4;A0A080QBT8;A0A6N3S898;H6LT48;B2SFB5;A0A0B6DFE9;A0A029RCD5;A0A806QRN9;A0A0E3CY04;A0A0K1Z199,263,Francisella tularensis,Bacteria,Pseudomonadota,False,True,False,False,04F0E691225AB037,0.99754101,0.9846076369285583,32
1330,04F0E691225AB037,455,UniProtKB/TrEMBL (unreviewed representative),UPI000049C28B,A0AAN0QLL2;K5WWX3;K0E9E0;R0HBE7;A0A029R0J2;A7NAF3;W5UV16;A0A0E2ZKX0;H6LZL0;Q2A4X7;A0A0G2P9F0;B2SFB5;A0AAP6RCD2;Q5NHR0;A7NAF3;K7X2D4;A0A6B2JFN7;K5XP14;A0A0E3VI10;A0A4Q7HFC0;Q2A4X7;A0A454NTV4;A0A1R0HJW0;A0A029RMW5;A0A029QUT3;K8YGM9;A0AAQ1CM81;R0H5Y8;K5XQ79;A0A509J5C6;R0H6B0;A0A029R7R6;Q5NHR0;D2ALP8;A0AAI8BIT0;A4KQ47;A0A0B6DW54;A0A0M1U4L0;A0AAD3ARU1;A4IZM7;K5XPE9;M5UC30;A0A0F7NYZ6;A0A0K1NT92;A0A0B6EKC3;A0A0B6EGK8;A4IZM7;A0A4P1NBS5;A0A029RVF0;K5Y8A4;A0A080QBT8;A0A6N3S898;H6LT48;B2SFB5;A0A0B6DFE9;A0A029RCD5;A0A806QRN9;A0A0E3CY04;A0A0K1Z199,263,Francisella tularensis,Bacteria,Pseudomonadota,False,True,False,False,04F0E691225AB037,0.99754101,0.9846076369285583,32
2227,04F0E691225AB037,455,UniProtKB/TrEMBL (unreviewed representative),UPI000049C28B,A0AAN0QLL2;K5WWX3;K0E9E0;R0HBE7;A0A029R0J2;A7NAF3;W5UV16;A0A0E2ZKX0;H6LZL0;Q2A4X7;A0A0G2P9F0;B2SFB5;A0AAP6RCD2;Q5NHR0;A7NAF3;K7X2D4;A0A6B2JFN7;K5XP14;A0A0E3VI10;A0A4Q7HFC0;Q2A4X7;A0A454NTV4;A0A1R0HJW0;A0A029RMW5;A0A029QUT3;K8YGM9;A0AAQ1CM81;R0H5Y8;K5XQ79;A0A509J5C6;R0H6B0;A0A029R7R6;Q5NHR0;D2ALP8;A0AAI8BIT0;A4KQ47;A0A0B6DW54;A0A0M1U4L0;A0AAD3ARU1;A4IZM7;K5XPE9;M5UC30;A0A0F7NYZ6;A0A0K1NT92;A0A0B6EKC3;A0A0B6EGK8;A4IZM7;A0A4P1NBS5;A0A029RVF0;K5Y8A4;A0A080QBT8;A0A6N3S898;H6LT48;B2SFB5;A0A0B6DFE9;A0A029RCD5;A0A806QRN9;A0A0E3CY04;A0A0K1Z199,263,Francisella tularensis,Bacteria,Pseudomonadota,False,True,False,False,04F0E691225AB037,0.99754101,0.9846076369285583,32
1404,04F0E691225AB037,455,UniProtKB/TrEMBL (unreviewed representative),UPI000049C28B,A0AAN0QLL2;K5WWX3;K0E9E0;R0HBE7;A0A029R0J2;A7NAF3;W5UV16;A0A0E2ZKX0;H6LZL0;Q2A4X7;A0A0G2P9F0;B2SFB5;A0AAP6RCD2;Q5NHR0;A7NAF3;K7X2D4;A0A6B2JFN7;K5XP14;A0A0E3VI10;A0A4Q7HFC0;Q2A4X7;A0A454NTV4;A0A1R0HJW0;A0A029RMW5;A0A029QUT3;K8YGM9;A0AAQ1CM81;R0H5Y8;K5XQ79;A0A509J5C6;R0H6B0;A0A029R7R6;Q5NHR0;D2ALP8;A0AAI8BIT0;A4KQ47;A0A0B6DW54;A0A0M1U4L0;A0AAD3ARU1;A4IZM7;K5XPE9;M5UC30;A0A0F7NYZ6;A0A0K1NT92;A0A0B6EKC3;A0A0B6EGK8;A4IZM7;A0A4P1NBS5;A0A029RVF0;K5Y8A4;A0A080QBT8;A0A6N3S898;H6LT48;B2SFB5;A0A0B6DFE9;A0A029RCD5;A0A806QRN9;A0A0E3CY04;A0A0K1Z199,263,Francisella tularensis,Bacteria,Pseudomonadota,False,True,False,False,04F0E691225AB037,0.99754101,0.9846076369285583,32
1496,04F0E691225AB037,455,UniProtKB/TrEMBL (unreviewed representative),UPI000049C28B,A0AAN0QLL2;K5WWX3;K0E9E0;R0HBE7;A0A029R0J2;A7NAF3;W5UV16;A0A0E2ZKX0;H6LZL0;Q2A4X7;A0A0G2P9F0;B2SFB5;A0AAP6RCD2;Q5NHR0;A7NAF3;K7X2D4;A0A6B2JFN7;K5XP14;A0A0E3VI10;A0A4Q7HFC0;Q2A4X7;A0A454NTV4;A0A1R0HJW0;A0A029RMW5;A0A029QUT3;K8YGM9;A0AAQ1CM81;R0H5Y8;K5XQ79;A0A509J5C6;R0H6B0;A0A029R7R6;Q5NHR0;D2ALP8;A0AAI8BIT0;A4KQ47;A0A0B6DW54;A0A0M1U4L0;A0AAD3ARU1;A4IZM7;K5XPE9;M5UC30;A0A0F7NYZ6;A0A0K1NT92;A0A0B6EKC3;A0A0B6EGK8;A4IZM7;A0A4P1NBS5;A0A029RVF0;K5Y8A4;A0A080QBT8;A0A6N3S898;H6LT48;B2SFB5;A0A0B6DFE9;A0A029RCD5;A0A806QRN9;A0A0E3CY04;A0A0K1Z199,263,Francisella tularensis,Bacteria,Pseudomonadota,False,True,False,False,04F0E691225AB037,0.99754101,0.9846076369285583,32
1263,5AE0E691225AA496,455,UniProtKB/TrEMBL (unreviewed representative),UPI0000E89749,A0A7U5BB91;A0Q565;A0A0B6KKS8;A0A6N3JBG5;A0Q565;B4AQ53;F4BDS3;A0A080S8E7;A0A1S2WVN5;A0A6I4RW62;A0A1J0L0V8;A0AA40Z0X1;A0AAE1ZY48;A0A0B6DPD5;A0A0B6C2F5,262,Francisella,Bacteria,Pseudomonadota,False,True,False,False,5AE0E691225AA496,0.082165428,0.9845373034477234,33
1748,7725A5E39F88D9C1,206,UniProtKB/TrEMBL (unreviewed representative),UPI00000D1062,A0A040YH11;A0A043WXS5;A0A052Z881;E2UMN9;A0A052VGR8;A0A055H7Z0;A0A056L1Y4;A0A047W6E1;A0A053VVK6;A0A050TFR0;A0A055H9K5;A0A058QRL5;A0A047WZE2;A0A048QXZ8;A0A041X4V2;A0A056LUY5;A0A055CZM6;A0A055KVU7;A0A057U174;A0A049ZXC8;A0A053Q5B6;A0A040Y5D8;A0A051VUW6;A0A055E4B1;A0A044F428;A0A050CJR2;A0A050X7H0;A0A053MP15;A0A044AP77;A0A058IIK9;A0AA45GCJ9;A0A047U0K1;A0A046MWL3;A0A039ZTE2;A0A053G8R4;A0A058LJ38;A0A055FMF9;A0A040ZQE5;A0A048CM68;A0A0H4FX81;A0A055GHH6;A0A046DJI2;A0A042PEQ0;A0A054PHI7;A0A057UPE3;A0A054BN12;A0A071Z8H7;A0A044MJH7;A0A051L2N2;A0A051J5G8;A0A041Z8G8;A0A051L042;A0A041BZ07;A0A041H1N4;A0A7U4BVE7;A0A053JC74;A0A053HVX8;A0A054W430;A0AAE8WJG1;A0A049P3J2;A0A052A235;A0A048DR56;A0A058GHL9;A0A046X8S2;A0A057HBZ9;A0A058QJJ6;A0A040CAI2;A0A044DRN9;A0A044EI53;A0A052NPM2;A0A041M9T6;A0A045MVG4;A0A040BCG2;A0A042H5Z2;A0A047IQN1;A0A040T875;A0A048VXU9;A0A044TLC0;A0A054EWK8;A0A045X828;A0A049JUU1;A0A1Q1TDD0;A0A058P382;A0A053LY91;A0A038KRL6;A0A039XEW6;A0A056G790;C1AQ84;I6RFT5;A0A038YF42;A0A040UHR4;A0A056AUE6;A0A046VZ79;A0A042YT75;A0A040NGQ3;A0A051HA72;A0A058M1Q8;A0A042QKG2;A0A043AH12;A0A056FJL2;A0A043MPN7;A0A047DXM6;A0A1Q2AQ27;A0A043SPG4;A0A049GR40;A0A045BMH7;A0A048LCD8;A0A039VRW5;A0A047Y7Z1;A0A038WK66;A0A046WQP0;A0A041DNR5;A0A042S4S0;A0A055TDW7;A0A049AX43;A0A046RVD9;A0A044B7C7;A0A049D7R3;A0A038UC07;A0A046AWZ9;A0A040GAN6;A0A050A4U3;A0A1Q1YT47;A0A039ICF6;A0A043QGY9;A0A042YTY8;A0A046Q430;A0A045NT73;A0A038LVR6;A0A042XHK3;A0A043HY16;A0A042LBC0;O53504;A0A057QMM3;A0A8E0EYV1;A0A052GMD2;A0A1Q2BCK4;E2TN76;A0A051VK82;A0A053K4F6;A0A054BUK5;A0A044YXM2;A0A050LI54;A0ACD3TRA4;A0A042KEA2;A0A047YJJ7;A0A1Q1VAE5;A0A039JRA2;A0A051IJ52;A0A056ERW9;A0A053H8W1;A0A047B1J1;A0A040X334;A0A047NL64;A0A045Q8C5;A0A047ILD6;A0A043CLS2;A0A050KUA7;A0A052KS10;A0A054YZM1;A0A047KZR5;A0A058Q6H1;A0A057W771;A0A057XVC5;A0A054AL14;A0A072A5S2;A0A057KNA4;X8G1R3;A0A055JD90;A0A040HAK7;A0A055N262;A0A054JLN0;A0A052CCE2;A0A050YAQ2;A0A072ES45;A0A0H3P6V4;A0A044I3D1;A0A047LQL6;A0A047HBE1;A0A051BT09;A0A042KG27;A0A051ESC5;A0A056P956;A0A048VJ82;A0A056IXC5;A0A041Q4N7;A0A041PVB2;A0A039ILV0;A0A049W3Y6;A0A055R0V9;A0A051YQA0;A0A056YIY5;A0A041ZID7;A0A048H795;A0A041JPB4;A0A042HQM0;A0A057N713;A0A057SDM4;A0A048Z4H7;A0A058EY47;A0A052SX37;A0A055BQ13;A0A054W3X6;A0A044HKP1;A0A043NIB7;A0A053Z8U4;A0A072AMX0;A0A044NJI0;A0A055W2Y9;A0A045DKT2;A0A051J7C4;A0A052ZPG4;A0A047ZJK4;A0A039W700;A0A045QX33;A0A041PHQ0;A0A041IMS9;A0A040QMG1;A0A120IXA1;A0A044VIA0;A0A047SNS8;A0A043UH79;A0A053TPD8;A0A050MVP0;A0A1Q1U0Q6;A0A040RCP0;A0A043LB51;A0A040HAI6;A0A047QYD4;A0A048SN23;A0A071T1B0;A0A056ZGH5;A0A053LBI2;A0A054APN4;A0A039XUJ6;E2UZY4;A0A057P5A7;A0A038WXZ3;A0A046NW21;A0A057XBW8;A0A049I5D9;A0A051IA40;D7ESP8;A0A046HAK1;A0A050YH88;A0A038N6F7;A0A052XNP5;A0A046FKV3;A0A050JAK3;A0A038ZGV6;A0A049G6U8;A0A050ZB38;A0A055VEW9;A0A041NCX6;A0A053WCW6;A0A038RB76;A0A055NLQ1;A0A041NHE1;A0A041WDP1;A0A041XYK9;A0A051ZHT7;A0A044RR80;A0A056Y5K5;A0A041FYL8;A0A046ZJW0;A0A049PMV1;A0A040GFN5;A0A045W7S7;A0A048R8I9;A0A049KLR3;A0A041FNH9;A0A043YUE6;E2VA50;A0A054UUV0;A0A054EM22;A0A056G3D0;A0A045MD59;A0A055UEN1;A0A052PDK4;A0A040RKU8;A0A043NWT6;A0A053ZFL3;A0A043WDQ4;A0A0H3MEU2;A0A043SG14;A0A052A8W2;A0A047HP68;A0A040CSS1;D6FWI9;A0A040K3Q1;A0A057RNE0;A0A050AKT1;A0A043XG85;A0A056HH57;A0A044VZG6;A0A052TIY0;A0A041KWM6;A0A055NUI5;A0A052YHU2;A0A058EGC9;A0A039LYY7;A0A043CJI5;A0A049GN40;A0A050IT95;A0A051FRA8;A0A052DG09;A0A053ZJH4;A0A050NU88;A0A041F424;A0A041MSB6;A0A071TWG1;A0A045A7A1;A0A055D4Y1;A0A051PF47;A0A039K9Z7;A0A039CEI6;A0A042VKK6;A0A056DKS0;A0A044LPP1;A0A057HP09;A0A041EGP6;A0A0G4E3V5;A0A7U4CA33;A0A057L9C3;A0A041RKR7;A0A056CVP8;A0A056PKN5;A0A044BRX2;A0A043KGI4;A0A042GCW9;A0A055IHV4;A0A041ATI8;A0A042ENK0;A0A049RSV7;A0A043KVH1;A0A041WK34;A0A044CLD5;A0A045RZC5;A0A052Q5F7;A0A040CF00;A0A048RI52;A0A043C2W1;A0A055M2L4;A0A054EX61;A0A053UNJ7;A0A058KI20;A0A058N1Z4;A0A048GFE9;A0A041J5J6;A0A045X1V2;A0A047UQB5;A0A048D7R9;A0A054IPN6;A0A039VW85;A0A051Y6R3;A0A048TSB6;A0A051A0G9;A0A041CEE1;E2WIZ8;A0A050CGK8;A0A051S759;A0A058BQ51;A0A057J6E2;A0A058NHY6;A0A053CXL2;A0A055VDA7;A0A039SEV4;A0A045Y4W9;A0A7U8TTQ9;A0A040EQ44;A0A042ZRF6;A0A1Q1RSN5;A0A051H6K9;A0A039BP29;A0A054JZC2;A0A041SFP4;A0A1Q1W8N3;A0A050H9J2;A0A046CAL5;A0A055A546;A0A057KXG3;A0A039Z210;A0A049G2M8;A0A038X8J7;A0A048JGS8;A0A1Q1WW58;A0A056K7B7;A0A044SX40;A0A054L4V4;A0A038WNS4;A0A049FI33;A0A039EIG1;A0A039YSZ8;A0A052DQ76;A0A053VSU5;A0A044IJ16;A0A042P1Z0;A0A057PRV5;A0A054RGQ0;A0A071X159;A0A057DLW0;A0A055GYJ0;A0A056BNU8;A0A039UAR5;A0A057CSS6;A0A041CMQ5;A0A039JV09;A0A046JX92;A0A056Z3Q1;A0A058S038;A0A054MQG1;A0A054TX93;A0A044GVB6;A0A058SET6;A0A1Q1ZRX1;A0A050R677;A0A0H3LF03;A0A7U8YLF7;A0A052SGE7;H8HU26;A0A055B4W7;A0A050W138;A0A043VIA7;A0A079KDS1;A0A045AQ55;A0A058HI48;A4KIU3;A0A052R9D5;A0A041ITV9;A0A042CDB0;A0A050CKM6;A2VJR2;A0A8E0E3K9;A0A056VBL9;A0A049Y2B1;A0A048XBJ7;A0A040PMR0;A0A058C2S0;A0A038XPN6;A0A040ABX0;A0A045R6P4;A0A071Q284;A0A071MUW6;A0A072B2T8;A0A045WG97;A0A042ABC4;A0A048WM73;A0A039KBN7;A0A041ZPP2;A0A050V126;A0A056AJF0;A0A046LLY4;A0A039R2I4;A0A042P251;A0A044M1C8;A0A051NB40;A0A038YD34;A0A040KN57;A0A1Q2BNF8;A0A046G8K1;E2TAT1;F8M0I0;A0A039J719;A0A7U9K4M7;T0DFA7;A0A053DJ83;A0A1Q1ZFP6;A0A047KFG5;A0A039A634;A0A053IG71;A0A056FHS3;A0A046ZDS1;A0A039GIJ3;A0A038VTM5;A0A048I7M0;A0A044XIB3;A0A041JPD5;A0A057ZA13;A0A045M5A7;A0A058FDM6;A0A045VSY1;A0A057FWE7;A0A056XEP7;A0A071PLD0;A0A042J8B0;A0A039RNZ1;A0A045YM48;A0A040D3J0;A0AAP5BWE8;A0A048AQH1;A0A043JCM2;A0A039SU11;A0A043JNK8;A0A071NYV6;A0A045UWF0;A0A048ARY9;A0A048ID87;A0A052KWC0;A0A051K0P0;A0A040V9J2;A0A050Z2R4;W6H0S8;A0A050RTL3;A0A052EEY2;A0A039FMP5;A0A056E2K9;A0A054XYE5;A0A052Z555;A0A050F4D2;A0A054Z543;A0A056L8D7;W8SZX6;A0A038V8X5;A0A046SKX9;A0A057V6D6;A0A042D868;A0A042DIK1;A0A043TZ50;A0A043L9J9;A0A040M051;A0A044NZN8;A0A053IE40;A0A048HGZ6;A0A044ZD73;A0A053P9V3;A0A051U104;D6FI64;A0A057C760;A0A043VQN0;A0A057ZJA5;A0A038TT15;A0A048Z5J4;A0A045KEZ3;A0A038SVQ0;A0A040SQE6;A0A038Q4B3;A0A039TME9;A0A055D2S3;A0A043Q5C3;A0A043ML50;A0A041I0E3;A0A051LWL0;A0A049M6D1;E2TZR3;A0A054HWY0;A0A044U687;A0A057DNF0;E9ZKT5;A0A042UN19;A0A044YRK7;A0A057MBB3;A0A042TWF7;A0A041L7C7;A0A053L4Q1;A0A041GXA9;A0A050VJK0;A0A054XQ55;A0A042FQ81;A0A052AGC1;A0A043FWB4;A0A053ETY5;A0A1Q2A2X8;A0A050ZHU2;A0A039BCC7;A0A053JZW7;A0A053PEY6;A0A046P1S2;A0A038MXY8;A0A049CE22;A0A1Q1S3P3;A0A043IBC7;A0A046SIN8;A0A046BU76;A0A047EBA3;A0A058PR15;A0A050HJZ4;A0A055I2N8;A0A058E2K1;A0A043YN30;A0A046RUX8;A0A050AWV6;A0A040DY48;A0A041YIF4;A0A058A4T5;A0A043X193;A0A046R4N2;A0A049U407;V2VQA1;W6GQ37;A0A040TZ02;A0A040DA77;A0A044YDN6;A0A051E9Q9;A0A051QQ85;A0A057E514;A0A046VA61;A0A048C112;A0ABX2VEB1;A0A044CGT1;A0A050LAN3;A0A049LLE5;A0A052B2N5;A0A040THQ4;A0A056GUL5;A0A054NSH2;A0A042ZCG9;A0A051FTT4;A0A052TTR6;A0A055RER0;A0A042IIB6;A0A089QU58;A0A039K8I3;A0A047ZSI0;A0A042UW05;A0A046ARN0;A0A057T8X4;A0A049SRA8;A0A054T706;A0A046M4T0;A0A042C7P5;A0A049NE17;A0A044JG51;A0A055YGI0;X8FV71;A0A039HMI3;A0A044KCI1;A0A042BRI0;A0A046ER74;A0A043REE7;A0A046PMM4;A0A050EKE4;A0A058AQD8;A0A040EI17;A0A052LI41;A0A047PWE7;A0A049V861;A0A045KNP8;A0A041YQ14;A0A048WXZ7;A0A039RF94;T5HCL6;A0A054J5H1;A0A045DBK7;A0A057NTT8;A0A053BVV5;A0A052K6T8;A0A055FS28;A0A054GJ87;H6SE12;A0A057BDY7;A0A046FXH3;A0A058JTR0;A0A079K4U8;A0A048JBJ8;A0A040XQL1;A0A042Q7F3;A0A039EDM3;A0A046F3P0;A0A071NN22;A0A040TN57;A0A045D5I1;A0A056M7S2;A0A057XW12;M9UQ89;A0A055L4T5;A0A048VD85;A0A039AHH3;A0A044XZV1;A0A047AD30;A0A071PP38;A0A042Z9E5;A0A049N399;A0A049QFQ3;A0A051LVX9;A0A048CJB8;A0A040BWM6;A0A054PZZ0;A0A052ZZR4;A0A046DY71;A0A056DTX1;A0A046FDZ9;A0A049WYE0;A0A7U4EBS6;A0A048AYI9;A0A040SLY6;A0A047AZN6;A0A052NW76;A0A042B452;A0A043Z815;A0A054A000;A0A044FMC1;A0A044PTN6;A0A047BF36;A0A0K2HXC8;A0A043PGA5;A0A054E3Z3;A0A055UJP5;A0A047YKY0;A0A8S8LQY7;A0A050ER64;A0A050EFL2;A0A056KT60;A0A042SRU3;A0A053VCT7;A0AAQ0F044;A0A051RUP8;A0A054HFR4;A0A042RIE4;A0A328GH88;A0A7U8YEL0;A0A038MMM1;A0A047P5V0;A0A041MA25;A0A043HFY1;A0A045C280;A0AAX1PUR8;A0A050QYU1;A0A053EJN9;A0A055PI20;A0A047FL13;L0NUN9;A0A053WH68;A0A047WJI0;A0A043IQG6;A0A056AD38;A0A049YXN3;A0A056K870;A0A057LE75;A0A039FTZ0;A0A052CJU2;A0A044WWT8;A0A051RB25;A0A044JII0;A0A040LDA5;A0A050SEG1;D5Y511;F9V4U5;A0A2T3UL67;A0A046IRP2;A0A055UU12;A0A042GL01;A0A048F6L3;A0A051BB17;A0A056N7K4;A0A047D5U8;A0A051NSH3;A0A049PDH3;A0A048W049;A0A043UUI1;A0A054SHN8;A0A047I583;A0A040ILH6;A0A039HFC2;A0A071XLB2;A0A043EY72;A0A046YGZ2;A0A040B2A1;A0A043AV24;A0A055MF83;A0A071N9V2;A0A048ZXH3;A0A049J549;A0A041XNH8;A0A053IHN6;A0A058BC02;A0A044PJY1;A0A044BIS6;A0A046B016;A0A056WUY1;H8F4J4;A0A054GIZ8;R4MKV6;A0A045XGE8;A0A8E0A8P1;A0A039FSP5;A0A043LSP0;A0A048MJ32;A0A058HND4;A0A053R2N0;A0A057GZ50;A0A040XBS2;A0A052YND4;A0A055ELR0;A0A052VRD0;A0A046AA89;A0A049Z289;A0A045K5C6;A0A1Q2ADX1;A0A045T9T0;A0A041QKL3;A0A058H2S0;A0A044N4I1;A0A040N2U4;A0A042TDW0;A0A045U7C4;A0A051SKT8;A0A048RNR4;A0A047PL81;A0A041AED0;A0A056BLR4;A1QTG3;A0A040AKR6;A0A053G3T4;A0A054WI66;A0A055Y0N6;A0A054C6H6;A0A043ZNW6;A0A047DZA4;A0A057ATU4;A0A057UYW9;A0A053NG30;A0A055M842;A0A072DG25;A0A053API5;A0A052M579;V2VMK2;A0A046DL27;A0A038Q646;A0A040H0W1;A0A048S110;A0A056CCA5;A0A057ND01;A0A038P2F0;A0A054VFN4;A0A1Q1QID0;A0A058FD19;A0A056SB04;A0A043ZZC1;A0A053N4X8;A0A071R0V5;A0A044G473;A0A038TD04;A0A042YE35;A0A054Y3Z3;A0A042I8D0;A0A056TNM3;W6HFX4;A0A051Q9I3;A0A058MTI2;A0A043DCT7;A0A043GVX7;A0A047JAU6;A0A056UU16;X8G2A0;A0A049CPX0;A0A052B0R5;A0A043WKY1;A0A053XP14;A0A046UP95;A0A053DKF5;A0A040NE93;A0A044I8V6;A0A056ID40;A0A048NRR7;A0A043E0X3;A0A043R1B7;A0A083W2Y2;A0A051DAM3;A0A042DS93;A0A051WHG8;A0A052M3M4;A0A040JRY7;A0A052E955;A0A057IA97;A0A041K995;A0A047CVU9;A0A047J6J0;A0A050JFW2;F2GK02;A0A038SGE2;A0A052X0H4;A0A044M6E1;A0A050X7W6;A0A042EIZ4;A0A081GCG5;A0A056GNK4;A0A044A9B8;A0A042SSI8;A0A057CFJ1;A0A054VBQ5;A0A057YMU2;A0A041LKK2;A0A054ABI2;A0A048BZ94;A0A047G4K4;E2W6Z5;A0A044UVK1;A0A046EE07;A0A053B9F6;A0A041UGV6;A0A043KMA8;A0A054IWS2;A0A044J2G8;A0A047M6X8;A0A057B5I8;A0A049J9D2;A0A044NUB5;A0A044Q5A9;A0A097ZYL7;A0A043DL88;A0A058RRG7;A0A058KWE8;A0A050TKC1;A0A050TPG8;A0A054SS73;A0A046U0H4;A0A038P2T2;A0A053BJK9;A0A056RD01;A0A043YAA6;A0A056C854;A0A044E3X8;A0A045TSH2;A0A045Z176;A0A047E0C8;A0A048MTG9;A0A057IXQ6;A0A051MEX4;A0A057WJ08;A0A054ZFX3;A0A045BVT7;A0A054CWH9;A0A046WEP5;A0A045UM02;A0A056SM42;A0A043TCL3;A0A052MSQ0;A0A044N1T0;A0A1Q1Q767;A0A071UVN7;E2VJG2;A0A052X3R8;A0A046HKI3;A0A053V7N2;A0A039D529;A0A058CD96;A0A044ZN71;F7WT28;A0A1Q1XIL1;A0A047NMR6;A0A040X798;A0A050E6T4;A0A051TBG0;A0A9P2M4G7;A0A058G3N8;A0A038QM54;A0A054FFK4;A0A051EWH2;A0A049LB70;A0A041SUJ9;A0A039M3Z5;A0A044SF57;A0A044WYN1;A0A049TU59;A0A052WF95;A0A040KMN2;A0A039BXD3;A0A045VD01;A0A829C2B2;A0A048E2L0;A0A052FMY7;F7WDW9;A0A057MT15;A0A047VVQ4;A0A040MEA0;A0A046UZS2;A0A042RI03;A0A055P123;A0A052NB72;A0A047Y3L6;A0A041BKB5;A0A053X6F1;A0A046N9V4;A0A051AKY0;A0A057G1W3;A0A051BLM6;A0A057A1B0;A0A058AT19;A0A7V9W9H2;A0A051PJY9;A0A042WX03;A0A055EXF4;A0A051Y033;A0A056W5U0;C6DPP0;M8DFH4;A0A055PUJ6;A0A039QJ80;A0A040P756;A0A039NRT4;A0A042MKL6;A0A047H016;A0A051MHS8;A0A048KAS7;A0A048LB18;A0A071ZC55;A0A052SDM2;A0A049ANU4;A0A048ZXM0;D6F5U9;A0A050BDZ4;A0A052RPZ7;A0A058DDK5;A0A041D185;A0A054RL58;A0A046YU20;A0A046I5Q2;A0A049L9N4;A0A055XKK2;A0A050GJZ9;A0A050UBY9;A0A054TM13;A0A048NAJ3;A0A052CYA4;A0A074S9P1;A0A043V3J3;A0A039XYT2;A0A043S6T0;A0A045MXX4;A0A041TQY2;A0A042HHC2;A0A071YTN4;A0A043MK11;A0A054MM00;A0A038Z1M2;A0A039L6N7;A0A051CNJ4;A0A047C124;A0A049W2A4;A0A057D058;A0A043B533;A0A057GKK4;A0A046ZV29;A0A057W7P4;A0A045L3H4;A0A048FMS1;A0A043TJ48;A0A041X0Y0;A0A1Q1VLH8;E2VVS3;A0A0K8KSC2;A0A038NPH3;A0A048I405;A0A041TU78;A0A052FAT7;A0A057T3A9;A0AB72XLF8;A0A039I3N1;A0A057LXC0;A0A053PY28;A0A049XLF8;A0A054R7D2;A0A051K3L2;A0A072AQL4;A0A045PES8;A0A040Q9J2;A0A050AJ57;A0A049KE69;A0A038XJ56;A0A049VN30;A0A057VUU5;A0A051K6C6;A0A043SZ93;A0A057EW91;S5F6H0;A0A050JRM2;A5WPE0;D5XUT4;A0A045ZH03;A0A050C8H1;A0A054QKI2;A0A052C0G5;A0A039L8G7;A0A046BRS1;A0A045R7L5;A0A051E5N3;A0A051HRL1;A0A044H480;A0A056RV39;A0A048NC56;A0A047G5S6;A0A057PF95;A0A044HB03;A0A055STE8;A0A040KDV6;A0A049MKW2;A0A041C9U9;A0A0F7QAE3;A0A039QAY6;A0A047EYW6;A0A1Q1TPH8;A0A047T6Y3;A0A041HZT8;A0A055G3N4;A0A044R6H5;A0A052QRB7;A0A046CM29;A0A071UZ92;A0A1R3Y0H2;A0A042NDQ3;A0A055AJ22;A0A055BRB1;A0A055EAT4;A0A051XH60;A0A041KVI2;A0A058IFJ5;A0A048Y5C7;A0A038YN27;A0A055K2P9;A0A056X8U0;M1ILY0;A0A055KPH7;A0A052JR99;A0A041VH65;A0A050Q2S0;H8HMY0;A0A045FCZ0;A0A045GVP7;A0A056B2Z5;A0A058L6Y1;A0A041E919;A0A057S8M4;A0A058FT35;A0A041GLE8;A0A1Q1T2P2;L7N553;A0A038S3N1;A0A053F978;A0A047LKI2;A0A048C579;A0A053DXH6;A0A049BI31;A0A047MGX9;A0A052K440;A0A047N9L1;A0A040F5E6;A0A056NXF2;A0A057XD53;A0A042DUX1;A0A071ZL90;A0A053T5W0;A0A051GMM4;A0A044XQ56;A0A071S6L9;A0A049QV01;A0A041V3L9;A0A057YAL3;A0A040ZA04;A0A055SJ24;A0A051SX89;A0A051DMG8;A0A042MGE1;A0A039N0S0;A0A071WVC0;A0A039ETS5;A0A044L1V1;A0A049IAP3;A0A045ZAQ0;A0A054LEV8;A0A042W3P1;A0A045LLP9;A0A050K4E1;A0A071Y7Z4;A0A054KLP2;A0A039DG18;A0A052WMG1;A0A048U310;A0A054G3N6;A0A050MSD9;A0A046GTA9;A0A056WGI8;A0A053F414;A0A046JBY7;A0A056PXD1;A0A042QQL7;A0A050VH39;A0A058DJ86;A0A045PC81;A1KKL1;A0A039FNS6;A0A047B4K5;A0A041VPT5;A0A046I8F5;A0A053M031;A0A057RF39;A0A042WJJ9;A0A053JKI4;A0A048USD5;A0A053SKA8;A0A057Q3K3;A0A047VYN2;A0A053XU53;A0A040VE82;A0A1Q1Y5T3;A0A039U825;A0A050ICI4;A0A056IY45;A0A040VK87;A0A050NFH0;A0A044FM36;A0A071U8W6;A0A050SSF1;A0A038LAG4;A0A050LS45;A0A049S927;L0Q8F3;F2V2D9;T5H5U6;A0A038ZWS1;A0A046YE01;A0A038PKC1;A0A1Q2B1C0;O53504;A0A047V8A9;A0A071VVT6;A0A056HV85;A0A055S487;A0A042V9J1;A0A057R2Z4;A0A041Y2Z1;A0A042G735;A0A039W785;A0A052VGG5;A0A053GCJ6;A0A038MC91;A0A053N002;A0A039PW43;A0A040UM64;A0A052Q1J4;A0A055ZA16;A0AAW8I7F1;A0A052DC90;A0A048KSP8;A0A050HAD8;A0A056SSP4;A0A044QNL2;A0A048EYC2;A0A048PF11;A0A057A1W5;A0A039PGJ1;A0A041P509;A0A049UPK5;A0A041LRH4;A0A057AEW1;A0A038F9F6;A0A057K0A3;A0A044R906;A0A052FH32;A0A049SW31;A0A052EV30;A0A040AEL9;A0A043AIN7;A0A051RMY0;A0A042K0S7;A0A043GFB2;A0A048G5L3;A0A057BIL3;A0A058JCJ6;A0A042REA9;A0A038LSL9;A0A042N1B8;A0A046PTX0;A0A049YA42;A0A040WDR1;A0A055DM38;A0A046CHU8;A0A045ZX40;A0A044K237;A0A047F194;A0A052LGE0;A0A050WZH8;A0A043V0T3;A0A042NF18;A0A053A8U2;A0A042I2M3;A0A050FLI2;A0A058EH06;A0A1Q1YGY6;A0A052Y7M7;A0A051D4I9;A0A055G3U6;A0A058A886;A0A048D3S8;A0A056U6S9;A0A049ENX9;A0A047TP81;A0A043ING6;A0A057UES1;A0A048HIZ0;A0A053FKM7;A0A041E5M4;A0A049ZCL4;A0A048LXW9;A0A048U4Q9;A0A047PJ04;A0A052UKU8;G2UW21;A0A040JFS9;A0A052XIF9;A0A053KRM1;A0A050MNB4;A0A048J942;A0A040G0N0;A0A054LC32;A0A040INN5;A0A1Q1R5I3;A0A049J995;A0A048JVI1;A0A053Y8U9;A0A051ULS8;A0A055ZZD5;A0A079KIK2;A0A047MMV4;A0A049TF45;A0A051QGD0;A0A054DWY1;A0A054G0M8;A0A057EQC6;A0A041U9Z9;A0A057TUH1;A0A071WGS5;A0A046KPN0;A0A046VWY2;A0A052UJP3;A0AB74LLQ8;A0A048TEX3;A0A045PMX6;A0A040Z647;A0A047TNB6;A0A051TA46;A0A042XUK0;A0A048Q3A7;A0A1Q1VXR5;A0A043N5N0;A0A052RZW5;A0A041TBD8;D5Z536;E1HAY0;A0A055XW19;A0A043BDE9;A0A047WU23;A0A056NN66;A0A050R2R2;A0A046NZF3;A0A058JGD1;I1SDT6;A0A045UFR9;A0A049DQD7;A0A051B7X4;A0A052BNT0;A0A044L453;A0A043P191;A0A049HR98;A0A058PDT7;A0A501P196;A0A1Q1SF18;A0A050PKG3;A0A052U510;A0A042TRR1;A0A049RUS7;A0A055IDK6;A0A053HSI7;A0A039E085;A0A054DH19;A0A038QI04;A0A047KJU4;A0A071S6K0;A0A043HJV7;A0A055AAE8;A0A052TEI6;A0A058CX54;A0A048FH63;A0A048YFH2;A0A055WNQ0;A0A071XVG0;A0A058H5T7;A0A049BP83;A0A038S158;A0A043F157;A0A049GRN7;A0A057FB07;A0A055SZ01;A0A046XUR6;A0A1Q1UBN6;A0A050WJ76;A0A048Q5B6;A0A051ZUC4;A0A047S8L4;A0A048GE27;A0A050B7J7;A0A056N1L4;A0A042JQB6;A0A039M1I0;A0A039UBZ9;A0A050S964;A0A053SNM3;A0A055LE81;A0A050GGU7;A0A7U4DAX7;A0A056YNI0;A0A055TX58;A0A048V4V8;A0A056JLK1;A0A053RFP6;A0A058HZW7;A0A045RPA0;A0A047QSC3;A0A071UEX5;A0AAC8LJD5;A0A055W020;A0A057S1B2;A0A1Q1XUY6;A0A055ZMW0;A0A048QJB1;A0A047LW80;A0A039V2Q2;A0A045I470;A0A049NQ91;A0A040PR44;A0A051FJH3;A0A051F8W9;A0A056QG55;A0A041B686;A0A055J1E2;A0A8D9ZWU8;A0A056MGM8;A0A071YIA1;A0A047SWQ7;A0A040F9T3;A0A054M3S3;A0A039YRC1;A0A039CQA3;A0A047FFB5;A0A054X950;A0A056CW35;A0A038ZLX3;A0A040LKQ4;Q7D7F4;A0A039TDH0;A0A042Q3L7;A0A046JNS2;A0A057GBM6;A0A041FX29;A0A044VZP8;A0A053C718;A0A056H2K8;A0A058Q5E1;A0A071R2U9;A0A055C8X2;A0A039ANX5;A0A044KP90;A0A1Q1WKB9;A0A049E4G4;A0A049TQF9;A0A054PUA7;A0A043F8T4;A0A047C2R2;A0A054GZ47;A0A040SDJ7;A0A045Y593;A0A054DIF4;A0A051YYE8;A0A051X687;A0A051LF22;A0A053NLZ7;A0A042W9M6;A0A043C3N9;A0A055XAU2;A0A056E6J4;A0A7U4J2Q0;A0A048P7S6;A0A039RZQ5;A0A054KHM0;A0A045AZX1;A0A071VQR3;A0A042ISD8;A0A049UBL7;A0A045LMQ4;A0A054MHP8;A0A050QIN5;A0A043G0Y4;A0A045A4B4;A0A046E641;A0A045B7J4;A0A039ZD81;A0A053S293;A0A047JBY2;A0A039MS13;A0A043Y2X6;A0A042BI76;A0A054QF12;A0A041QDV8;A0A055WWW5;A0A041S5J3;A0A054SBD8;A0A058N765;A0A1S1BBE7;A0A038VCZ5;A0A051MY15;A0AAU0Q0K4;A0A043GS51;A0A049PII6;A0A039NJP3;A0A042WQ22;A0A053C0Y9;A0A4U7MHT1;A0A051R1X1;A0A054UHG5;A0A049END3;A0A043QSX9;A0A048KE94;A0A048F051;A0A055JDC1;A0A039SDV3;A0A053X639;A0A0B6TCC5;A0A055Q7Q4;A0A056RPH4;G7QYP2;A0A058LKE8;A0A051GKI1;A0A053S7W0;A0A047CNY9;A0A041A3B2;A0A043RQG0;A0A041FH90;A0A050XZQ8;A0A054AYZ3;A0A054ZNT6;A0A051A7Y0;A0A045GGX1;A0A048SE14;A0A054R2W9;Q7TYY9;A0A041NHG4;A0A045SQM7;A0A038RRC4;A0A041SFI5;A0A046HZ24;A0A055QTY0;A0A7U4JXM4;G2N6M8;A0A056JNB3;A0A039DIT7;A0A048MPC3;A0A044C6C2;A0A043PQW0;A0A042SJS2;A0A055TJI1;A0A049BAQ1;A0A045PYP9;A0A044VTR4;A0A1Q1QUE2;A0A044CR73;A0A054HX97;A0A050CYL1;A0A046TFW2;A0A040I3W7;A0A041DBP7;A0A046H517;A0A051VFM3;A0A048YL31;A0A058RBG3;A0A039JE59;A0A046TWU9;A0A056TJZ2;A0A042F354;A0A046MBR6;A0A042FBF9;A0A042AEY3;A0A040NUC4;E2UB41;A0A055S0Z6;A0A056LLG8;A0A054CV45;A0A051J1Z4;A0A043K2P3;A0A045CBM1;A0A051NSW9;A0A042ATI0;A0A050FRG9;A0A041RLD5;A0A056R0F7;A0A040RNV2;A0A053U919;A0A054XYW7;A0A056UJP3;A0A050KE76;A0A056VUF2;A0A041W189;A0A047KDF0;A0A046WGB4;A0A052G5N1;A0A057K1J2;I6Y008;A0A049XZB5;A0A047XM23;A0A056XV52;A0A051UZN7;A0A042LE17;A0A052QLW6;A0A047UMN0;A0A039NUS3;A0A039XAK8;A0A058CYR7;A0A045N1A6;A0A055QEP7;A0A071XA05;A0A072BEC1;A0A071Q3G4;A0A054WI99;A0A049RCE9;A0A197IVB5;A0A044DHV5;A0A056QI24;A0A045VQ16;A0A050NM77;A0A042UFH0;A0A057M5R9;A0A054NBZ1;A0A046QUX5;A0A050DPV1;A0A040YVP3;A0A1Q1UN00;A0A053TKC6;A0A049IUU9;A0A045S112;A0A045T438;A0A056VH29;A0A047YLG8;A0A060GMB8;A0A054U3G0;A0A041HSL1;A0A042CTM7;A0A053TV85;A0A1Q1Z4M5;A0A052MM27;A0A045DP78;A0A053H1X3;A0A058MS89;D5YRX6;A0A058S222;A0A049QF71;A0A049W5N9;A0A1Q1X7B0;A0A047G903;A0A049F3U9;A0A050I9Z3;A0A045JCF9;A0A052PGB5;A0A039PV33;A0A1Q1UZ98;A0A053KXS3;A0A057QF52;A0A044TJN9;A0A0E0YQM8;A0A050UMT5;A0A057YZN0;A0A048UJC2;D5YGZ9;A0A041R5D9;A0A806JM04;A0A040QUN4;A0A046MQ33;A0A046QQ92;A0A055YNQ8;A0A039GQE4;A0A039X0S3;A0A071QE69;A0A043DHY6;A0A049WXL9;A0A044GH29;A0A054PC70;A0A055BV48;A0A071V7Z3;A0A049MP35;A0A051WRD8;A0A1Q1SQY3;A0A050WFQ0;A0A049D115;A0A055JYV0;A0A044AQ54;A0A055N7C3;A0A071RWK1;A0A8S7LM14;A0A044S045;A0A050PXL6;A0A052GRN2;A0A058K414;L0QJR3;A0A053YMZ4;A0A039V305;G0TMU0;A0A042M578;A0A049JIP2;A0A057JEL5;A0A046XU20;A0A040M8R9;A0A050M8J0;A0A053CSW9;A0A046TVL0;A0A050UEB8;A0A047ZYA3;A0A057I8V1;A5U4J7;A0A051XQZ3,131567,cellular organisms,Unresolved,Unresolved,True,False,False,False,7725A5E39F88D9C1,0.997768819,0.98311585187912,34
1714,5F1B7ABE7B072C81,2564,UniProtKB/Swiss-Prot (reviewed representative),UPI00028D845F,K3VA96;K3VA96,101028,Fusarium pseudograminearum,Eukaryota,Ascomycota,True,True,True,False,5F1B7ABE7B072C81,-0.001725083,0.9830288290977478,35
3174,4E19AC4AC18E0AF5,318,UniProtKB/Swiss-Prot (reviewed representative),UPI00005CF6BA,A4Y589;A1RLI0;A0ABX8XF72;A2V1N7;A0A8G0TZC1;A4Y589;A1RLI0;A0A811SZF6;Q2WYU6;E6XRX0;Q2ZWY9,22,Shewanella,Bacteria,Pseudomonadota,True,True,True,False,4E19AC4AC18E0AF5,0.99673003,0.9823693633079528,36
2862,4E19AC4AC18E0AF5,318,UniProtKB/Swiss-Prot (reviewed representative),UPI00005CF6BA,A4Y589;A1RLI0;A0ABX8XF72;A2V1N7;A0A8G0TZC1;A4Y589;A1RLI0;A0A811SZF6;Q2WYU6;E6XRX0;Q2ZWY9,22,Shewanella,Bacteria,Pseudomonadota,True,True,True,False,4E19AC4AC18E0AF5,0.99673003,0.9823693633079528,36
94,F4A6EC728782E18A,4011,UniProtKB/Swiss-Prot (reviewed representative),UPI00022A91D3,G2Q9A5;G2Q9A5,573729,Thermothelomyces thermophilus (strain ATCC 42464 / BCRC 31852 / DSM 1799),Eukaryota,Ascomycota,True,True,True,False,F4A6EC728782E18A,-0.004142596,0.9819255471229552,37
8940,7ADFF5AA3F6BFB1A,292,UniProtKB/TrEMBL (unreviewed representative),UPI00019F0D34,C2AKW5;D5UXA4;D5UXA4,2061,Tsukamurella paurometabola,Bacteria,Actinomycetota,True,False,False,False,7ADFF5AA3F6BFB1A,-0.000188055,0.9816734194755554,38
2839,54D6837FBF8E0016,375,UniProtKB/Swiss-Prot (reviewed representative),UPI0000EAFAD2,A1KCN1;A1KCN1,418699,Azoarcus sp. (strain BH72),Bacteria,Pseudomonadota,False,True,False,False,54D6837FBF8E0016,0.360612869,0.9813489317893982,39
4999,02FCC398ACBB7C9D,216,UniProtKB/TrEMBL (unreviewed representative),UPI00000009A6,S3LFE3;H6LNX0;I0N966;E9RJ84;L2HK88;I0NWG7;B2IQC4;I0NQQ6;S4VCJ8;A0A7U4AY79;S7XJE1;B1IBV4;A0A5C1K4Z8;A0A1I4I6R8;A0A1U7PGU9;A0A8F5PHX4;L2GY28;L8AS81;B8ZK80;Q7BMF7;R0N9J4;E0TN03;P00485;H7KT25;H7L961;G6NU19;H7MV49;G6PTE1;A8VHS9;A0A0U4LFW2;G6NKU5;S4VCK1;B6ZCC8;A0A0D6X503;A0A087ERC8;A0A0X8UV08;S4VFA7;G6N4V3;A0A7L6BH43;A0A218MJL7;G6SLV2;H7LF97;H0AG01;A0A7D6MN66;G6P5D9,28384,other sequences,Unresolved,Unresolved,True,True,True,False,02FCC398ACBB7C9D,0.995960057,0.9804720282554626,40
6846,A98E9D2C0CA5AC28,375,UniProtKB/Swiss-Prot (reviewed representative),UPI000048FB4F,Q5P4R1;Q5P4R1,206389,Rhodocyclales,Bacteria,Pseudomonadota,True,True,True,False,A98E9D2C0CA5AC28,0.852239966,0.9803923964500428,41
3931,F9C552AEC8534F25,393,UniProtKB/Swiss-Prot (reviewed representative),UPI00017195D7,B2AGC8;B2AGC8,164546,Cupriavidus taiwanensis,Bacteria,Pseudomonadota,False,True,False,False,F9C552AEC8534F25,0.308628857,0.9801968932151794,42
1231,3E263C74A3A52B5D,2605,UniProtKB/Swiss-Prot (reviewed representative),UPI000F0C1AC9,A0A3G1DJH7;A0A3G1DJH7,1828523,Phoma sp. (strain ATCC 20986 / MF5453),Eukaryota,Ascomycota,True,True,True,False,3E263C74A3A52B5D,-0.004081677,0.978526771068573,43
4701,DC26C7A6D7B5C560,226,UniProtKB/Swiss-Prot (reviewed representative),UPI00018C23DC,C5CP20;B7YNI2;C5CP20,34073,Variovorax paradoxus,Bacteria,Pseudomonadota,False,True,False,False,DC26C7A6D7B5C560,0.83626157,0.9780454039573668,44
583,D3E04435030E5CAD,4007,UniProtKB/Swiss-Prot (reviewed representative),UPI0000F51CF3,Q4WAZ9;Q4WAZ9,330879,Aspergillus fumigatus (strain ATCC MYA-4609 / CBS 101355 / FGSC A1100 / Af293),Eukaryota,Ascomycota,True,True,True,False,D3E04435030E5CAD,-0.004750265,0.9779056906700134,45
6090,350B49A02511681F,399,UniProtKB/Swiss-Prot (reviewed representative),UPI00004C88AC,Q2P3Z2;Q5H124;A0A7T4SPA2;A0ACG7R4V1;A0A0J9WX68;A0A2K1NJ05;A0A365SBF8;Q5H124;A0A1S6PJG6;Q2P3Z2;B2SNA1,347,Xanthomonas oryzae,Bacteria,Pseudomonadota,False,True,False,False,350B49A02511681F,0.032323122,0.9769544005393982,46
6746,350B49A02511681F,399,UniProtKB/Swiss-Prot (reviewed representative),UPI00004C88AC,Q2P3Z2;Q5H124;A0A7T4SPA2;A0ACG7R4V1;A0A0J9WX68;A0A2K1NJ05;A0A365SBF8;Q5H124;A0A1S6PJG6;Q2P3Z2;B2SNA1,347,Xanthomonas oryzae,Bacteria,Pseudomonadota,False,True,False,False,350B49A02511681F,0.032323122,0.9769544005393982,46
8143,E99AD8C33B45EBE2,5369,UniProtKB/Swiss-Prot (reviewed representative),UPI000011020A,Q9R9J0;Q9R9J0,1423,Bacillus subtilis,Bacteria,Bacillota,True,True,True,False,E99AD8C33B45EBE2,0.087339103,0.9761930108070374,47
1852,54C10F5F6990F6FD,290,UniProtKB/Swiss-Prot (reviewed representative),UPI00001260D2,P50293;A0A1U7Q2H3,10035,Mesocricetus,Eukaryota,Chordata,False,True,False,False,54C10F5F6990F6FD,0.995466888,0.976186454296112,48
2717,9D04FC9722B78DF0,317,UniProtKB/TrEMBL (unreviewed representative),UPI0000E68D72,A0A0G3C6Y6;A0KFJ6;A0A0S3BNX9;A0A9E8VSL8;A0A454GAF7;A0A7U4RVE1;A0A1U6Y4R7;R4V8N1;A0A023S1Y2;A0KFJ6;X5HU89;A0A2R4U0D0;A0A1X4ISI8;A0A346ZYK9,642,Aeromonas,Bacteria,Pseudomonadota,True,True,True,False,9D04FC9722B78DF0,0.994957626,0.9756880402565002,49
3119,1BC70254F7EFA6C9,316,UniProtKB/Swiss-Prot (reviewed representative),UPI00015021DC,A4TLS3;A0A0K0Z4I2;A0AAN0U0K0;A0A0K1ANX7;A0A0K1CIU5;A0A0B6QH08;A4TLS3;A0A0K1B3I3;A0A2T9RK20;A0A0L0EED2;A0A1Y2RX24;A0A0K1BKJ9;A0A0L0DZJ5;A0A0B6G6R0;A0A0K1BY04,632,Yersinia pestis,Bacteria,Pseudomonadota,True,True,True,False,1BC70254F7EFA6C9,0.04555114,0.9754881262779236,50
4951,CBB74AE4DF08F63C,499,UniProtKB/TrEMBL (unreviewed representative),UPI00000B5D8B,M9XXL0;O52196;O52196;C1DP88;M9YGI6;A0A1K2BSU5,352,Azotobacter,Bacteria,Pseudomonadota,False,True,False,False,CBB74AE4DF08F63C,0.994556129,0.9752058386802672,51
5432,002F93B8CE52870B,210,UniProtKB/TrEMBL (unreviewed representative),UPI000012508A,A0A097M175;A0QPK9;I7G383;A0A0C4NAN3;A0A097LH83;P94968;A0A653FJU2;P94968,1762,Mycobacteriaceae,Bacteria,Actinomycetota,False,True,False,False,002F93B8CE52870B,0.848333776,0.974850594997406,52
2192,4CD5C02C4D322E2B,3930,UniProtKB/Swiss-Prot (reviewed representative),UPI00002358B0,Q5ATG8;Q5ATG8;C8VEB3,227321,Emericella nidulans (strain FGSC A4 / ATCC 38163 / CBS 112.46 / NRRL 194 / M139),Eukaryota,Ascomycota,True,True,True,False,4CD5C02C4D322E2B,-0.00629089,0.9747411608695984,53
1035,9821218EFF8E8AD8,173,UniProtKB/TrEMBL (unreviewed representative),UPI00000C36DD,J1WKL0;K2VWE5;G6Z0W6;K2TVT2;Z7LIZ9;C2IG44;M0PT53;L7DQQ5;M7LWS4;J1WTI4;A6A028;C3NZ11;A0A0K9UVV2;L1S268;F9BLA4;A0A0P0GH24;K2XFG5;M7HK27;J1CL26;A0A081IT42;A0A4S3QQX9;L1U6B0;J1VRP7;K5LQX2;K5K6G9;H8K1Z8;L8QW72;G7C1Z1;F8ZQM9;K2WXZ2;C6YGR9;M7FHA1;M7IJ71;A0A0H3AFB6;A0A0K9U1I8;C3LWL1;L8T4C4;A0A0L1Q1Z0;Q9KL03;J2A3S9;M7I487;M7L3S7;A1F3M9;K5SIX6;F9CCZ4;A6XQP3;K5NZZ0;A0A0K9TWK9;A0A366ASF6;G7B293;K5LLI7;K5U4S0;K5KRK4;A0A2L2MBX3;A0A0K9UDV6;K5MMR6;K5M511;A0A211I7S6;F9BFU0;M7GQQ1;A0A0L1PF96;K2THP8;L1S1W4;F9AN25;M7HTH9;G7BCQ6;A0A171JSN8;J1WXC5;K5N984;A2PRH4;J1E832;K2USE9;L1UW67;Q9KL03;A0A0L1PKU2;A3GW00;F8YTW5;M7G866;F9AWK6;L1QV55;A0A6M4W613;M7LCN8;K5PSH1;C2C837;K5M1J8;G6ZMG4;A0A7U8WRN8;L8SAJ5;A0A366A3C7;J1VX49;K5LWZ0;J1NZU4;A0A0K9UUG9;K5Q2M0;J1M2D4;A0A124JEV8;D7HBJ8;F9A5L8;J1ZR64;L1T1F0;F8ZGG5;L8R8G7;L8TGM0;A3EHF0;C2I8L8;D0HNS4;K2UC37;M7IEM6;A0A0H3Q2W2;A3E974;J1M535;K2WZC5;A0A071LKC9;A0A6M4VUU3;K2WIT8;K5T4Y7;L8STD6;U7E9U1;K5R2U6;L1UU95;K7RXV9;K2UUV9;K5SKD9;G7AIN2;J1ZCT2;A0A220TDL7;A0A0E2Y7X9;C2ISZ4;A3GN44;G6ZJY5;L1SYB1;D0H7G6;L1UC30;M7LDC1;K2VRB9;K5T4A8;M7HFH8;A0A2U0RS95;A0AAU8WPQ7;A0A6A2X1H9;M7GFY2;F9BY89;L8QKS5;M7FD60;K5S3N8;F8Z4F8;A0AAQ0G4T1;A1EJF9;G6ZXU8;L8RCV3;M7K869;M7J065;M7KDN0;A0A016XBC7;A0A0X1L102;A0A171JHX9;G7BIT9;F2IT42;K5LB66;C6S1E7;J1Z705;M7L7P3;A0A0F2LJ01;M7J0N2;G7ACS1;G7BRA1;K5RTS1;M7JZ45;K2W9X8;L1S0J1;G7TY22;A5F0W4;M7HZT6;J1EPM0;K5SKU5;L8SIL0;C2JB23;A0ABD7FX39;A0A068PE82;D7HNN3;J1XU47;L1TKA5;A2PBW8;K5MLY5;J1MSL4;K2WTB8;L8RTP5;M7LIL9,3379134,Pseudomonadati,Bacteria,Unresolved,False,True,False,False,9821218EFF8E8AD8,0.997166574,0.9739858508110046,54
7918,3E58E705F615EC39,368,UniProtKB/TrEMBL (unreviewed representative),UPI00000CC2B3,E3YWF2;A0A476UY54;A0ACH1DAW3;A0A2X1SY82;Q92E58;A0A6Z6S9Q7;A0A458VBW7;Q92E58,131567,cellular organisms,Unresolved,Unresolved,True,True,True,False,3E58E705F615EC39,0.738299251,0.973027765750885,55
1721,5B02176572779AB3,3974,UniProtKB/Swiss-Prot (reviewed representative),UPI0002B7AE5D,M2YKT6;M2YKT6,675120,Dothistroma septosporum (strain NZE10 / CBS 128990),Eukaryota,Ascomycota,True,True,True,False,5B02176572779AB3,-0.00471971,0.9728403687477112,56
4689,65472087189C6D0B,309,UniProtKB/Swiss-Prot (reviewed representative),UPI000162ADBB,C5BF07;A9YRV9;C5BF07,67780,Edwardsiella ictaluri,Bacteria,Pseudomonadota,True,True,True,False,65472087189C6D0B,0.996015489,0.9724618196487428,57
68,1199AAFDC0D969CD,374,UniProtKB/Swiss-Prot (reviewed representative),UPI0001C49702,D2Z028;D2Z028,1914,Streptomyces lavendulae,Bacteria,Actinomycetota,False,True,False,False,1199AAFDC0D969CD,0.997246182,0.9722298383712769,58
1152,E1E3CAB6E99C85F0,4037,UniProtKB/Swiss-Prot (reviewed representative),UPI0004F7E367,A0A089FSA4;A0A089FSA4,1547289,Fungal sp. (strain NRRL 50135),Eukaryota,Fungi,True,True,True,False,E1E3CAB6E99C85F0,-0.005240365,0.9720848202705384,59
1949,D9C9277C4CC84F42,2438,UniProtKB/Swiss-Prot (reviewed representative),UPI0000E2DB2D,Q0C9L7;Q0C9L7,33178,Aspergillus terreus,Eukaryota,Ascomycota,True,True,True,False,D9C9277C4CC84F42,-0.00599831,0.9713537096977234,60
8934,815EB6B3236F458F,308,UniProtKB/TrEMBL (unreviewed representative),UPI00019B8B6F,C0UJA3;D0L3V5;D0L3V5,2054,Gordonia bronchialis,Bacteria,Actinomycetota,False,False,False,False,815EB6B3236F458F,0.160644054,0.9711495041847228,61
8975,0193F74556B1EBE7,177,UniProtKB/TrEMBL (unreviewed representative),UPI00000605E3,A0A6H0H405;A0A7G5CHL1;A0A060J4N3;A0A7G9P7C5;O64026;M1UMZ4;A0AAU8V5C8;A0A3E1U0K0;A0A164XGI9;A0A0A1LYQ0;A0A060J2S1;A0A0A7GNS1;A0A7Z2C9F0;A0A0M0HI10;A0AAP5FM16;A0AAX1ERE9;M2W4J9;A0A0A1SUL7;A0AAE3WUF7;O31995;O31995;A0A6M3ZDI5;A0A7H0X9H1;A0AAE2SLN4,186817,Bacillaceae,Bacteria,Bacillota,False,True,False,False,0193F74556B1EBE7,0.997843155,0.9709153771400452,62
5193,FA7AB26572AD7EC0,209,UniProtKB/Swiss-Prot (reviewed representative),UPI0000127042,P36883,1280,Staphylococcus aureus,Bacteria,Bacillota,True,True,True,False,FA7AB26572AD7EC0,0.995585024,0.9704790115356444,63
1183,38D289BA42FFEFB3,2625,UniProtKB/Swiss-Prot (reviewed representative),UPI0007238A42,A0A0S6XH49;A0A0S6XH49,1603295,Dothideomycetidae sp. (strain 11243),Eukaryota,Ascomycota,True,True,True,False,38D289BA42FFEFB3,-0.003137284,0.970474898815155,64
1457,16BFAE61F129FD96,451,UniProtKB/Swiss-Prot (reviewed representative),UPI0001650DC0,B0TZM4;B0TZM4;A0A0B6CUQ0,28110,Francisella philomiragia,Bacteria,Pseudomonadota,False,True,False,False,16BFAE61F129FD96,0.003528123,0.969845712184906,65
6474,DEE47D39E5010A57,224,UniProtKB/Swiss-Prot (reviewed representative),UPI00014FE0EC,Q4A729,2109,Mycoplasmopsis synoviae,Bacteria,Mycoplasmatota,False,False,False,False,DEE47D39E5010A57,0.994464815,0.9696635603904724,66
1854,AB6477F3DA3B0A9E,290,UniProtKB/Swiss-Prot (reviewed representative),UPI0000001589,P50296;Q546K5,32630,synthetic construct,Unresolved,Unresolved,False,True,False,False,AB6477F3DA3B0A9E,0.996731818,0.9696505665779114,67
4169,D3805A86E144758A,389,UniProtKB/Swiss-Prot (reviewed representative),UPI00017F6DD9,B5ELF7;B7J3Y7;A0A2W1K7D0;B5ELF7;B7J3Y7,3379134,Pseudomonadati,Bacteria,Unresolved,True,True,True,False,D3805A86E144758A,0.212522686,0.969577431678772,68
4310,D3805A86E144758A,389,UniProtKB/Swiss-Prot (reviewed representative),UPI00017F6DD9,B5ELF7;B7J3Y7;A0A2W1K7D0;B5ELF7;B7J3Y7,3379134,Pseudomonadati,Bacteria,Unresolved,True,True,True,False,D3805A86E144758A,0.212522686,0.969577431678772,68
1202,2DDD4445E9C160F8,2429,UniProtKB/Swiss-Prot (reviewed representative),UPI000924E015,A0A1L9WQM9;A0A1L9WQM9,690307,Aspergillus aculeatus (strain ATCC 16872 / CBS 172.66 / WB 5094),Eukaryota,Ascomycota,True,True,True,False,2DDD4445E9C160F8,-0.005006844,0.9691458344459534,69
4775,6DAD756562DD1DC5,190,UniProtKB/Swiss-Prot (reviewed representative),UPI0002374977,D4GM10;G9AWZ6;A0A221N8U9;A0A0X8EMX1;F2EP14;A0ACE3JL27;A0A0K9SC67,53335,Pantoea,Bacteria,Pseudomonadota,False,False,False,False,6DAD756562DD1DC5,0.997323334,0.968906819820404,70
4827,6DAD756562DD1DC5,190,UniProtKB/Swiss-Prot (reviewed representative),UPI0002374977,D4GM10;G9AWZ6;A0A221N8U9;A0A0X8EMX1;F2EP14;A0ACE3JL27;A0A0K9SC67,53335,Pantoea,Bacteria,Pseudomonadota,False,False,False,False,6DAD756562DD1DC5,0.997323334,0.968906819820404,70
1174,525B68B8784CC171,370,UniProtKB/TrEMBL (unreviewed representative),UPI000469154F,A0A240CX05;A0A0I9RJ56;A0A077BLD4;A0A0I9RJ56;A0A7T3Y659,40324,Stenotrophomonas maltophilia,Bacteria,Pseudomonadota,True,True,True,False,525B68B8784CC171,0.029420294,0.9685212969779968,71
3436,B92E99E52B03A6DA,301,UniProtKB/TrEMBL (unreviewed representative),UPI00006BD0DA,A0AAQ1EHC1;Q2E9Q1;A7GVF0;A0A255LTU4;A0A2S1AG54;A0A0J8FM92;A7GVF0;A0A1D3RCX8,86661,Bacillus cereus group,Bacteria,Bacillota,False,True,False,False,B92E99E52B03A6DA,0.995719254,0.9679493308067322,72
3535,B194A1577E3DF20B,309,UniProtKB/TrEMBL (unreviewed representative),UPI00015C6021,A0A1F2JK38;A0A377VQA4;A0AAP4HXW9;A8ANC0;A0A078LMN5;A0A4P8NXQ0;A0AAW7F3L7;A8ANC0,543,Enterobacteriaceae,Bacteria,Pseudomonadota,True,True,True,False,B194A1577E3DF20B,0.995982587,0.9676144123077391,73
7305,297359D62912BAFA,207,UniProtKB/TrEMBL (unreviewed representative),UPI00001D3741,A0A329V9Y8;Q7N3D3;A0A6L9JHV8;Q7N3D3,29487,Photorhabdus,Bacteria,Pseudomonadota,False,True,False,False,297359D62912BAFA,0.995929301,0.9673667550086976,74
1190,A638E44C0E2D32D6,2332,UniProtKB/Swiss-Prot (reviewed representative),UPI0007E2906F,A0A179H0J7;A0A179H0J7,33203,Purpureocillium lilacinum,Eukaryota,Ascomycota,True,True,True,False,A638E44C0E2D32D6,-0.004149816,0.9673014283180236,75
1249,8F2739450F49405A,2510,UniProtKB/Swiss-Prot (reviewed representative),UPI00159A0B5C,A0A6S5ZY48;A0A6S5ZY48,29916,Fusarium sp.,Eukaryota,Ascomycota,True,True,True,False,8F2739450F49405A,0.000661536,0.9670718312263488,76
2690,15489A3699B6B0B0,2473,UniProtKB/Swiss-Prot (reviewed representative),UPI00143FEE7B,A0A6F8RNP4;A0A6F8RNP4,5081,Penicillium sp.,Eukaryota,Ascomycota,True,True,True,False,15489A3699B6B0B0,-0.005844539,0.9670342206954956,77
7533,0F169C69C79777BB,2603,UniProtKB/Swiss-Prot (reviewed representative),UPI000005F60A,Q86ZD9;Q86ZD9,86977,Phoma sp. (strain C2932),Eukaryota,Ascomycota,True,True,True,False,0F169C69C79777BB,-0.00341986,0.966880977153778,78
1704,F23B2B3301E70356,2642,UniProtKB/TrEMBL (unreviewed representative),UPI00021F1E2E,A0A098DD60;I1S166;I1S166,5518,Gibberella zeae,Eukaryota,Ascomycota,True,True,True,False,F23B2B3301E70356,-0.005325043,0.966746151447296,79
1541,14CF3D59F3145046,3907,UniProtKB/Swiss-Prot (reviewed representative),UPI0001838201,B6F209;B6F209,5062,Aspergillus oryzae,Eukaryota,Ascomycota,True,True,True,False,14CF3D59F3145046,-0.004461022,0.966741979122162,80
230,2B0DD39E8D029DB9,4036,UniProtKB/Swiss-Prot (reviewed representative),UPI001B2FE2C6,P0DO30,1735992,Neonectria sp. (strain DH2),Eukaryota,Ascomycota,True,True,True,False,2B0DD39E8D029DB9,-0.00511134,0.9666536450386048,81
9048,CBED93184E5F137C,290,UniProtKB/Swiss-Prot (reviewed representative),UPI00001260CC,P13913,9031,Gallus gallus,Eukaryota,Chordata,False,True,False,False,CBED93184E5F137C,0.997147501,0.9665701985359192,82
1145,983533C58D311E9D,3916,UniProtKB/Swiss-Prot (reviewed representative),UPI00035154D6,S0EEY3;A0A0I9ZWG8;S0EEY3,5127,Fusarium fujikuroi,Eukaryota,Ascomycota,True,True,True,False,983533C58D311E9D,-0.004624972,0.96652489900589,83
7778,FB34B62FCA23A4D5,400,UniProtKB/TrEMBL (unreviewed representative),UPI00000D811C,A0A7S6YTR8;A0AB73MV28;H8FGR5;A0A8F9QW49;M4W1Z4;A0A1T1NIK0;A0A1T1Q399;Q8PK44;A0A098K8I8;A0A0D5R888;A0A9X9IAQ0;Q8PK44;A0A1T1S2K6;A0A0D5PE41;A0A0U5BTK0,338,Xanthomonas,Bacteria,Pseudomonadota,False,True,False,False,FB34B62FCA23A4D5,0.028593265,0.9664745926856996,84
5411,A28C75F260EF8BA3,519,UniProtKB/Swiss-Prot (reviewed representative),UPI000012E7A4,P74055;H0PN42;H0P5Q8;A0A0N7IIS9;P74055;F7UQ92;M1M1L9;A0A8F1D9G3;H0P940,1783272,Bacillati,Bacteria,Unresolved,True,True,True,False,A28C75F260EF8BA3,0.990487814,0.9662535786628724,85
1223,F44F3AE8CF8389F2,3970,UniProtKB/Swiss-Prot (reviewed representative),UPI000DBAF015,A0A2Z5TM64;A0A2Z5TM64,34381,Aspergillus japonicus,Eukaryota,Ascomycota,True,True,True,False,F44F3AE8CF8389F2,-0.005230566,0.9662196040153505,86
1662,43CF5D9695EFE055,2457,UniProtKB/Swiss-Prot (reviewed representative),UPI0001DD388F,D9N1A1;D9N1A1,5599,Alternaria alternata,Eukaryota,Ascomycota,True,True,True,False,43CF5D9695EFE055,-0.004091239,0.9658560752868652,87
4246,9D193CEDC689065A,312,UniProtKB/Swiss-Prot (reviewed representative),UPI000181A1D1,B6EKK3;B6EKK3,40269,Aliivibrio salmonicida,Bacteria,Pseudomonadota,True,True,True,False,9D193CEDC689065A,0.995685518,0.9656291604042052,88
1277,E914ABF892E54658,4043,UniProtKB/Swiss-Prot (reviewed representative),UPI0000EA87B3,A1CLY8;A1CLY8,344612,Aspergillus clavatus (strain ATCC 1007 / CBS 513.65 / DSM 816 / NCTC 3887 / NRRL 1 / QM 1276 / 107),Eukaryota,Ascomycota,True,True,True,False,E914ABF892E54658,-0.004304118,0.9656124711036682,89
5829,1BC70E25F7EFA3C8,316,UniProtKB/TrEMBL (unreviewed representative),UPI00000DC716,B2K758;A0A9X3BDT7;Q1CI19;B1JHI3;A0A9P2RSQ7;A0AB33X8S4;Q1C6M8;A0A0N2N1U7;A0A094SZN8;A0A0T9PFE6;I7VZK2;I8FJ12;A0AAX2HZT7;I8LS75;I6JWQ5;I8R4L6;I7QQ16;A0A0B6MV39;I6KS09;I8P5R2;A0A2S9PBN1;I6J6T6;A9R3P8;A9ZXF6;I7TW63;A0A0M1V673;I8SDG3;A0A380PKL7;B0HQ78;D1TWP5;U7FD22;A0A0B6PNW2;A0A014MTK8;I8K1M6;B0GWF2;I8MI38;D5B7X0;V9GKE3;Q669L1;I7RBA7;A0A5P8RU55;B0GK44;A0A208RQF3;I8HGW7;I7TT30;I7X5I1;U7ES86;A0A084X8I7;A0A0B6N9P1;A0A0G2NB67;I7W5Z9;A0A0B6J734;A0A873VET7;I7UWX0;A0A1S0T7M5;Q8ZFT7;I7P4X7;I7NEI8;A0A3G5L7Q1;A0A0B6Q5P0;I8IA00;D0JWZ1;A0A0B6NUM8;Q8ZFT7;I7ZAV2;A0A0H3B2Z9;A0A0B6MIV1;A0A0K0ZJ33;Q0WGI0;A6BSA7;G0JK31;I8B9W7;I6HRX3;A0A0K1CUY7;I7PUJ0;I7Q6R4;I7RZX5;A0A5P8YGX4;A0AAP0YXD5;I7S9S6;C4H489;A0A0H5M6P7;A7FH25;C4HTU1;I7U8A1;A0AAP9K4F5;Q1CI19;U7ENK0;A0A2A7VH25;Q1C6M8;I6J2V4;I6KQQ3;I7VXJ8;Q669L1;I8MR29;I8AEC4;A0AB72ZNK8;A0A094TN03;I7RU85;I6I5U4;A0AAC8L0I4;I8AAK9;A0A0E1NVV0;A0A0D8UIY4;A0A0L6G9C8;A7FH25;I7WKB8;I8F7E4;A0ABN5R6X9;E8P6H6;I6IIZ6;I6K031;I7THI1;I8N940;I7Z732;K8Q674;A0A0B6KWD0;I8SQZ6;I7TCC1;I8CNG6;A0A154RLS9;I7XUB5;U7EQS8;A0A0K1BBR7;I7QHB6;I8DFH2;I7MWC8;D0JC65;I7WVQ0;A9ZA50;A0A2T9TVP6;A0A3G5KR85;I7UAR8;I8J7C1;A0AAV3BGI1;C4GTZ8;A0A0U1EVG5;I8S614;I7Y2S5,629,Yersinia,Bacteria,Pseudomonadota,True,True,True,False,1BC70E25F7EFA3C8,0.017882477,0.965341091156006,90
5816,1BC70E25F7EFA3C8,316,UniProtKB/TrEMBL (unreviewed representative),UPI00000DC716,B2K758;A0A9X3BDT7;Q1CI19;B1JHI3;A0A9P2RSQ7;A0AB33X8S4;Q1C6M8;A0A0N2N1U7;A0A094SZN8;A0A0T9PFE6;I7VZK2;I8FJ12;A0AAX2HZT7;I8LS75;I6JWQ5;I8R4L6;I7QQ16;A0A0B6MV39;I6KS09;I8P5R2;A0A2S9PBN1;I6J6T6;A9R3P8;A9ZXF6;I7TW63;A0A0M1V673;I8SDG3;A0A380PKL7;B0HQ78;D1TWP5;U7FD22;A0A0B6PNW2;A0A014MTK8;I8K1M6;B0GWF2;I8MI38;D5B7X0;V9GKE3;Q669L1;I7RBA7;A0A5P8RU55;B0GK44;A0A208RQF3;I8HGW7;I7TT30;I7X5I1;U7ES86;A0A084X8I7;A0A0B6N9P1;A0A0G2NB67;I7W5Z9;A0A0B6J734;A0A873VET7;I7UWX0;A0A1S0T7M5;Q8ZFT7;I7P4X7;I7NEI8;A0A3G5L7Q1;A0A0B6Q5P0;I8IA00;D0JWZ1;A0A0B6NUM8;Q8ZFT7;I7ZAV2;A0A0H3B2Z9;A0A0B6MIV1;A0A0K0ZJ33;Q0WGI0;A6BSA7;G0JK31;I8B9W7;I6HRX3;A0A0K1CUY7;I7PUJ0;I7Q6R4;I7RZX5;A0A5P8YGX4;A0AAP0YXD5;I7S9S6;C4H489;A0A0H5M6P7;A7FH25;C4HTU1;I7U8A1;A0AAP9K4F5;Q1CI19;U7ENK0;A0A2A7VH25;Q1C6M8;I6J2V4;I6KQQ3;I7VXJ8;Q669L1;I8MR29;I8AEC4;A0AB72ZNK8;A0A094TN03;I7RU85;I6I5U4;A0AAC8L0I4;I8AAK9;A0A0E1NVV0;A0A0D8UIY4;A0A0L6G9C8;A7FH25;I7WKB8;I8F7E4;A0ABN5R6X9;E8P6H6;I6IIZ6;I6K031;I7THI1;I8N940;I7Z732;K8Q674;A0A0B6KWD0;I8SQZ6;I7TCC1;I8CNG6;A0A154RLS9;I7XUB5;U7EQS8;A0A0K1BBR7;I7QHB6;I8DFH2;I7MWC8;D0JC65;I7WVQ0;A9ZA50;A0A2T9TVP6;A0A3G5KR85;I7UAR8;I8J7C1;A0AAV3BGI1;C4GTZ8;A0A0U1EVG5;I8S614;I7Y2S5,629,Yersinia,Bacteria,Pseudomonadota,True,True,True,False,1BC70E25F7EFA3C8,0.017882477,0.965341091156006,90
3424,1BC70E25F7EFA3C8,316,UniProtKB/TrEMBL (unreviewed representative),UPI00000DC716,B2K758;A0A9X3BDT7;Q1CI19;B1JHI3;A0A9P2RSQ7;A0AB33X8S4;Q1C6M8;A0A0N2N1U7;A0A094SZN8;A0A0T9PFE6;I7VZK2;I8FJ12;A0AAX2HZT7;I8LS75;I6JWQ5;I8R4L6;I7QQ16;A0A0B6MV39;I6KS09;I8P5R2;A0A2S9PBN1;I6J6T6;A9R3P8;A9ZXF6;I7TW63;A0A0M1V673;I8SDG3;A0A380PKL7;B0HQ78;D1TWP5;U7FD22;A0A0B6PNW2;A0A014MTK8;I8K1M6;B0GWF2;I8MI38;D5B7X0;V9GKE3;Q669L1;I7RBA7;A0A5P8RU55;B0GK44;A0A208RQF3;I8HGW7;I7TT30;I7X5I1;U7ES86;A0A084X8I7;A0A0B6N9P1;A0A0G2NB67;I7W5Z9;A0A0B6J734;A0A873VET7;I7UWX0;A0A1S0T7M5;Q8ZFT7;I7P4X7;I7NEI8;A0A3G5L7Q1;A0A0B6Q5P0;I8IA00;D0JWZ1;A0A0B6NUM8;Q8ZFT7;I7ZAV2;A0A0H3B2Z9;A0A0B6MIV1;A0A0K0ZJ33;Q0WGI0;A6BSA7;G0JK31;I8B9W7;I6HRX3;A0A0K1CUY7;I7PUJ0;I7Q6R4;I7RZX5;A0A5P8YGX4;A0AAP0YXD5;I7S9S6;C4H489;A0A0H5M6P7;A7FH25;C4HTU1;I7U8A1;A0AAP9K4F5;Q1CI19;U7ENK0;A0A2A7VH25;Q1C6M8;I6J2V4;I6KQQ3;I7VXJ8;Q669L1;I8MR29;I8AEC4;A0AB72ZNK8;A0A094TN03;I7RU85;I6I5U4;A0AAC8L0I4;I8AAK9;A0A0E1NVV0;A0A0D8UIY4;A0A0L6G9C8;A7FH25;I7WKB8;I8F7E4;A0ABN5R6X9;E8P6H6;I6IIZ6;I6K031;I7THI1;I8N940;I7Z732;K8Q674;A0A0B6KWD0;I8SQZ6;I7TCC1;I8CNG6;A0A154RLS9;I7XUB5;U7EQS8;A0A0K1BBR7;I7QHB6;I8DFH2;I7MWC8;D0JC65;I7WVQ0;A9ZA50;A0A2T9TVP6;A0A3G5KR85;I7UAR8;I8J7C1;A0AAV3BGI1;C4GTZ8;A0A0U1EVG5;I8S614;I7Y2S5,629,Yersinia,Bacteria,Pseudomonadota,True,True,True,False,1BC70E25F7EFA3C8,0.017882477,0.965341091156006,90
7893,1BC70E25F7EFA3C8,316,UniProtKB/TrEMBL (unreviewed representative),UPI00000DC716,B2K758;A0A9X3BDT7;Q1CI19;B1JHI3;A0A9P2RSQ7;A0AB33X8S4;Q1C6M8;A0A0N2N1U7;A0A094SZN8;A0A0T9PFE6;I7VZK2;I8FJ12;A0AAX2HZT7;I8LS75;I6JWQ5;I8R4L6;I7QQ16;A0A0B6MV39;I6KS09;I8P5R2;A0A2S9PBN1;I6J6T6;A9R3P8;A9ZXF6;I7TW63;A0A0M1V673;I8SDG3;A0A380PKL7;B0HQ78;D1TWP5;U7FD22;A0A0B6PNW2;A0A014MTK8;I8K1M6;B0GWF2;I8MI38;D5B7X0;V9GKE3;Q669L1;I7RBA7;A0A5P8RU55;B0GK44;A0A208RQF3;I8HGW7;I7TT30;I7X5I1;U7ES86;A0A084X8I7;A0A0B6N9P1;A0A0G2NB67;I7W5Z9;A0A0B6J734;A0A873VET7;I7UWX0;A0A1S0T7M5;Q8ZFT7;I7P4X7;I7NEI8;A0A3G5L7Q1;A0A0B6Q5P0;I8IA00;D0JWZ1;A0A0B6NUM8;Q8ZFT7;I7ZAV2;A0A0H3B2Z9;A0A0B6MIV1;A0A0K0ZJ33;Q0WGI0;A6BSA7;G0JK31;I8B9W7;I6HRX3;A0A0K1CUY7;I7PUJ0;I7Q6R4;I7RZX5;A0A5P8YGX4;A0AAP0YXD5;I7S9S6;C4H489;A0A0H5M6P7;A7FH25;C4HTU1;I7U8A1;A0AAP9K4F5;Q1CI19;U7ENK0;A0A2A7VH25;Q1C6M8;I6J2V4;I6KQQ3;I7VXJ8;Q669L1;I8MR29;I8AEC4;A0AB72ZNK8;A0A094TN03;I7RU85;I6I5U4;A0AAC8L0I4;I8AAK9;A0A0E1NVV0;A0A0D8UIY4;A0A0L6G9C8;A7FH25;I7WKB8;I8F7E4;A0ABN5R6X9;E8P6H6;I6IIZ6;I6K031;I7THI1;I8N940;I7Z732;K8Q674;A0A0B6KWD0;I8SQZ6;I7TCC1;I8CNG6;A0A154RLS9;I7XUB5;U7EQS8;A0A0K1BBR7;I7QHB6;I8DFH2;I7MWC8;D0JC65;I7WVQ0;A9ZA50;A0A2T9TVP6;A0A3G5KR85;I7UAR8;I8J7C1;A0AAV3BGI1;C4GTZ8;A0A0U1EVG5;I8S614;I7Y2S5,629,Yersinia,Bacteria,Pseudomonadota,True,True,True,False,1BC70E25F7EFA3C8,0.017882477,0.965341091156006,90
6993,1BC70E25F7EFA3C8,316,UniProtKB/TrEMBL (unreviewed representative),UPI00000DC716,B2K758;A0A9X3BDT7;Q1CI19;B1JHI3;A0A9P2RSQ7;A0AB33X8S4;Q1C6M8;A0A0N2N1U7;A0A094SZN8;A0A0T9PFE6;I7VZK2;I8FJ12;A0AAX2HZT7;I8LS75;I6JWQ5;I8R4L6;I7QQ16;A0A0B6MV39;I6KS09;I8P5R2;A0A2S9PBN1;I6J6T6;A9R3P8;A9ZXF6;I7TW63;A0A0M1V673;I8SDG3;A0A380PKL7;B0HQ78;D1TWP5;U7FD22;A0A0B6PNW2;A0A014MTK8;I8K1M6;B0GWF2;I8MI38;D5B7X0;V9GKE3;Q669L1;I7RBA7;A0A5P8RU55;B0GK44;A0A208RQF3;I8HGW7;I7TT30;I7X5I1;U7ES86;A0A084X8I7;A0A0B6N9P1;A0A0G2NB67;I7W5Z9;A0A0B6J734;A0A873VET7;I7UWX0;A0A1S0T7M5;Q8ZFT7;I7P4X7;I7NEI8;A0A3G5L7Q1;A0A0B6Q5P0;I8IA00;D0JWZ1;A0A0B6NUM8;Q8ZFT7;I7ZAV2;A0A0H3B2Z9;A0A0B6MIV1;A0A0K0ZJ33;Q0WGI0;A6BSA7;G0JK31;I8B9W7;I6HRX3;A0A0K1CUY7;I7PUJ0;I7Q6R4;I7RZX5;A0A5P8YGX4;A0AAP0YXD5;I7S9S6;C4H489;A0A0H5M6P7;A7FH25;C4HTU1;I7U8A1;A0AAP9K4F5;Q1CI19;U7ENK0;A0A2A7VH25;Q1C6M8;I6J2V4;I6KQQ3;I7VXJ8;Q669L1;I8MR29;I8AEC4;A0AB72ZNK8;A0A094TN03;I7RU85;I6I5U4;A0AAC8L0I4;I8AAK9;A0A0E1NVV0;A0A0D8UIY4;A0A0L6G9C8;A7FH25;I7WKB8;I8F7E4;A0ABN5R6X9;E8P6H6;I6IIZ6;I6K031;I7THI1;I8N940;I7Z732;K8Q674;A0A0B6KWD0;I8SQZ6;I7TCC1;I8CNG6;A0A154RLS9;I7XUB5;U7EQS8;A0A0K1BBR7;I7QHB6;I8DFH2;I7MWC8;D0JC65;I7WVQ0;A9ZA50;A0A2T9TVP6;A0A3G5KR85;I7UAR8;I8J7C1;A0AAV3BGI1;C4GTZ8;A0A0U1EVG5;I8S614;I7Y2S5,629,Yersinia,Bacteria,Pseudomonadota,True,True,True,False,1BC70E25F7EFA3C8,0.017882477,0.965341091156006,90
6620,FFD29B5F1927E5F5,2999,UniProtKB/Swiss-Prot (reviewed representative),UPI00004E2CAF,Q54TW0;Q54TW0,44689,Dictyostelium discoideum,Eukaryota,Evosea,True,True,True,False,FFD29B5F1927E5F5,0.000627368,0.9652561545372008,91
102,D6D933468481E86A,1733,UniProtKB/TrEMBL (unreviewed representative),UPI00000D1172,A0A047SLR5;A0A053GXJ1;A0A041J964;A0A048ADX7;A0A041GYJ8;A0A049DA45;A0A057EI86;A0A046AJJ2;A0A046JE46;A0A051U049;A0A079KBV2;A0A053ZKZ3;A0A056TBJ5;A0A050ZHS3;A0A042JUD5;A0A042QK67;A0A048HD66;A0A046Y5D0;A0A042ELK9;A0A042V4K4;A0A053VDE4;A0A071WDP5;A0A039J553;A0A042BWG8;A0A055FX02;A0A039H4X2;A0A051P0P9;A0A053IW39;A0A046WZZ7;A0A043RGV4;A0A046P9T5;A0A058D4G9;A0A055NSM4;A0A057FJF3;A0A041F8V8;A0A047NXK5;A0A046YFU2;A0A051P8Q9;A0A045XTW3;A0A057QB80;A0A040E4Q2;A0A046GLL6;A0A050FPS9;A0A053I521;A0A043I019;A0A050JN61;A0A056TL51;A0A043GGA6;A0A040Q7Y5;A0A048D447;A0A051QMI9;A0A041RD68;A0A051DUC9;A0A041U4A0;A0A038TFH3;A0A047YJJ3;A0A052ZBT6;A0A049AT12;A0A056V5Y1;A0A057AFY0;A0A041M9L9;A0A042SGI4;A0A058GNS2;A0A050XWY4;A0A048UVG1;A0A057MK14;A0A040RBE9;A0A049L6R7;A0A056EKJ2;A0A046YFN8;A0A053LPE5;A0A054LEC6;A0A048Z5G2;A0A049QET2;A0A038TTJ9;A0A045DUA6;A0A046AUT7;A0A046DZT2;A0A054XMR6;A0A055MBG8;A0A043EID0;A0A044HYL5;A0A048FCU1;A0A051WP48;A0A054XKE4;A0A047DPK1;A0A044XLH2;A0A046J668;A0A048G844;A0A048IW89;A0A042VPK4;A0A043BPB7;A0A055ZSN0;A0A039CC20;A0A053TMU3;A0A053P545;A0A046DZK6;G2N1G0;A0A041VLL4;A0A052WPZ9;A0A045XUE7;A0A053ATR2;A0A056C0T7;A0A048QIK6;A0A052TUI3;A0A054EVA9;A0A046D3D2;A0A058PSK8;A0A042FWM0;A0A045CKW0;A0A052P8N0;A0A051NZ27;A0A1Q1Z8X4;A0A043Y5T8;A0A046GZN8;A0A053QWB9;A0A045UBM9;A0A055R905;A0A047X9G6;A0A050E2J4;A0A056U001;A0A041GJ04;A0A055L580;A0A044UJH3;A0A051SQR4;A0A053E975;A0A055CR55;L0P0J0;A0A046IH20;A0A044UH03;A0A054WIQ0;A0A1Q1X1B5;A0A051URT0;A0A057I767;A0A055MF72;A0A079KLN0;A0A057ITR6;A0A040V3N4;A0A041QVJ2;A0A056HKH5;A0A042IUT1;A0A048Q5W4;A0A1Q1RA29;A0A054AAP0;A0A055RRN6;A0A045VXY9;A0A038PKU2;A0A046VBF7;A0A056YHV0;A0A039WMV2;A0A054M9Q3;A0A1Q1S8K0;A0A047WQ37;A0A054V674;A0A055XBY5;A0A046T8S9;A0A056JD36;A0A1Q2BT32;A0A040C8S2;A0A052D670;A0A041BXM9;A0A057PR03;A0A040M272;A0A051W8B7;A0A041UWR7;A0A045WWZ8;A0A039B8T1;A0A053LQG3;A0A045PMD5;A0A050TQM5;A0A053DHL0;A0A042GYU6;A0A048KFF8;A0AAC8RKI2;A0A040UFH5;A0A041LES0;A0A054FXV4;A0A044ZKX1;A0A055WEM9;A0A042SFV6;A0A040YPZ1;A0A048MX73;A0A041VC21;A0A1Q1RX83;A0A071WE24;A0A048E4T8;A0A041STR6;A0A047GXJ8;A0A041X959;A0A056AAY5;A0A058SAI2;A0A044C223;A0A057MGS2;A0A050XDQ6;A0A056ILM6;A0A046FIG7;A0A040FYS5;A0A048RCT6;A0A041S4L6;A0A054AYM3;A0A1Q2AIN5;A0A047IZG6;A0A049BVG9;A0A046HCT8;A0A043FY49;A0A041S809;A0A054V2P4;A0A050YTK7;A0A050SGV6;A0A057ZLB5;A0A050YL54;A0A052R471;A0A041AS45;A0A046XJ40;A0A047K066;A0A042ZDP4;A0A053S8Y8;A0A052W7T8;A0A055GH68;A0A039HNN7;A0A047BV84;A0A041G4S1;A0A039FY60;A0A050W9J2;A0A047R4W4;A0A052PYY3;A0A046JZM6;A0A047LB73;A0A053WKS4;A0A054P6D0;A0A072AJ73;A0A054ABQ5;A0A056XNY1;A0A050RCM9;A0A057IRU9;A0A045L4H4;A0A045LS97;A0A038WC74;A0A048T990;A0A051NRL7;A0A040HCL7;A0A045QK29;A0A055VUZ4;A0A055P6D2;A0A052AP84;A0A057HBR8;A0A057JU83;A0A049UWD5;A0A054CEH4;A0A051G1D4;A0A053JT17;A0A042A4M2;A0A051GTK1;A0A047VKD3;A0A038ZAB4;A0A046W5Q6;A0A044GGS3;A0A051WZY0;A0A055MMI5;A0A056LJW6;A0A047ZBL4;A0A044N096;A0A054XJV3;A0A049K6C1;A0A041KC09;I6X8D2;A0A044KQF3;A0A045E1Z2;A0A049XE38;A0A051Q1I9;A0A052V1G0;A0A055PMR9;I6R565;A0A055QMQ3;A0A071TU06;H8F1V0;A0A041QQA9;A0A052BDM6;A0A042UFK8;A0A052Y4B5;A0A041M8W2;A0A057FIV6;A0A052DZI7;A0A041W1L6;A0A7U4EDJ3;A0A039FER4;A0A040HKI0;A0A038KL03;A0A044VD49;A0A045KUB1;A0A047XHS2;A0A043J6K5;A0A050QQA3;A0A048CME6;A0A1Q1XND4;A0A041VES9;A0A046I9Z5;A0A042TJS0;C6DP28;A0A055WL41;A0A053MHJ3;A0A050UH77;A0A055B4X6;A0A049RQ95;A0A054IFB6;A0A054F7E9;E2U586;A0A041IAM0;A0A043FLI2;A0A055F3N8;A0A043QQZ1;A0A044AH06;A0A041EGD7;A0A042M4M5;A0A052XZM7;A0A053WDW4;A0A048K138;A0A048ZS83;A0A058NBN1;A0A048NWJ7;A0A041NZE9;A0A043HHX8;A0A043M481;A0A057ZAD7;A0A054M8B4;A0A055JSR5;A0A042IJ65;A0A071UAX8;A0A055DKS2;A0A045PDW1;A0A044ZV75;O53579;A0A054XEU4;A0A045J9J0;A0A055W4J5;A0A055L2P4;A0A053I9V7;A0A055WYU5;A0A048L0R1;A0A053Y087;A0A050RPL1;I6X8D2;A0A048FBG5;A0A057DCQ6;A0A050ZAZ3;A0A054B1F9;A0A046CH22;A0A049XQ42;A0A056PJV0;A0A039ECB4;A0A041D2Y9;A0A051VYW8;A0A057HMB7;A0A046UJI0;A0A045NVY5;A0A045PQZ6;A0A047QLG5;A0A050VQH7;A0A048HWJ0;A0A043DNT9;H6SB28;A0A044HG87;A0A1Q2BH21;A0A053K991;E2UFX1;A0A054ED45;A0A071SJ39;A0A041IVX5;A0A044BBL6;A0A039URJ8;A0A057CNV6;A0A042H305;A0A043AYG6;A0A049Y1J4;A0A052YIN6;A0A042QCC3;A0A071WLI4;A0A054MQ90;A0A042CNS3;A0A052XDU0;X8GJ97;A0A042SU73;A0A051X2A0;A0A052T589;A0A046F8P4;A0A048S7S5;A0A052T4I4;A0A043D6T9;A0A050LBQ3;A0A043WJ09;A0A045YT64;A0A071TZ51;A0A051SYX8;A0AAW8I231;A0A052U3V3;A0A052UAI7;A0A047KPP1;A0A052C7C0;A0A054IVB1;A0A043JBL9;A0A043V9W9;A0A050YXP5;A0A079K1N7;A0A056QAR9;A0A040IE82;A0A041F840;A0A054U8F3;I1SFP6;A0A044QE26;A0A047W891;A0A043NEG9;A0A047PI31;A0A055N9L2;A0A049WAP5;A0A041F061;A0A051XYZ1;A0A044BKB8;A0A054HIT1;A0A053HGT5;A0A048FYI9;A0A042IWV3;A0A053KY64;A0A052PZL3;A0A047KL13;A0A054R302;D6G5S8;A0A051DI51;A0A049IPY9;A0A071NZQ2;A0A042BFB1;A0A1Q2B5V2;A0A047CG11;A0A057NMG8;A0A052ZXY7;A0A051JMG9;A0A042KAU9;A0A048PMS7;A0A054K795;A0A055YQI8;A0A042Y9F8;A0A048QJR7;A0A041H9D6;A0A045KE10;A0A055DHD7;A0A042Z057;A0A054ZB71;A0A057ZTI8;A0A043ZFQ9;A0A051H0C3;A0A048RDW0;A0A052QBT7;A0A057BDH9;A0A055ZCH9;A0A039AMH5;A0A052JL74;A0A071VJH6;A0A046BL21;A0A039VW19;A0A050NV11;A0A053KN80;A0A050Z143;A0A058QMR4;A0A039LDU3;A0A042GDJ3;A0A1Q1WPR3;A0A050L3X2;A0A071P7N9;A0A044AZM6;A0A055IZS1;D5Z923;A0A055JCM7;A0A045QLI3;A0A040PBQ0;A0A042Y091;A0A046BBR7;A0A047AET8;A0A056XWA4;A0A042NW54;A0A045Z268;A0A038U714;A0A043CG90;A0A040D6R7;A0A051KRA1;A0A040JZ31;A0A055SP84;A0A043P8J9;A0A052RH22;A0A051F3R6;A0A053TYG4;A0A052DE44;A0A054D686;A0A045ZY71;A0A071RA12;A0A046BUF2;A0A053PRK3;A0A054SVJ5;A0A0H3LMX2;A0A053BR95;A0A071R2K2;A0A043TJL4;A0A048JDW5;A0A057E0P2;A0A042RDG2;A0A072D988;A0A041Z7D1;A0AAP5BSN2;A0A040QLC4;A0A038YCS8;A0A047M7T3;A0A045G241;A0A038LT56;A0A038NPX2;A0A053XEM7;A0A048RT97;A0A050ND66;A0A049HNV0;A0A041ZC77;A0A042JSY9;A0A042LTU4;A0A048BGC6;A0A042ADJ9;A0A049GJC1;A0A056IRB5;A0A042ULI5;A0A042PIM1;A0A057GNS3;A0A055JUW8;A0A044GBS3;A0A049G378;A0A051LIH6;A0A045VHI6;A0A041P814;A0A049BB39;A0A054MSW6;A0A056GJ05;A0A071RZH6;A0A044DIG9;A0A038UAQ4;A0A052V383;D5YLQ4;A0A042Q1W3;A0A042HSW4;A0A048H7J5;A0A057P5R2;A0A043YBF7;A0A044LT79;D5YY76;A0A038MV91;A0A047IBH8;A0A047LD88;A0A049LRC1;A0A048A8K4;A0A039RPR0;A0A050SBG2;A0A049WSV2;A0A053J701;A0A1Q1UGN8;A0A060GLT7;A0A055ELU6;A0A055Y0T0;A0A043I127;A0A051ZNW5;A0A054TQI0;A0A045YS18;A0A049SGF1;A0A039A5U9;A0A050P9V4;A0A046NU64;A0A071UVN4;A0A055DRL1;A0A046ZNM1;A0A047DHH0;A0A043AAH7;A0A046PDX3;A0A042TUN8;A0A071W3U2;A0A058FQ67;A0A056J800;A0A1Q1XBZ6;A0A056YY29;A0A045BFD5;A0A055B8W3;A0A044KI34;A0A054LRY9;A0A050D6N3;A0A039G2Q0;A0A051ML08;A0A054JIW1;A0A057V105;A0A043QSM2;A0A039VGV8;A0A042T777;A0A047XSN9;A0A050WQU0;A0A051UB77;A0A055S5L1;A0A041JV65;A0A047YAG2;A0A038MB85;A0A045ZZF2;A0A048JZS9;A0A038MMS5;A0A052XBM4;A0A057H2F1;A0A048GL13;A0A058JV23;A0A047VMZ2;A0A1Q1SJ43;A5WU20;A0A052AER9;A0A051Q7T9;A0A052KP00;A0A038XWN7;A0A042GPJ6;A0A057L727;A0A041RW92;A0A071X4C0;A0A053GPV4;A0A040S3J0;A0A047WGL5;A0A054E6W1;A0A040N258;A0A057VQA9;A0A045WS24;A0A039Y334;A0A044LYV0;A0A040NII1;A0A051Z3X4;A0A042R5N5;A0A041M487;A0A089QYU6;A0A1Q1YXR8;A0A056MUN2;A0A056Q3W9;A0A044IUS0;A0A050B549;A0A055H4A4;A0A071Q9D4;A0A046HFX3;A0A044I4N5;A0A040W9Z5;A0A043K6M9;A0A051GLZ2;A0A047EN54;A0A044FBH7;A0A056PR10;A0A040YWM8;A0A048EER8;A0A049TP93;A0A042FKF1;A0A042L1Q1;A0A049Z6G8;A0A048F8L9;A0A1Q1QN10;A0A056K1Y7;A0A050JX00;A0A1Q1WDF8;A0A056FJM4;A0A052WAB6;A0A054D1M3;A0A043IDC7;A0A052DS88;X8GAC5;A0A041ZQG2;A0A048CUK7;A0A058AEB7;A0A052KJS1;A0A051LZP0;A0A052K0M6;A0A045MRL9;A0A055D598;A0A047PQ82;A0A044U297;A0A046Z1G6;A0A040VZJ9;D6EZF5;A0A039B530;A0A041QAV1;A0A054NW75;A0A042WN86;A0A057QHA4;A0A053FE83;A0A053L636;A0A046QSQ5;A0A044J7K3;A0A058NTR5;A0A055FA35;A0A052B0M6;A0A054DJZ2;A0A053SPQ5;A0A044X9P6;A0A051ANC8;A0A071X7P2;A0A050HG76;A0A048ITV2;A0A049AHW2;A0A048MM46;A0A054R6I8;A0A038XA18;A0A041W907;A0A1Q1XZR2;Q7D4V0;A0A047E544;A0A044NTX2;A0A058LFW1;A0A056DBH4;A0A054BJJ3;A0A054BRF3;A0A055FZC5;A0A038YDY9;A0A043AIY3;A0A045WSH6;A0A046GFQ0;A0A044ZXE0;A0A056N186;A0A044VMZ1;A0A054GUW0;A0A054UEX0;A0A048UC99;A0A055ZYP4;A0A042V9E4;A0A046IFD3;A0A045ATU6;A0A056H095;A0A056V523;A0A806JQ84;A0A054YDM8;A0A057CHC6;A0A054NWP4;A0A1Q1VF30;A0A053NV06;A0A056LI34;A0A042WWQ6;A0A039SP65;A0A054VWA9;A0A056QSZ8;A0A1Q1SW49;A0A039BUU1;A0A048V3T8;A0A055HZ61;A0A050DW62;A0A039ZU28;A0A045ETY5;A0A046F0I2;A0A048DKT2;A0A045AHD1;A0A048Y332;A0A056ALR3;A0A051RJH7;A0A039CVJ4;A0A058E0M3;A0A052F1S4;A0A040S3J4;A0A042BBQ7;A0A039AL88;A0A043H6L1;A0A043BUC5;A0A049FQA2;A0A049PXX1;A0A043PQJ9;A0A055S5I9;A0A043LD26;A0A039DBN7;A0A040MVN7;A0A046XGT2;A0A040NZ55;A0A042VXV2;A0A055AMZ0;A0A041GMQ3;A0A1Q1ZWD5;A0A039HFD6;A0A053Z6T6;A0A057SS55;A0A055YES3;A0A056R134;A0A050SKD7;A0A040LYC8;A0A047HK48;A0A043IDB2;A0A055I0L8;A0A056L087;A0A049Z1D6;A0A048AMW8;A0A8E0E3C6;A0A044YNW3;A0A054WFN4;A0A047VGB6;A0A038VPY8;A0A045W648;A0A053U1V3;A0A043ARI8;A0A047TSE3;A0A047TGB5;A0A049TDR2;A0A044YMM6;A0A045GJY8;A0A050WA33;A0A055K9F0;A0A050MF09;A0A045AHN2;A0A039RDD8;A0A042YZH7;A0A1Q1VR50;A0A043DZF1;A0A048LGT6;A0A053GAJ3;A0A055V9Y4;A0A054N3Z4;A0A055IMW4;A0A053UKC8;A0A043A3K1;A0A056M6L2;A0A043PW81;A0A048T488;A0A055HJQ8;A0A038NKN5;A0A047RP94;A0A056WLU6;A0A056EN04;A0A071RX79;A0A056TZ98;A0A054H0F4;A1QY32;A0A041WMZ6;A0A046LJ09;A0A053MVV7;A0A051R8U8;A0A050M5C3;A0A038XJA8;A5U9C9;A0A040V7X5;A0A050N3B4;A0A047FLG5;A0A056SK60;A0A7U4J5V0;A0A056U9X2;A0A051H9V8;A0A038VVK5;A0A047NUM7;A0A042YIL2;A0A051VH14;A0A050TA23;A0A041BJV9;A0A044JRZ7;A0A048KYN6;F2GDF9;A0A042X9H3;A0A039CUY7;A0A047H0B2;A0A047BQX5;A0A050IEZ5;A0A042CM79;A0A057GDQ5;A0A057XLY5;A0A054U5M8;A0A058HDC6;A0A048PTF1;A0A038W6S4;A0A048NLZ7;A0A045T7T8;A0A043UEA4;A0A042P1S7;A0A052PQF1;A0A041IK22;E9ZQN3;A0A055UMT5;A0A050SRS2;A0A053M6X0;A0A056I3N3;A0A039KSJ4;A0A044GCD5;A0A048EBQ7;A0A071PYI5;A0A041A5D0;A0A043K5E8;A0A051A2I4;A0A039ETF4;A0A041XT86;A0A044R2B7;A0A051JPQ7;A0A058CFC7;A0A050Q6A1;A0A044L3Z4;A0A038RJX6;A0A049K272;A0A055SNB4;A0A052RHN7;A0A055QPX9;A0A052CWC7;A0A046S5S6;A0A057SZ44;A0A041L0J7;A0A1Q1QZ61;A0A040XW73;A0A055L1F4;A0A039GQ12;A0A041HI82;A0A057F519;A0A053D5J1;A0A058F110;A0A052SN96;A0A043EUH3;A0A071MS41;A0A051INV4;A0A051BP92;A0A053RLK4;A0A047UDB0;A0A052V013;A0A049QJC9;A0A040S6W1;A0A8E0A032;A0A051DBK8;A0A046ZCN0;A0A038RQF7;A0A044TAU6;A0A049N1X9;A0A046D1R1;A0A051IPL1;A0A047BYX2;A0A053ZK34;A0A041BPQ3;A0A1Q1T6V5;A0A043ZRX3;A0A056S3Z9;A0A040XCW0;A0A042CY27;A0A043MYZ1;A0A054TAV2;A0A071QZB0;A0A041PYX0;A0A053J3N1;A0A057LQ39;A0A045UEG3;A0A042NS81;A0A042XJC7;A0A048I961;A0A052RYR6;A0A055AK34;A0A047P376;A0A041TDV8;A0A043FMH2;A0A051M613;A0A052NJX4;A0A055C853;A0A043ZDN5;A0A044DXU8;A0A043M8T2;A0A8E0AFU5;A0A040WYV6;A0A044JC93;A0A050WLN4;A0A044DEH6;A0A055V0H4;A0A044S581;A0A051T076;A0A048BGT2;A0A049VGF8;A0A1Q1TU65;A0A047IXV8;A0A043X1G1;A0A050S1S0;A0A052BA70;A0A048JHU7;A0A054HXH7;A0A052REI4;A0A041N3U2;A0A055NKA1;A0A1Q1TI44;A0A044GV73;T2CBH6;E2WNL7;A0A049UA85;A0A047A1C5;A0A050XQ58;A0A048MYG0;A0A051HTN4;A0A038V7I2;A0A050VYL0;A0A056ZX24;A0A057KFU9;A0A1Q1USR6;A0A1Q1ZK34;A0A055DNG7;A0A053X7C1;A0A057NMB0;A0A044SRC2;A0A047DQ65;A0A047YP03;A0A042JBJ4;A0A043L3Q8;A0A043KD55;A0A052NX56;A0A055V701;A0A047ZGY9;A0A040TLF8;A0A043D6N6;A0A042DRY1;A0A051XSC0;A0A043UTJ6;A0A048HVC7;A0A050PEM7;A0A045D0J8;A0A041I263;A0A042T3N0;A0A051NG76;A0A042F9D0;A0A041CZY9;A0A053NDV6;A0A056MI13;A0A038ZEA6;A0A045FNS4;A0A054CPJ9;A0A049ZY89;A0A055MMG8;A0A072B4F4;S5FAJ7;A0A049J7G2;A0A055XNB9;A0A044FCL0;A0A048BYI2;A0A053NI50;A0A044NUB9;A0A052PQ30;A0A054G9H6;A0A1Q1V3Q9;A0A043S9K5;A0A054RRY8;A0A038ZCJ6;A0A052ENA3;A0A043GKH1;A0A052LC11;A0A046UY86;A0A050VAW8;A0A053KCG8;A0A071PWM0;A0A048X8E0;A0A046U9G6;A0A053SBH4;A0A054VUM7;A0A048NXT3;A0A049YUK2;A0A047PJD4;A0A039ILV8;A0A043NS24;A0A055BPM6;A0A054S2J4;A0A051KIX4;A0A041YJ29;A0A050TRU3;A0A043WSA0;A0A041UK47;X8GMR9;A0A052MLP8;A0A038NXD8;A0A053YLE7;A0A049DLN2;A0A051JJH2;A0A055GX54;A0A045LX96;A0A044PG74;A0A043CX03;A0A042WK15;A0A049VAL9;A0A054KPF0;A0A042KWU6;A0A050USY2;A0A049HIQ0;A0A045ZGE7;A0A045BNI1;A0A053E3B5;A0A054QEM6;A0A046E0U5;A0A054QHB0;A0A049EH70;A0A054RP35;A0A055EN30;A0A056PF46;A0A051I4I1;A0A039FAN5;A0A041FJY3;A0A044WN68;A0A043QKU3;A0A047UBP3;A0A042HFG3;A0A055HXN2;A0A044M2D1;A0A042RJ71;A0A049UVI7;A0A056AV73;A0A056MCE9;A0A1Q1U5B6;A0A046J6Q3;A0A046NFU2;A0A047URV0;A0A057SWQ0;A0A052FBY5;A0A047ZL35,1783272,Bacillati,Bacteria,Unresolved,True,True,True,False,D6D933468481E86A,-0.005198959,0.9650799632072448,92
1204,0665272EC9F2EB27,2566,UniProtKB/Swiss-Prot (reviewed representative),UPI0009C9FB7C,A0A1V6NYI6;A0A1V6NYI6,60169,Penicillium polonicum,Eukaryota,Ascomycota,True,True,True,False,0665272EC9F2EB27,0.008592603,0.9650735259056092,93
358,A02BF839A230F84D,290,UniProtKB/Swiss-Prot (reviewed representative),UPI00001260D4,P50298;Q45G59;A0A821C0Y6,32523,Tetrapoda,Eukaryota,Chordata,False,True,False,False,A02BF839A230F84D,0.995340288,0.9650009870529176,94
5263,06C26A0CCEACAF02,290,UniProtKB/TrEMBL (unreviewed representative),UPI00001260CD,A0A1U7Q2J8;P50292,10036,Mesocricetus auratus,Eukaryota,Chordata,False,True,False,False,06C26A0CCEACAF02,-0.000680503,0.964786946773529,95
476,DCBFC09FCC1C0094,3038,UniProtKB/Swiss-Prot (reviewed representative),UPI0000F536F8,Q0C8M3,341663,Aspergillus terreus (strain NIH 2624 / FGSC A1156),Eukaryota,Ascomycota,True,True,True,False,DCBFC09FCC1C0094,-0.005958114,0.964456021785736,96
823,63D36DB86CE10A13,3032,UniProtKB/Swiss-Prot (reviewed representative),UPI000006CC23,Q8J0F7;Q8J0F7,5077,Penicillium citrinum,Eukaryota,Ascomycota,True,True,True,False,63D36DB86CE10A13,-0.005578333,0.9643072485923768,97
1345,2158D82077AEF1AF,3902,UniProtKB/Swiss-Prot (reviewed representative),UPI0000EFBDD6,A5ABG0;A0A319A768;A5ABG0;A0AAJ8C060,5061,Aspergillus niger,Eukaryota,Ascomycota,True,True,True,False,2158D82077AEF1AF,-0.002977316,0.9639152884483336,98
1855,2897CC1F84B7D72A,290,UniProtKB/Swiss-Prot (reviewed representative),UPI00001260CF,P50297;Q45G71;A0A821C584;Q45G61,32523,Tetrapoda,Eukaryota,Chordata,False,True,False,False,2897CC1F84B7D72A,0.997229186,0.963873326778412,99
2811,FB43C53C8C76AD94,235,UniProtKB/Swiss-Prot (reviewed representative),UPI00005378C2,A1BJJ2;Q43E43;A1BJJ2,1096,Chlorobium phaeobacteroides,Bacteria,Chlorobiota,True,False,False,False,FB43C53C8C76AD94,0.992318451,0.9637717604637146,100
1889,07D7766EF181C4E5,511,UniProtKB/TrEMBL (unreviewed representative),UPI00000CCB3E,A0A040KIM5;A0A048NZ03;A0A054TRV1;A0A071RZ30;C1AIT0;A0A043FN47;A0A044UM76;A0A055ABK0;A0A056EKW6;A0A043M465;A0A072AKV8;A0A042YB11;A0A048XYZ8;A0A041Z9C2;A0A043LEI0;A0A052DZ51;A0A056JCF9;A0A055M6K6;A0A043FM38;A0A056I1I9;A0A050ESU9;A0A053TN61;A0A043X3B9;A0A043K5Z1;A0A053YJZ9;A0A054EGP2;A0A049F1K2;A0A1Q1ZJX9;A0A040PCQ3;A0A053UJM8;A0A057E012;A0A041W3U7;A0A047WRT9;A0A038QEI5;A0A040J948;A0A041QPW3;A0A1Q1XCD3;R4MKB4;A0A054Q156;A0A055LQ84;A0A045SBC1;A0A038V7Y5;A0A047VKA0;A0A052W6R8;A0A039MNM3;A0A042TXP3;A0A054FM11;A0A071X755;A0A045UPQ0;A0A041ATP7;A0A058B928;A0A8E0C2U0;A0A053HK48;W6HKR8;A0A071Z607;A0A1Q1QMU4;A0A044JFA3;A0A051CK28;A0A4U7MQ34;A0A055ZPI3;A0A056R2W6;A0A041VBR6;A0A055JIE0;A0A050J751;A0A039EDH3;A0A056C5C0;A0A051DID4;A0A051XVG4;A0A047R5Y6;A0A050BQ81;A0A7U4G3R5;A0A048WS75;A0A058CFQ4;A0A050JN96;A0A046HC67;A0A058IUY5;A0A047NXM9;A0A051QMR7;A0A049XXY1;A0A053MQ02;A0A058PN71;A0A045W3H7;A0A039WHE6;A0A058M827;A0A041YGU0;A0A053AS36;A0A041WFY5;A0A055R7V1;A0A045L2Z4;A0A042VA01;A0A050IVW6;A0A038MYI9;A0A047N0C4;A0A052ECZ8;A0A053S4B2;A0A053JX42;A0A043DZT3;L0Q1G4;A0A046NG30;A0A056M9A8;A0A043D6S1;A0A053WX90;A0A039LUV2;A0A047WGL4;A0A053F3S2;A0A057WCA4;A0A040YHU4;A0A044DDW5;A0A051DUN5;A0A044LXB7;A0A071TMJ8;D5YYA0;A0A048FAR2;A0A046IGV7;A0A048A797;A0A057MFK9;A0A043IDK3;A0A057CR21;A0A053KHD7;A0A057A6Q7;A0A056I124;A0A056WAG9;A0A120IZ11;A0A042QJ36;A0A044KUK0;A0A049RMB5;A0A044NZ52;A0A050C2R5;A0A039KWX8;A0A051M5K4;A0A048VW27;A0A045ZYC0;A0A054XQI0;A0A052K282;A0A1Q1XZH6;A0A053V4C6;A0A057ZT85;A0A049FZL5;A0A049BVT2;A4KMU0;A0A046AGI9;A0A051IMI9;A0A055ZDF5;A0A047TPM1;A0A040IYX7;A0A057RYV7;A0A045BQM6;A0A045SVB3;A5U9F3;A0A071RYF1;A0A043VGS2;A0A046GIR3;A0A045LTU2;A0A049L6R5;A0A053ZA50;A0A051DCW9;A0A050GF28;A0A052KJV5;A0A057CIA8;A0A044ZVZ4;A0A044GXC0;A0A058JHT1;A0A050H4H1;A0A039SRB3;A0A046YYW0;A0A1Q1WPM5;A0A043SJ81;A0A049J783;A0A058EL85;A0A053CRG7;A0A056ZE52;A0A044GAC3;A0A049KC58;A0A9P2H493;A0A039JYL1;A0A055NUP9;A0A046FWI2;A0A046LSM7;A0A043KAX7;A0A072A3Q2;A0A043RGA1;A0A071UQX1;A0A042AAH1;A0A048U2B4;A0A047ZFQ7;A0A055ESH1;A0A041KRI1;A0A041NGH3;A0A046DCL4;A0A051BQU8;A0A038RKD8;A0A054QP32;A0A071MTY7;A0A047VG20;A0A048Z286;A0A040S3N9;A0A042APE3;A0A058GC66;A0A049Q009;A0A045PMN4;A0A0K8KXJ3;A0A054RAE3;A0A057E1K2;A0A071UN44;A0A047FN97;A0A044RY26;A0A040Q692;A0A054L7W4;A0A053BF90;A0A050E2J6;A0A043CGX6;A0A058E0V0;A0A051BPE3;A0A047PIH7;A0A046BKC4;A0A071YV12;A0A046NVD2;A0A044JVI7;A0A051FAD1;A1KQF9;A0A046YHN0;A0A043GL38;A0A058MVL9;A0A048BEL2;A0A042JBH8;A0A042KVJ1;A0A057WB22;A0A054YIQ5;A0A048MIN4;A0A043GHL8;A0A044AF18;A0A045PQR2;A0A050JUZ3;A0A056IR46;A0A038MEL5;A0A054GX02;A0A054ZXN0;A0A058F3T3;A0A047ASF4;A0A054Z2M2;A0A053P1Y8;A0A044QDT8;A0A044M0U7;A0A055GN93;A0A054C5W6;A0A056KBR2;A0A057LQU7;A0A058DS15;A0A051ZAW4;A0A055VUQ6;A0A053LV91;A0A050JYI2;A0A050FQC0;A0A047ZBC8;A0A058L8M7;A0A1Q1Z8W5;A0A044VN79;A0A040GJ72;A0A043EJX3;A0A050BDG9;A0A048LT72;A0A052L9K1;A0A038ZCD5;A0A054L7X9;A5U9F3;A0A040TLV6;A0A047JPT1;A0A051VIY6;A0A051QUH9;A0A041QXU2;A0A042NSC5;A0A054AJ04;A0A057HN24;A0A042T3Y6;A0A043QLR5;A0A038SCZ3;A0A057H0Q6;A0A079JYA0;A0A038YD75;A0A054LL72;A0A8I0ESX7;A0A040KXG6;A0A042XJD5;A0A043UEG7;A0A051U208;A0A071NEK2;A0A042RJW9;A0A042TK33;A0A058HS95;A0A044RQI8;A0A057NKS1;A0A053HAR8;A0A071Q8M9;A0A048IV73;A0A058LNW1;A0A058SAI4;A0A044ZM16;A0A045ZFP1;A0A054AEW7;A0A049CVD0;A0A1Q1T6X4;A0A047RPA0;A0A1Q1SVY3;A0A048CSY4;A0A055V7U1;A0A053CKY2;A0A039TN99;A0A047UFC1;A0A048D6H7;A0A058D2B8;A0A051KKW8;A0A038U5F1;A0A041TAV9;A0A044B107;A0A055UAH3;A0A040D909;A0A040F4X0;A0A044R1W6;A0A058RD67;W8SH84;A0A071V7U6;A0A042LTW2;A0A056JYL9;A0A057AC58;A0A053Y8Z9;A0A042DAS9;A0A053UX93;A0A043SYB3;A0A058K050;A0A039N2F9;A0A051AYA1;A0A053R8J0;A0A038R703;A0A071R1R0;A0A039J4C2;A0A053C140;A0A071MS09;A0A050LCJ5;A0A055NDF4;A0A047XGJ6;A0A051V4H2;F2V803;A0A052G6R6;A0A071SWW0;A0A058J6W9;A0A054Z8V9;A0A044MU28;A0A2T3UF22;A0A7U4BYN7;A0A051B779;A0A055JYD3;A0A045AJP9;A0A055TJ87;A0A040HY54;A0A051IPX3;A0A057ZUM8;A0A040T122;A0A055M2L8;A0A040S4V5;A0A042KB16;A0A047TG35;A0A040K8M2;A0A039RLH1;A0A040EPA6;A0A047SLX6;A0A1Q1QBS2;A0A053VX35;A0A039HQS1;A0A045NG74;A0A056TVX7;A0A050DGC6;A0A051T0H4;A0A045NV96;A0A057WZ78;A0A049TV02;A0A109T1T6;A0A039Q627;A0A049IHH4;A0A049P9S9;A0A054I5R4;A0A056G3U8;A0A043YQR1;A0A041L6G2;A0A058MDE2;O07799;A0A047YST7;A0A056YJG1;A0A048S5F7;A0A045CJQ4;A0A058SBJ5;A0A079KGN3;A0A046BC33;A0A046FJ57;A0A047WAS6;A0A040T738;A0A049P9P4;A0A057TNR9;A0A050L3F4;A0A056GMF7;A0A044H9C3;A0A046Y4W5;A0A050AQ34;A0A039CUU2;A0A047YIX2;A0A046TPY0;A0A051G6W6;A0A053ZSK3;A0A051EJY3;A0A054MZ30;A0A054MDI1;A0A048PPU1;A0A045MR94;A0A049TDX8;A0A041S963;A0A044SPT9;A0A047AGN2;A0A039MVV8;A0A040M388;A0A043VAE1;A0A042GZ33;A0A048JH70;A0A1Q1YAG2;A0A039CWK1;W6GV73;A0A1Q1SJY3;A0A054QPR7;A0A3G2Y0L3;A0A054DPN5;A0A045UDP2;A0A041S5A0;A0A049Z188;A0A038TT99;A0A044ISC5;A0A1Q1USL3;A0A040IK05;A0A054PRJ6;A0A038VXC3;A0A055LBI4;A0A057SF63;A0A056X2N8;A0A043ATP2;A0A043S442;A0A045QM31;A0A042BAV7;A0A048H6N2;A0A054UR32;A0A041DS71;A0A048XZQ2;A0A040RBP0;A0A052LBS9;A0A057EKG1;A0A044AL74;A0A048BYW8;A0A049HF51;A0A047EQW3;A0A047GCH7;A0A083VQK8;A0A039LZV0;A0A056LNE1;A0A056EET6;A0A048KED3;A0A055QKY2;A0A049W3N3;A0A043P8S5;A0A044DHX0;A0A055YW63;A0A047AJU7;A0A047FXM0;A0A071TST3;A0A049N1U5;A0A043NRK8;A0A047XNK7;A0A039YX39;A0A071YRF7;A0A054GFD5;A0A052ZWL3;A0A038NV35;A0A040PEC4;A0A056VVT6;A0A038PJU8;A0A8E0A8J5;A0A054JTK3;A0A039ZEF8;A0A053B3K2;A0A071ZS55;A0A047LBS0;A0A048EFV5;A0A051JLI4;A0A053TJW3;A0A040L9V8;A0A039UWU0;A0A041FBH4;A0A039XKQ3;A0A048L273;A0A043BWD5;F8M9T1;L0TDN6;A0A040MVR3;A0A038WAE2;A0A056VDA7;A0A052BIZ2;A0A042P244;A0A054UFV3;A0A071RLL8;A0A045BKV8;A0A052DTQ4;A0A058IR86;A0A044PXU4;A0A049GW89;A0A057L772;A0A050ERG2;A0A040FRY5;A0A044DEC7;A0A047KQA8;A0A052QDX9;A0A056AM93;A0A057UYT3;A0A056ZF12;A0A055ME09;A0A056Q7N4;A0A056PC14;A0A071WKW5;A0A040PXA0;A0A043DES5;A0A054EVH1;A0A042AFT8;A0A042M4S2;A0A053AJU6;A0A045KD12;A0A052WPR3;A0A056U2P1;A0A049UWS5;A0A046SFV3;A0A041JAX8;A0A047A0B5;A0A046F0H8;A0AA34UZ69;A0A038PST8;A0A044VYR4;A0A041N4E9;A0A046EKW7;A0A057VN84;A0A052W7B2;A0A043BPT0;A0A052BM02;A0A054B2P2;A0A054Q7F5;A0A038NP63;A0A042RC12;W6HU99;A0A079K6Z6;A0A051AJJ4;A0A056SC27;A0A043PPV4;A0A042QE96;A0A049RVF9;A0A040ZV62;A0A057QI14;A0A071XSZ4;A0A041TES4;A0A048HXA0;A0A053XMJ5;A0ABV1MCT0;A0A048Z420;A0A046JDF8;A0A046Q813;A0A058GW59;A0A058KN03;A0A053S7P3;A0A046W7J2;A0A050I1I4;A0A047MNG8;A0A049QUX8;A0A051EF92;A0A039R0Y5;A0A041II25;A0AAW8I471;A0A038VPK8;A0A043YDE0;A0A055ZDZ1;A0A057KEN3;A0A046TAV2;A0A054EI59;A0A043THJ2;A0A047LBS6;A0A044EDN4;A0A046W531;A0A044PP96;A0A043AJP9;A0A054HT52;A0A039RUE3;A0A039VZ57;A0A047TRW9;A0A051JMM4;A0A7U8TX49;A0A043TW37;A0A046NIB2;A0A053DZK5;A0A050TR66;A0A048SFJ2;A0A053KYU4;A0A071PZG4;A0A044YPU4;A0A046YEZ3;A0A045WVR5;A0A051S9S6;A0A051KM47;A0A038Y4U8;A0A039HGZ0;A0A041UU69;V2VWF8;A0A057LSR6;A0A057MIR4;A0A049WSU1;A0A046R917;A0A054K6T1;A0A060GHW1;A0A044CDF8;A0A057SQK1;A0A049YCX5;D5YLS8;A0A053R281;A0A043A5W9;A0A051LHI9;A0A045XPA0;A0A048UVG2;A0A043MZ55;A0A052VIT5;A0A054B8C3;A0A071WC64;A0A045RQN8;L0P016;A0A051X1B9;A0A038L3W1;A0A047E2M5;A0A052XZP4;A0A055RQ69;A0A057Y7R3;A0A047KJ19;A0A042F5U4;A0A056V7S8;A0A055FQV7;A0A038UB35;A0A043FYT3;A0A054J4Y4;A0A054TQ46;A0A049T6R3;A0A055KTV2;A0A047D1F5;A0A1Q1W2I8;A0A042Y0B1;A0A074SG10;A0A1Q2AUN5;A0A046ID22;H8I417;A0A057IP79;A0A044GIZ2;A0A042N7H6;A0A048IB28;A0A040WWT3;A0A049L0H4;A0A045AH21;A0A047DPB7;A0A049ECA8;A0A053IXB8;A0A054DU39;A0A053W4G2;A0A050HHR1;A0A1Q1ZWG0;A0A048T2L1;A0A050KG88;A0A055SK37;A0A044UGM4;A0A058HFL1;A0A055QJQ3;A0A039DAP5;A0A056CQY1;A0A056UCN1;A0A038XHI8;A0A040GLN8;A0A040VXU9;A0A054F0Y6;A0A056L1M2;A0A806K220;A0A048P0A0;A0A051FCB5;A0A055T853;A0A043DQG5;A0A054ZCR2;A0A043PX57;A0A058HAA1;A0A038LQL5;A0A047MLJ3;A0A046J647;A0A071T241;A0A050B5E0;A0A057AUR3;A2VMK0;A0A042ULJ1;A0A050F0M6;A0A044XRQ4;A0A049B8N8;A0A058R3T1;A0A056YZP4;A0A049F3D3;A0A048DM41;A0A058S395;A0A042JRR0;A0A057CG95;A0A057URU7;A0A053FZ64;A0A048YUA8;A0A047L7R1;A0A045T5R0;A0A045WQZ2;A0A039QK88;A0A052CE88;A0A048F7H7;A0A054KRW9;A0A044AQX4;A0A044UHX2;A0A047HRX1;A0A053QBI5;A0A044XBM2;A0A054VLR0;A0A043L063;A0A050WM35;A0A053PQ02;A0A054SGD2;A0A056IMY2;A0A058BPI5;A0A071SX31;A0A057J7Z9;A0A056X794;A0A057KGY0;A0A056MAA8;A0A044WWI3;A0A048R8C8;A0A056END4;A0A040QLK2;A0A046CGD6;A0A050GI67;A0A055YEY5;A0A1Q1YLL7;A0A048LG82;A0A047M6I1;A0A045HDV9;A0A045PDG1;A0A046UYF5;A0A053FHR3;A0A054ZNQ9;R4MNI8;A0A041CRZ1;A0A040Z9A5;A0A046GIJ9;A0A042LVD9;A0A0P1HP12;A0A044IE26;A0A050KX31;A0A056WJV9;A0A040LZJ6;A0A041BKF6;A0A044FWW1;A0A050IB16;A0A1Q2B5U4;A0A045QUG8;A0A041XQX3;A0A041E2H5;A0A048W7N5;A0A051VXV0;A0A048KZG4;A0A043Y9A4;A0A054KE56;A0A043K788;A0A057XMX8;A0A047P1Y6;A0A057BFT1;A0A049VHF0;A0A043L546;A0A042DPV6;A0A044YY25;A0A055I889;A0A038LR30;A0A045NVP1;A0A041HAD2;A0A049M471;L0QDW2;A0A057J6I5;A0A051XTG7;A0A044U1N8;A0A048WYN8;A0A046XIP7;A0A050YY53;A0A042T7I5;D7EXD5;A0A042WWL5;A0A040R144;A0A039ZQC7;A0A053WCE1;A0A053W490;A0A040K022;A0A048ALN8;A0A058AJC0;A0A057Y9Y6;A0A054XSC4;A0A038SCU1;A0A039WVN9;A0A045XUM3;A0A048BJD7;A0A056A3Y0;A0A058E808;A0A056NMX9;A0A039ZL25;A0A039H4D3;A0A040U367;A0A055EEQ0;A0A051PD32;A0AAC8LJR4;A0A057EKD4;A0A048HYH2;A0A046L3H1;A0A046TTN3;A0A046PKB4;A0A039XWH8;A0A040GET9;A0A048DPK9;A0A044PEZ0;A0A040LT69;A0A048K317;A1KQF9;A0A055AU78;A0A051YPV4;A0A044I626;A0A038W4Y6;A0A049TQN2;A0A047HRZ1;A0A049C8A4;A0A053ND30;A0A071VTP6;A0A054GSR3;A0A039CE85;A0A047UAF2;A0A058MUF8;A0A040P054;A0A040E3S5;A0A043AYV3;A0A050HFJ5;A0A054MYT1;A0A051RL56;A0A050CDV8;A0A038PKB6;A0A053YWN7;A0A041RTX4;A0A045CM68;A0A053XUH7;A0A041J7D1;A0A051WQR8;A0A043I1C4;A0A048X9I1;A0A044I0V4;A0A039NXF1;A0A046HFL4;A0A057NNM7;A0A044YNL5;A0A056LEZ5;A0A058B3L6;A0A041CDX8;A0A042VQY4;A0A045KDP8;A0A051IP05;A0A054SD61;A0A046DZI5;A0A047YEJ3;A0A056VKC3;A0A054W100;A0A042CY09;A0A1Q2A7D7;D6FUM5;A0A045J5B9;A0A040G1G6;A0A053QLD4;A0A056HIE7;A0A057N131;A0A071ZI48;A0A055Q0A0;A0A052V5W3;A0A056KJG2;A0A040FN97;A0A051UYZ2;A0A048CD00;A0A040UYI5;A0A042L1U9;A0A046MGU0;A0A046UBL3;A0A050M539;A0A042R6F4;A0A042SGJ2;A0A055WFJ1;A0A040ID90;A0A047DGP3;A0A055Q3P0;A0A042IKM7;A0A046BUU1;A0A050ZJ55;A0A057R5V1;A0A041X588;A0A045YQX3;A0A038XAG8;A0A057VN69;A0A046UJR2;A0A1Q1XNT6;A0A057RLR2;A0A045WSP1;A0A043IDN1;A0A041P5K7;A0A046MCN9;A0A043RE17;A0A050M7E1;A0A052ZIJ3;A0A053T1P2;A0A053J8J0;A0A053ZW08;A0A039U753;A0A045ZZK5;A0A040YWA3;A0A043HX72;A0A8E0DXK8;A0A039XE10;Q7TVK9;A0A044BJY6;A0A043WU65;A0A056ZUU4;A0A045BHW7;A0A039SCL1;A0A041GN56;A0A042C6D2;A0A043UF27;A0A057BZN2;A0A044LTB3;A0A055KSN1;A0A7S8CHS9;A0A040AVV3;A0A056MVW9;A0A045ESQ8;A0A043JC02;A0A056PSP0;A0A047X887;A0A047I963;A0A057JQ31;A0A044MF08;A0A072EN70;A0A057TQ62;A0A046RA23;A0A043EJK0;A0A051CQD8;A0A049VVR7;A0A054TWI5;A0AAQ0EXE1;A0A044HFL3;A0A048ZKL3;A0A042Z1E6;A0A058QG36;A0A047HJM0;A0A055V311;A0A044GB07;A0A1Q1X0Z8;V2V7N6;A0A048XZ20;A0A055KFY7;A0A042PH23;A0A047FH18;A0A049C4U4;A0A041QCU7;A0A071VII2;A0A047BYQ2;A0A047GZJ5;A0A048MVL7;A0A7U4CDB9;A0A043WL09;A0A040CJ12;A0A055S8X9;A0A049HN34;A0A043ZT07;A0A046Q7D8;A0A051XYA8;A0A039JRY5;A0A046J981;A0A047BX26;A0A046VUH7;A0A054IJS3;A0A039SWU9;A0A045D2D7;A0A057U1S0;A0A049L5H3;A0A043EUT8;A0A051PA56;A0A048ZND4;A0A047S886;A0A044ZUN4;A0A049IBA7;A0A040BAA1;A0A056Z4Q6;A0A053GE04;A0A057DBQ2;A0A050PUY7;A0A044FEC5;A0A042M483;A0A042SUQ6;A0A045UAX8;A0A048F6W0;A0A056MYB6;A0AAP5EVE4;A0A040LET4;A0A047PQE2;A0A057QUM3;A0A047JT17;A0A049K5E6;A0A054HQ83;A0A043CYV6;A0A071X3H3;A0A047SMP8;A0A040ATF6;A0A048HCA1;A0A072BB19;A0A1Q1U5K2;A0A055WJA8;G7QSR2;A0A055S390;A0A057B6L2;A0A039YXS9;A0A048IXP4;A0A047GUZ9;A0A050B092;A0A055TVF2;A0A045QKE2;A0A044TEM5;A0A197IVS2;A0A044J780;A0A046LLG1;A0A049ZMJ4;A0A046MX58;A0A052G2N9;A0A040DR65;A0A040WEY3;A0A058D6W3;A0A040CS33;A0A040XCP6;A0A049NKS9;A0A052YZX1;A0A043M8B6;A0A054P3E5;A0A043WJC5;A0A052MGT9;A0A046F9D2;A0A044BZY5;A0A045MTQ0;A0A052LVZ5;A0A055XNR5;A0A049NAJ3;A0A044S9D7;A0A050E1C2;A0A039PE60;A0A041APN3;A0A052YF27;A0A071WDH1;A0A044DWM3;A0A041N6J0;A0A057GFS3;A0A048K017;A0A039TNU9;A0A050PMW0;A0A056BEJ4;A0A050D6I4;A0A058QNV3;A0A048MJG4;A0A056E2T1;A0A071Y6C2;A0A041GLN3;A0A039L7C4;A0A046CCS0;A0A038SVX5;A0A050Z1K1;A0A052ZVU0;A0A044NUJ8;A0A043XEI3;A0A045KV04;A0A058BZ48;A0A039UDT6;A0A048FXC0;A0A7U4GBK2;A0A054G3H3;A0A057WXV9;A0A1Q1TI35;A0A056NK22;A0A042WQ66;A0A055FPW7;A0A047CDG6;A0A046ZKX2;A0A057DF45;A0A045SLM5;A0A042X5A0;A0A055W420;A0A053MA85;A0A045RFK3;A0A056CM71;A0A043Y3P3;A0A052ZZF5;A0A328G973;A0A048TXE6;A0A057I5L4;A0A058NW38;A0A053UB09;A0A055HL67;A0A045TJY3;A0A046GWH2;A0A039KT84;A0A039NZI7;A0A040WZI0;A0A043J874;A0A042MSD1;A0A052U9H2;A0A038MK86;A0A044CKZ6;A0A047G4H9;A0A055IRC9;A0A055I6W0;A0A053E5N6;A0A049PIS3;A0A043THX6;A0A046D3B7;A0A049M467;A0A039I2X7;A0A047UTQ0;A0A053WT26;A0A048JJJ3;A0A045V4R3;A0A056H157;A0A056ABF9;P9WIK9;A0A055H9Y5;R4SQN4;A0A040V7Z7;A0A1Q1YY54;A0A053GIH6;A0A043PFF1;A0A058KNL3;A0A042CPG7;A0A040R9Q9;A0A052KNU4;A0A056REX5;A0A054BYS4;A0A057GQP6;A0A038RMR1;A0A053REW9;A0A047EZ61;A0A046X880;A0A054Y4T4;A0A071WG83;A0A053T385;A0A045E2U5;A0A048E548;M9UZ06;W6HXF6;A0A041SF48;A0A052RG14;A0A1Q1RL90;A0A048RFZ4;A0AAX1PPF0;A0A048ACN1;A0A055BET9;A0A045YS32;A0AB74LK04;A0A039L9A7;A0A043QTI5;X2BQ32;A0A054DA95;A0A047U5A2;A0A051LCB7;A0A053EM34;A0A056BBX4;A0A071RE29;A0A058FSB8;S5F032;A0A045JT97;A0A051GZZ6;A0A058LLE2;A0A291MEX4;A0A042Q0H2;A0A049QFC4;A0A041B7P5;A0A058PX22;A0AAC8V659;I6YH84;A0A1R3Y5E3;Q7TVK9;A0A042JU53;A0A043SA01;A0A053DPL6;A0A046E3A3;A0A044MXR4;A0A044VAU5;A0A053N7L3;A0A041Z7M0;A0A052LWM5;A0A044NU42;A0A046PCG8;A0A072BIX7;A0A040BK13;A0A048RVF8;A0A056QR93;A0A053RFH3;A0A057PJK5;A0A043UTT5;A0A081GBQ8;A0A045VWP5;A0A049RTI0;A0A057YTX9;A0A057G389;M1I0J0;A0A1Q1S8E0;A0A038Q5V9;A0A041M356;A0A054GE52;A0A039PUF0;A0A058NTK1;A0A045XSU6;A0A047ZKU8;A0A055AQF4;A0A057L1P3;A0A098A3T7;A0A038NIE1;A0A052PX31;A0A057NW56;A0A039FCH6;A0A056GJK0;A0A044L7J6;A0A055WZS4;A0ABX2VES8;A0A040E6T7;A0A046AVE3;A0A071NKD8;A0A042BQ60;A0A051C8D9;A0A1S1BBL5;A0A056RVY6;A0A040BWZ6;A0A052FVG9;A0A055H2E6;A0A044EDT0;A0A045YZA6;A0A049S5Y7;A0A045X0T3;A0A054CZR5;A0A049SF54;A0A048EE52;A0A043JEY2;A0A055SQQ8;A0A052JL66;A0A1Q2AIK8;A0A8S7LTL1;A0A040HDT9;A0A056FNE6;A0A057XH19;A0A054BMH3;A0A058PBP9;A0A041VEG5;A0A044KI62;A0A047PJ70;A0A046TM17;A0A043D8C0;D5YA83;A0A043M8V2;A0A042SGY1;A0A042UG73;A0A048VPG6;A0A043NGF9;A0A679LLY5;A0A7U5B3C6;A0A051LZQ5;A0A044FB29;A0A053YXD1;A0A057UJB4;A0A071QNQ0;A0A049HDV0;A0A046RIU2;A0A047B6E7;A0A0B6T7N4;A0A039ETX9;A0A041ICJ5;A0A038RF56;A0A045L9G1;A0A057P7K3;A0A042HEZ0;A0A042YK71;A0A043ZDI2;A0A039NH94;A0A042V5R3;A0A044R6X7;A0A042Z0H3;A0A044WN22;A0A039GLM9;A0A039FNS5;A0A046S4V2;A0A050FNU9;A0A051Q1K4;A0A042WLZ0;A0A050CS54;A0A056V2T1;A0A056XU12;A0A046IGT0;A0A039DW56;A0A038UT36;A0A055XCA9;A0A0E0YY22;F9V2B8;A0A040A4W8,1783272,Bacillati,Bacteria,Unresolved,True,True,True,False,07D7766EF181C4E5,0.090989783,0.9634456038475036,101
9690,07D7766EF181C4E5,511,UniProtKB/TrEMBL (unreviewed representative),UPI00000CCB3E,A0A040KIM5;A0A048NZ03;A0A054TRV1;A0A071RZ30;C1AIT0;A0A043FN47;A0A044UM76;A0A055ABK0;A0A056EKW6;A0A043M465;A0A072AKV8;A0A042YB11;A0A048XYZ8;A0A041Z9C2;A0A043LEI0;A0A052DZ51;A0A056JCF9;A0A055M6K6;A0A043FM38;A0A056I1I9;A0A050ESU9;A0A053TN61;A0A043X3B9;A0A043K5Z1;A0A053YJZ9;A0A054EGP2;A0A049F1K2;A0A1Q1ZJX9;A0A040PCQ3;A0A053UJM8;A0A057E012;A0A041W3U7;A0A047WRT9;A0A038QEI5;A0A040J948;A0A041QPW3;A0A1Q1XCD3;R4MKB4;A0A054Q156;A0A055LQ84;A0A045SBC1;A0A038V7Y5;A0A047VKA0;A0A052W6R8;A0A039MNM3;A0A042TXP3;A0A054FM11;A0A071X755;A0A045UPQ0;A0A041ATP7;A0A058B928;A0A8E0C2U0;A0A053HK48;W6HKR8;A0A071Z607;A0A1Q1QMU4;A0A044JFA3;A0A051CK28;A0A4U7MQ34;A0A055ZPI3;A0A056R2W6;A0A041VBR6;A0A055JIE0;A0A050J751;A0A039EDH3;A0A056C5C0;A0A051DID4;A0A051XVG4;A0A047R5Y6;A0A050BQ81;A0A7U4G3R5;A0A048WS75;A0A058CFQ4;A0A050JN96;A0A046HC67;A0A058IUY5;A0A047NXM9;A0A051QMR7;A0A049XXY1;A0A053MQ02;A0A058PN71;A0A045W3H7;A0A039WHE6;A0A058M827;A0A041YGU0;A0A053AS36;A0A041WFY5;A0A055R7V1;A0A045L2Z4;A0A042VA01;A0A050IVW6;A0A038MYI9;A0A047N0C4;A0A052ECZ8;A0A053S4B2;A0A053JX42;A0A043DZT3;L0Q1G4;A0A046NG30;A0A056M9A8;A0A043D6S1;A0A053WX90;A0A039LUV2;A0A047WGL4;A0A053F3S2;A0A057WCA4;A0A040YHU4;A0A044DDW5;A0A051DUN5;A0A044LXB7;A0A071TMJ8;D5YYA0;A0A048FAR2;A0A046IGV7;A0A048A797;A0A057MFK9;A0A043IDK3;A0A057CR21;A0A053KHD7;A0A057A6Q7;A0A056I124;A0A056WAG9;A0A120IZ11;A0A042QJ36;A0A044KUK0;A0A049RMB5;A0A044NZ52;A0A050C2R5;A0A039KWX8;A0A051M5K4;A0A048VW27;A0A045ZYC0;A0A054XQI0;A0A052K282;A0A1Q1XZH6;A0A053V4C6;A0A057ZT85;A0A049FZL5;A0A049BVT2;A4KMU0;A0A046AGI9;A0A051IMI9;A0A055ZDF5;A0A047TPM1;A0A040IYX7;A0A057RYV7;A0A045BQM6;A0A045SVB3;A5U9F3;A0A071RYF1;A0A043VGS2;A0A046GIR3;A0A045LTU2;A0A049L6R5;A0A053ZA50;A0A051DCW9;A0A050GF28;A0A052KJV5;A0A057CIA8;A0A044ZVZ4;A0A044GXC0;A0A058JHT1;A0A050H4H1;A0A039SRB3;A0A046YYW0;A0A1Q1WPM5;A0A043SJ81;A0A049J783;A0A058EL85;A0A053CRG7;A0A056ZE52;A0A044GAC3;A0A049KC58;A0A9P2H493;A0A039JYL1;A0A055NUP9;A0A046FWI2;A0A046LSM7;A0A043KAX7;A0A072A3Q2;A0A043RGA1;A0A071UQX1;A0A042AAH1;A0A048U2B4;A0A047ZFQ7;A0A055ESH1;A0A041KRI1;A0A041NGH3;A0A046DCL4;A0A051BQU8;A0A038RKD8;A0A054QP32;A0A071MTY7;A0A047VG20;A0A048Z286;A0A040S3N9;A0A042APE3;A0A058GC66;A0A049Q009;A0A045PMN4;A0A0K8KXJ3;A0A054RAE3;A0A057E1K2;A0A071UN44;A0A047FN97;A0A044RY26;A0A040Q692;A0A054L7W4;A0A053BF90;A0A050E2J6;A0A043CGX6;A0A058E0V0;A0A051BPE3;A0A047PIH7;A0A046BKC4;A0A071YV12;A0A046NVD2;A0A044JVI7;A0A051FAD1;A1KQF9;A0A046YHN0;A0A043GL38;A0A058MVL9;A0A048BEL2;A0A042JBH8;A0A042KVJ1;A0A057WB22;A0A054YIQ5;A0A048MIN4;A0A043GHL8;A0A044AF18;A0A045PQR2;A0A050JUZ3;A0A056IR46;A0A038MEL5;A0A054GX02;A0A054ZXN0;A0A058F3T3;A0A047ASF4;A0A054Z2M2;A0A053P1Y8;A0A044QDT8;A0A044M0U7;A0A055GN93;A0A054C5W6;A0A056KBR2;A0A057LQU7;A0A058DS15;A0A051ZAW4;A0A055VUQ6;A0A053LV91;A0A050JYI2;A0A050FQC0;A0A047ZBC8;A0A058L8M7;A0A1Q1Z8W5;A0A044VN79;A0A040GJ72;A0A043EJX3;A0A050BDG9;A0A048LT72;A0A052L9K1;A0A038ZCD5;A0A054L7X9;A5U9F3;A0A040TLV6;A0A047JPT1;A0A051VIY6;A0A051QUH9;A0A041QXU2;A0A042NSC5;A0A054AJ04;A0A057HN24;A0A042T3Y6;A0A043QLR5;A0A038SCZ3;A0A057H0Q6;A0A079JYA0;A0A038YD75;A0A054LL72;A0A8I0ESX7;A0A040KXG6;A0A042XJD5;A0A043UEG7;A0A051U208;A0A071NEK2;A0A042RJW9;A0A042TK33;A0A058HS95;A0A044RQI8;A0A057NKS1;A0A053HAR8;A0A071Q8M9;A0A048IV73;A0A058LNW1;A0A058SAI4;A0A044ZM16;A0A045ZFP1;A0A054AEW7;A0A049CVD0;A0A1Q1T6X4;A0A047RPA0;A0A1Q1SVY3;A0A048CSY4;A0A055V7U1;A0A053CKY2;A0A039TN99;A0A047UFC1;A0A048D6H7;A0A058D2B8;A0A051KKW8;A0A038U5F1;A0A041TAV9;A0A044B107;A0A055UAH3;A0A040D909;A0A040F4X0;A0A044R1W6;A0A058RD67;W8SH84;A0A071V7U6;A0A042LTW2;A0A056JYL9;A0A057AC58;A0A053Y8Z9;A0A042DAS9;A0A053UX93;A0A043SYB3;A0A058K050;A0A039N2F9;A0A051AYA1;A0A053R8J0;A0A038R703;A0A071R1R0;A0A039J4C2;A0A053C140;A0A071MS09;A0A050LCJ5;A0A055NDF4;A0A047XGJ6;A0A051V4H2;F2V803;A0A052G6R6;A0A071SWW0;A0A058J6W9;A0A054Z8V9;A0A044MU28;A0A2T3UF22;A0A7U4BYN7;A0A051B779;A0A055JYD3;A0A045AJP9;A0A055TJ87;A0A040HY54;A0A051IPX3;A0A057ZUM8;A0A040T122;A0A055M2L8;A0A040S4V5;A0A042KB16;A0A047TG35;A0A040K8M2;A0A039RLH1;A0A040EPA6;A0A047SLX6;A0A1Q1QBS2;A0A053VX35;A0A039HQS1;A0A045NG74;A0A056TVX7;A0A050DGC6;A0A051T0H4;A0A045NV96;A0A057WZ78;A0A049TV02;A0A109T1T6;A0A039Q627;A0A049IHH4;A0A049P9S9;A0A054I5R4;A0A056G3U8;A0A043YQR1;A0A041L6G2;A0A058MDE2;O07799;A0A047YST7;A0A056YJG1;A0A048S5F7;A0A045CJQ4;A0A058SBJ5;A0A079KGN3;A0A046BC33;A0A046FJ57;A0A047WAS6;A0A040T738;A0A049P9P4;A0A057TNR9;A0A050L3F4;A0A056GMF7;A0A044H9C3;A0A046Y4W5;A0A050AQ34;A0A039CUU2;A0A047YIX2;A0A046TPY0;A0A051G6W6;A0A053ZSK3;A0A051EJY3;A0A054MZ30;A0A054MDI1;A0A048PPU1;A0A045MR94;A0A049TDX8;A0A041S963;A0A044SPT9;A0A047AGN2;A0A039MVV8;A0A040M388;A0A043VAE1;A0A042GZ33;A0A048JH70;A0A1Q1YAG2;A0A039CWK1;W6GV73;A0A1Q1SJY3;A0A054QPR7;A0A3G2Y0L3;A0A054DPN5;A0A045UDP2;A0A041S5A0;A0A049Z188;A0A038TT99;A0A044ISC5;A0A1Q1USL3;A0A040IK05;A0A054PRJ6;A0A038VXC3;A0A055LBI4;A0A057SF63;A0A056X2N8;A0A043ATP2;A0A043S442;A0A045QM31;A0A042BAV7;A0A048H6N2;A0A054UR32;A0A041DS71;A0A048XZQ2;A0A040RBP0;A0A052LBS9;A0A057EKG1;A0A044AL74;A0A048BYW8;A0A049HF51;A0A047EQW3;A0A047GCH7;A0A083VQK8;A0A039LZV0;A0A056LNE1;A0A056EET6;A0A048KED3;A0A055QKY2;A0A049W3N3;A0A043P8S5;A0A044DHX0;A0A055YW63;A0A047AJU7;A0A047FXM0;A0A071TST3;A0A049N1U5;A0A043NRK8;A0A047XNK7;A0A039YX39;A0A071YRF7;A0A054GFD5;A0A052ZWL3;A0A038NV35;A0A040PEC4;A0A056VVT6;A0A038PJU8;A0A8E0A8J5;A0A054JTK3;A0A039ZEF8;A0A053B3K2;A0A071ZS55;A0A047LBS0;A0A048EFV5;A0A051JLI4;A0A053TJW3;A0A040L9V8;A0A039UWU0;A0A041FBH4;A0A039XKQ3;A0A048L273;A0A043BWD5;F8M9T1;L0TDN6;A0A040MVR3;A0A038WAE2;A0A056VDA7;A0A052BIZ2;A0A042P244;A0A054UFV3;A0A071RLL8;A0A045BKV8;A0A052DTQ4;A0A058IR86;A0A044PXU4;A0A049GW89;A0A057L772;A0A050ERG2;A0A040FRY5;A0A044DEC7;A0A047KQA8;A0A052QDX9;A0A056AM93;A0A057UYT3;A0A056ZF12;A0A055ME09;A0A056Q7N4;A0A056PC14;A0A071WKW5;A0A040PXA0;A0A043DES5;A0A054EVH1;A0A042AFT8;A0A042M4S2;A0A053AJU6;A0A045KD12;A0A052WPR3;A0A056U2P1;A0A049UWS5;A0A046SFV3;A0A041JAX8;A0A047A0B5;A0A046F0H8;A0AA34UZ69;A0A038PST8;A0A044VYR4;A0A041N4E9;A0A046EKW7;A0A057VN84;A0A052W7B2;A0A043BPT0;A0A052BM02;A0A054B2P2;A0A054Q7F5;A0A038NP63;A0A042RC12;W6HU99;A0A079K6Z6;A0A051AJJ4;A0A056SC27;A0A043PPV4;A0A042QE96;A0A049RVF9;A0A040ZV62;A0A057QI14;A0A071XSZ4;A0A041TES4;A0A048HXA0;A0A053XMJ5;A0ABV1MCT0;A0A048Z420;A0A046JDF8;A0A046Q813;A0A058GW59;A0A058KN03;A0A053S7P3;A0A046W7J2;A0A050I1I4;A0A047MNG8;A0A049QUX8;A0A051EF92;A0A039R0Y5;A0A041II25;A0AAW8I471;A0A038VPK8;A0A043YDE0;A0A055ZDZ1;A0A057KEN3;A0A046TAV2;A0A054EI59;A0A043THJ2;A0A047LBS6;A0A044EDN4;A0A046W531;A0A044PP96;A0A043AJP9;A0A054HT52;A0A039RUE3;A0A039VZ57;A0A047TRW9;A0A051JMM4;A0A7U8TX49;A0A043TW37;A0A046NIB2;A0A053DZK5;A0A050TR66;A0A048SFJ2;A0A053KYU4;A0A071PZG4;A0A044YPU4;A0A046YEZ3;A0A045WVR5;A0A051S9S6;A0A051KM47;A0A038Y4U8;A0A039HGZ0;A0A041UU69;V2VWF8;A0A057LSR6;A0A057MIR4;A0A049WSU1;A0A046R917;A0A054K6T1;A0A060GHW1;A0A044CDF8;A0A057SQK1;A0A049YCX5;D5YLS8;A0A053R281;A0A043A5W9;A0A051LHI9;A0A045XPA0;A0A048UVG2;A0A043MZ55;A0A052VIT5;A0A054B8C3;A0A071WC64;A0A045RQN8;L0P016;A0A051X1B9;A0A038L3W1;A0A047E2M5;A0A052XZP4;A0A055RQ69;A0A057Y7R3;A0A047KJ19;A0A042F5U4;A0A056V7S8;A0A055FQV7;A0A038UB35;A0A043FYT3;A0A054J4Y4;A0A054TQ46;A0A049T6R3;A0A055KTV2;A0A047D1F5;A0A1Q1W2I8;A0A042Y0B1;A0A074SG10;A0A1Q2AUN5;A0A046ID22;H8I417;A0A057IP79;A0A044GIZ2;A0A042N7H6;A0A048IB28;A0A040WWT3;A0A049L0H4;A0A045AH21;A0A047DPB7;A0A049ECA8;A0A053IXB8;A0A054DU39;A0A053W4G2;A0A050HHR1;A0A1Q1ZWG0;A0A048T2L1;A0A050KG88;A0A055SK37;A0A044UGM4;A0A058HFL1;A0A055QJQ3;A0A039DAP5;A0A056CQY1;A0A056UCN1;A0A038XHI8;A0A040GLN8;A0A040VXU9;A0A054F0Y6;A0A056L1M2;A0A806K220;A0A048P0A0;A0A051FCB5;A0A055T853;A0A043DQG5;A0A054ZCR2;A0A043PX57;A0A058HAA1;A0A038LQL5;A0A047MLJ3;A0A046J647;A0A071T241;A0A050B5E0;A0A057AUR3;A2VMK0;A0A042ULJ1;A0A050F0M6;A0A044XRQ4;A0A049B8N8;A0A058R3T1;A0A056YZP4;A0A049F3D3;A0A048DM41;A0A058S395;A0A042JRR0;A0A057CG95;A0A057URU7;A0A053FZ64;A0A048YUA8;A0A047L7R1;A0A045T5R0;A0A045WQZ2;A0A039QK88;A0A052CE88;A0A048F7H7;A0A054KRW9;A0A044AQX4;A0A044UHX2;A0A047HRX1;A0A053QBI5;A0A044XBM2;A0A054VLR0;A0A043L063;A0A050WM35;A0A053PQ02;A0A054SGD2;A0A056IMY2;A0A058BPI5;A0A071SX31;A0A057J7Z9;A0A056X794;A0A057KGY0;A0A056MAA8;A0A044WWI3;A0A048R8C8;A0A056END4;A0A040QLK2;A0A046CGD6;A0A050GI67;A0A055YEY5;A0A1Q1YLL7;A0A048LG82;A0A047M6I1;A0A045HDV9;A0A045PDG1;A0A046UYF5;A0A053FHR3;A0A054ZNQ9;R4MNI8;A0A041CRZ1;A0A040Z9A5;A0A046GIJ9;A0A042LVD9;A0A0P1HP12;A0A044IE26;A0A050KX31;A0A056WJV9;A0A040LZJ6;A0A041BKF6;A0A044FWW1;A0A050IB16;A0A1Q2B5U4;A0A045QUG8;A0A041XQX3;A0A041E2H5;A0A048W7N5;A0A051VXV0;A0A048KZG4;A0A043Y9A4;A0A054KE56;A0A043K788;A0A057XMX8;A0A047P1Y6;A0A057BFT1;A0A049VHF0;A0A043L546;A0A042DPV6;A0A044YY25;A0A055I889;A0A038LR30;A0A045NVP1;A0A041HAD2;A0A049M471;L0QDW2;A0A057J6I5;A0A051XTG7;A0A044U1N8;A0A048WYN8;A0A046XIP7;A0A050YY53;A0A042T7I5;D7EXD5;A0A042WWL5;A0A040R144;A0A039ZQC7;A0A053WCE1;A0A053W490;A0A040K022;A0A048ALN8;A0A058AJC0;A0A057Y9Y6;A0A054XSC4;A0A038SCU1;A0A039WVN9;A0A045XUM3;A0A048BJD7;A0A056A3Y0;A0A058E808;A0A056NMX9;A0A039ZL25;A0A039H4D3;A0A040U367;A0A055EEQ0;A0A051PD32;A0AAC8LJR4;A0A057EKD4;A0A048HYH2;A0A046L3H1;A0A046TTN3;A0A046PKB4;A0A039XWH8;A0A040GET9;A0A048DPK9;A0A044PEZ0;A0A040LT69;A0A048K317;A1KQF9;A0A055AU78;A0A051YPV4;A0A044I626;A0A038W4Y6;A0A049TQN2;A0A047HRZ1;A0A049C8A4;A0A053ND30;A0A071VTP6;A0A054GSR3;A0A039CE85;A0A047UAF2;A0A058MUF8;A0A040P054;A0A040E3S5;A0A043AYV3;A0A050HFJ5;A0A054MYT1;A0A051RL56;A0A050CDV8;A0A038PKB6;A0A053YWN7;A0A041RTX4;A0A045CM68;A0A053XUH7;A0A041J7D1;A0A051WQR8;A0A043I1C4;A0A048X9I1;A0A044I0V4;A0A039NXF1;A0A046HFL4;A0A057NNM7;A0A044YNL5;A0A056LEZ5;A0A058B3L6;A0A041CDX8;A0A042VQY4;A0A045KDP8;A0A051IP05;A0A054SD61;A0A046DZI5;A0A047YEJ3;A0A056VKC3;A0A054W100;A0A042CY09;A0A1Q2A7D7;D6FUM5;A0A045J5B9;A0A040G1G6;A0A053QLD4;A0A056HIE7;A0A057N131;A0A071ZI48;A0A055Q0A0;A0A052V5W3;A0A056KJG2;A0A040FN97;A0A051UYZ2;A0A048CD00;A0A040UYI5;A0A042L1U9;A0A046MGU0;A0A046UBL3;A0A050M539;A0A042R6F4;A0A042SGJ2;A0A055WFJ1;A0A040ID90;A0A047DGP3;A0A055Q3P0;A0A042IKM7;A0A046BUU1;A0A050ZJ55;A0A057R5V1;A0A041X588;A0A045YQX3;A0A038XAG8;A0A057VN69;A0A046UJR2;A0A1Q1XNT6;A0A057RLR2;A0A045WSP1;A0A043IDN1;A0A041P5K7;A0A046MCN9;A0A043RE17;A0A050M7E1;A0A052ZIJ3;A0A053T1P2;A0A053J8J0;A0A053ZW08;A0A039U753;A0A045ZZK5;A0A040YWA3;A0A043HX72;A0A8E0DXK8;A0A039XE10;Q7TVK9;A0A044BJY6;A0A043WU65;A0A056ZUU4;A0A045BHW7;A0A039SCL1;A0A041GN56;A0A042C6D2;A0A043UF27;A0A057BZN2;A0A044LTB3;A0A055KSN1;A0A7S8CHS9;A0A040AVV3;A0A056MVW9;A0A045ESQ8;A0A043JC02;A0A056PSP0;A0A047X887;A0A047I963;A0A057JQ31;A0A044MF08;A0A072EN70;A0A057TQ62;A0A046RA23;A0A043EJK0;A0A051CQD8;A0A049VVR7;A0A054TWI5;A0AAQ0EXE1;A0A044HFL3;A0A048ZKL3;A0A042Z1E6;A0A058QG36;A0A047HJM0;A0A055V311;A0A044GB07;A0A1Q1X0Z8;V2V7N6;A0A048XZ20;A0A055KFY7;A0A042PH23;A0A047FH18;A0A049C4U4;A0A041QCU7;A0A071VII2;A0A047BYQ2;A0A047GZJ5;A0A048MVL7;A0A7U4CDB9;A0A043WL09;A0A040CJ12;A0A055S8X9;A0A049HN34;A0A043ZT07;A0A046Q7D8;A0A051XYA8;A0A039JRY5;A0A046J981;A0A047BX26;A0A046VUH7;A0A054IJS3;A0A039SWU9;A0A045D2D7;A0A057U1S0;A0A049L5H3;A0A043EUT8;A0A051PA56;A0A048ZND4;A0A047S886;A0A044ZUN4;A0A049IBA7;A0A040BAA1;A0A056Z4Q6;A0A053GE04;A0A057DBQ2;A0A050PUY7;A0A044FEC5;A0A042M483;A0A042SUQ6;A0A045UAX8;A0A048F6W0;A0A056MYB6;A0AAP5EVE4;A0A040LET4;A0A047PQE2;A0A057QUM3;A0A047JT17;A0A049K5E6;A0A054HQ83;A0A043CYV6;A0A071X3H3;A0A047SMP8;A0A040ATF6;A0A048HCA1;A0A072BB19;A0A1Q1U5K2;A0A055WJA8;G7QSR2;A0A055S390;A0A057B6L2;A0A039YXS9;A0A048IXP4;A0A047GUZ9;A0A050B092;A0A055TVF2;A0A045QKE2;A0A044TEM5;A0A197IVS2;A0A044J780;A0A046LLG1;A0A049ZMJ4;A0A046MX58;A0A052G2N9;A0A040DR65;A0A040WEY3;A0A058D6W3;A0A040CS33;A0A040XCP6;A0A049NKS9;A0A052YZX1;A0A043M8B6;A0A054P3E5;A0A043WJC5;A0A052MGT9;A0A046F9D2;A0A044BZY5;A0A045MTQ0;A0A052LVZ5;A0A055XNR5;A0A049NAJ3;A0A044S9D7;A0A050E1C2;A0A039PE60;A0A041APN3;A0A052YF27;A0A071WDH1;A0A044DWM3;A0A041N6J0;A0A057GFS3;A0A048K017;A0A039TNU9;A0A050PMW0;A0A056BEJ4;A0A050D6I4;A0A058QNV3;A0A048MJG4;A0A056E2T1;A0A071Y6C2;A0A041GLN3;A0A039L7C4;A0A046CCS0;A0A038SVX5;A0A050Z1K1;A0A052ZVU0;A0A044NUJ8;A0A043XEI3;A0A045KV04;A0A058BZ48;A0A039UDT6;A0A048FXC0;A0A7U4GBK2;A0A054G3H3;A0A057WXV9;A0A1Q1TI35;A0A056NK22;A0A042WQ66;A0A055FPW7;A0A047CDG6;A0A046ZKX2;A0A057DF45;A0A045SLM5;A0A042X5A0;A0A055W420;A0A053MA85;A0A045RFK3;A0A056CM71;A0A043Y3P3;A0A052ZZF5;A0A328G973;A0A048TXE6;A0A057I5L4;A0A058NW38;A0A053UB09;A0A055HL67;A0A045TJY3;A0A046GWH2;A0A039KT84;A0A039NZI7;A0A040WZI0;A0A043J874;A0A042MSD1;A0A052U9H2;A0A038MK86;A0A044CKZ6;A0A047G4H9;A0A055IRC9;A0A055I6W0;A0A053E5N6;A0A049PIS3;A0A043THX6;A0A046D3B7;A0A049M467;A0A039I2X7;A0A047UTQ0;A0A053WT26;A0A048JJJ3;A0A045V4R3;A0A056H157;A0A056ABF9;P9WIK9;A0A055H9Y5;R4SQN4;A0A040V7Z7;A0A1Q1YY54;A0A053GIH6;A0A043PFF1;A0A058KNL3;A0A042CPG7;A0A040R9Q9;A0A052KNU4;A0A056REX5;A0A054BYS4;A0A057GQP6;A0A038RMR1;A0A053REW9;A0A047EZ61;A0A046X880;A0A054Y4T4;A0A071WG83;A0A053T385;A0A045E2U5;A0A048E548;M9UZ06;W6HXF6;A0A041SF48;A0A052RG14;A0A1Q1RL90;A0A048RFZ4;A0AAX1PPF0;A0A048ACN1;A0A055BET9;A0A045YS32;A0AB74LK04;A0A039L9A7;A0A043QTI5;X2BQ32;A0A054DA95;A0A047U5A2;A0A051LCB7;A0A053EM34;A0A056BBX4;A0A071RE29;A0A058FSB8;S5F032;A0A045JT97;A0A051GZZ6;A0A058LLE2;A0A291MEX4;A0A042Q0H2;A0A049QFC4;A0A041B7P5;A0A058PX22;A0AAC8V659;I6YH84;A0A1R3Y5E3;Q7TVK9;A0A042JU53;A0A043SA01;A0A053DPL6;A0A046E3A3;A0A044MXR4;A0A044VAU5;A0A053N7L3;A0A041Z7M0;A0A052LWM5;A0A044NU42;A0A046PCG8;A0A072BIX7;A0A040BK13;A0A048RVF8;A0A056QR93;A0A053RFH3;A0A057PJK5;A0A043UTT5;A0A081GBQ8;A0A045VWP5;A0A049RTI0;A0A057YTX9;A0A057G389;M1I0J0;A0A1Q1S8E0;A0A038Q5V9;A0A041M356;A0A054GE52;A0A039PUF0;A0A058NTK1;A0A045XSU6;A0A047ZKU8;A0A055AQF4;A0A057L1P3;A0A098A3T7;A0A038NIE1;A0A052PX31;A0A057NW56;A0A039FCH6;A0A056GJK0;A0A044L7J6;A0A055WZS4;A0ABX2VES8;A0A040E6T7;A0A046AVE3;A0A071NKD8;A0A042BQ60;A0A051C8D9;A0A1S1BBL5;A0A056RVY6;A0A040BWZ6;A0A052FVG9;A0A055H2E6;A0A044EDT0;A0A045YZA6;A0A049S5Y7;A0A045X0T3;A0A054CZR5;A0A049SF54;A0A048EE52;A0A043JEY2;A0A055SQQ8;A0A052JL66;A0A1Q2AIK8;A0A8S7LTL1;A0A040HDT9;A0A056FNE6;A0A057XH19;A0A054BMH3;A0A058PBP9;A0A041VEG5;A0A044KI62;A0A047PJ70;A0A046TM17;A0A043D8C0;D5YA83;A0A043M8V2;A0A042SGY1;A0A042UG73;A0A048VPG6;A0A043NGF9;A0A679LLY5;A0A7U5B3C6;A0A051LZQ5;A0A044FB29;A0A053YXD1;A0A057UJB4;A0A071QNQ0;A0A049HDV0;A0A046RIU2;A0A047B6E7;A0A0B6T7N4;A0A039ETX9;A0A041ICJ5;A0A038RF56;A0A045L9G1;A0A057P7K3;A0A042HEZ0;A0A042YK71;A0A043ZDI2;A0A039NH94;A0A042V5R3;A0A044R6X7;A0A042Z0H3;A0A044WN22;A0A039GLM9;A0A039FNS5;A0A046S4V2;A0A050FNU9;A0A051Q1K4;A0A042WLZ0;A0A050CS54;A0A056V2T1;A0A056XU12;A0A046IGT0;A0A039DW56;A0A038UT36;A0A055XCA9;A0A0E0YY22;F9V2B8;A0A040A4W8,1783272,Bacillati,Bacteria,Unresolved,True,True,True,False,07D7766EF181C4E5,0.090989783,0.9634456038475036,101
8328,07D7766EF181C4E5,511,UniProtKB/TrEMBL (unreviewed representative),UPI00000CCB3E,A0A040KIM5;A0A048NZ03;A0A054TRV1;A0A071RZ30;C1AIT0;A0A043FN47;A0A044UM76;A0A055ABK0;A0A056EKW6;A0A043M465;A0A072AKV8;A0A042YB11;A0A048XYZ8;A0A041Z9C2;A0A043LEI0;A0A052DZ51;A0A056JCF9;A0A055M6K6;A0A043FM38;A0A056I1I9;A0A050ESU9;A0A053TN61;A0A043X3B9;A0A043K5Z1;A0A053YJZ9;A0A054EGP2;A0A049F1K2;A0A1Q1ZJX9;A0A040PCQ3;A0A053UJM8;A0A057E012;A0A041W3U7;A0A047WRT9;A0A038QEI5;A0A040J948;A0A041QPW3;A0A1Q1XCD3;R4MKB4;A0A054Q156;A0A055LQ84;A0A045SBC1;A0A038V7Y5;A0A047VKA0;A0A052W6R8;A0A039MNM3;A0A042TXP3;A0A054FM11;A0A071X755;A0A045UPQ0;A0A041ATP7;A0A058B928;A0A8E0C2U0;A0A053HK48;W6HKR8;A0A071Z607;A0A1Q1QMU4;A0A044JFA3;A0A051CK28;A0A4U7MQ34;A0A055ZPI3;A0A056R2W6;A0A041VBR6;A0A055JIE0;A0A050J751;A0A039EDH3;A0A056C5C0;A0A051DID4;A0A051XVG4;A0A047R5Y6;A0A050BQ81;A0A7U4G3R5;A0A048WS75;A0A058CFQ4;A0A050JN96;A0A046HC67;A0A058IUY5;A0A047NXM9;A0A051QMR7;A0A049XXY1;A0A053MQ02;A0A058PN71;A0A045W3H7;A0A039WHE6;A0A058M827;A0A041YGU0;A0A053AS36;A0A041WFY5;A0A055R7V1;A0A045L2Z4;A0A042VA01;A0A050IVW6;A0A038MYI9;A0A047N0C4;A0A052ECZ8;A0A053S4B2;A0A053JX42;A0A043DZT3;L0Q1G4;A0A046NG30;A0A056M9A8;A0A043D6S1;A0A053WX90;A0A039LUV2;A0A047WGL4;A0A053F3S2;A0A057WCA4;A0A040YHU4;A0A044DDW5;A0A051DUN5;A0A044LXB7;A0A071TMJ8;D5YYA0;A0A048FAR2;A0A046IGV7;A0A048A797;A0A057MFK9;A0A043IDK3;A0A057CR21;A0A053KHD7;A0A057A6Q7;A0A056I124;A0A056WAG9;A0A120IZ11;A0A042QJ36;A0A044KUK0;A0A049RMB5;A0A044NZ52;A0A050C2R5;A0A039KWX8;A0A051M5K4;A0A048VW27;A0A045ZYC0;A0A054XQI0;A0A052K282;A0A1Q1XZH6;A0A053V4C6;A0A057ZT85;A0A049FZL5;A0A049BVT2;A4KMU0;A0A046AGI9;A0A051IMI9;A0A055ZDF5;A0A047TPM1;A0A040IYX7;A0A057RYV7;A0A045BQM6;A0A045SVB3;A5U9F3;A0A071RYF1;A0A043VGS2;A0A046GIR3;A0A045LTU2;A0A049L6R5;A0A053ZA50;A0A051DCW9;A0A050GF28;A0A052KJV5;A0A057CIA8;A0A044ZVZ4;A0A044GXC0;A0A058JHT1;A0A050H4H1;A0A039SRB3;A0A046YYW0;A0A1Q1WPM5;A0A043SJ81;A0A049J783;A0A058EL85;A0A053CRG7;A0A056ZE52;A0A044GAC3;A0A049KC58;A0A9P2H493;A0A039JYL1;A0A055NUP9;A0A046FWI2;A0A046LSM7;A0A043KAX7;A0A072A3Q2;A0A043RGA1;A0A071UQX1;A0A042AAH1;A0A048U2B4;A0A047ZFQ7;A0A055ESH1;A0A041KRI1;A0A041NGH3;A0A046DCL4;A0A051BQU8;A0A038RKD8;A0A054QP32;A0A071MTY7;A0A047VG20;A0A048Z286;A0A040S3N9;A0A042APE3;A0A058GC66;A0A049Q009;A0A045PMN4;A0A0K8KXJ3;A0A054RAE3;A0A057E1K2;A0A071UN44;A0A047FN97;A0A044RY26;A0A040Q692;A0A054L7W4;A0A053BF90;A0A050E2J6;A0A043CGX6;A0A058E0V0;A0A051BPE3;A0A047PIH7;A0A046BKC4;A0A071YV12;A0A046NVD2;A0A044JVI7;A0A051FAD1;A1KQF9;A0A046YHN0;A0A043GL38;A0A058MVL9;A0A048BEL2;A0A042JBH8;A0A042KVJ1;A0A057WB22;A0A054YIQ5;A0A048MIN4;A0A043GHL8;A0A044AF18;A0A045PQR2;A0A050JUZ3;A0A056IR46;A0A038MEL5;A0A054GX02;A0A054ZXN0;A0A058F3T3;A0A047ASF4;A0A054Z2M2;A0A053P1Y8;A0A044QDT8;A0A044M0U7;A0A055GN93;A0A054C5W6;A0A056KBR2;A0A057LQU7;A0A058DS15;A0A051ZAW4;A0A055VUQ6;A0A053LV91;A0A050JYI2;A0A050FQC0;A0A047ZBC8;A0A058L8M7;A0A1Q1Z8W5;A0A044VN79;A0A040GJ72;A0A043EJX3;A0A050BDG9;A0A048LT72;A0A052L9K1;A0A038ZCD5;A0A054L7X9;A5U9F3;A0A040TLV6;A0A047JPT1;A0A051VIY6;A0A051QUH9;A0A041QXU2;A0A042NSC5;A0A054AJ04;A0A057HN24;A0A042T3Y6;A0A043QLR5;A0A038SCZ3;A0A057H0Q6;A0A079JYA0;A0A038YD75;A0A054LL72;A0A8I0ESX7;A0A040KXG6;A0A042XJD5;A0A043UEG7;A0A051U208;A0A071NEK2;A0A042RJW9;A0A042TK33;A0A058HS95;A0A044RQI8;A0A057NKS1;A0A053HAR8;A0A071Q8M9;A0A048IV73;A0A058LNW1;A0A058SAI4;A0A044ZM16;A0A045ZFP1;A0A054AEW7;A0A049CVD0;A0A1Q1T6X4;A0A047RPA0;A0A1Q1SVY3;A0A048CSY4;A0A055V7U1;A0A053CKY2;A0A039TN99;A0A047UFC1;A0A048D6H7;A0A058D2B8;A0A051KKW8;A0A038U5F1;A0A041TAV9;A0A044B107;A0A055UAH3;A0A040D909;A0A040F4X0;A0A044R1W6;A0A058RD67;W8SH84;A0A071V7U6;A0A042LTW2;A0A056JYL9;A0A057AC58;A0A053Y8Z9;A0A042DAS9;A0A053UX93;A0A043SYB3;A0A058K050;A0A039N2F9;A0A051AYA1;A0A053R8J0;A0A038R703;A0A071R1R0;A0A039J4C2;A0A053C140;A0A071MS09;A0A050LCJ5;A0A055NDF4;A0A047XGJ6;A0A051V4H2;F2V803;A0A052G6R6;A0A071SWW0;A0A058J6W9;A0A054Z8V9;A0A044MU28;A0A2T3UF22;A0A7U4BYN7;A0A051B779;A0A055JYD3;A0A045AJP9;A0A055TJ87;A0A040HY54;A0A051IPX3;A0A057ZUM8;A0A040T122;A0A055M2L8;A0A040S4V5;A0A042KB16;A0A047TG35;A0A040K8M2;A0A039RLH1;A0A040EPA6;A0A047SLX6;A0A1Q1QBS2;A0A053VX35;A0A039HQS1;A0A045NG74;A0A056TVX7;A0A050DGC6;A0A051T0H4;A0A045NV96;A0A057WZ78;A0A049TV02;A0A109T1T6;A0A039Q627;A0A049IHH4;A0A049P9S9;A0A054I5R4;A0A056G3U8;A0A043YQR1;A0A041L6G2;A0A058MDE2;O07799;A0A047YST7;A0A056YJG1;A0A048S5F7;A0A045CJQ4;A0A058SBJ5;A0A079KGN3;A0A046BC33;A0A046FJ57;A0A047WAS6;A0A040T738;A0A049P9P4;A0A057TNR9;A0A050L3F4;A0A056GMF7;A0A044H9C3;A0A046Y4W5;A0A050AQ34;A0A039CUU2;A0A047YIX2;A0A046TPY0;A0A051G6W6;A0A053ZSK3;A0A051EJY3;A0A054MZ30;A0A054MDI1;A0A048PPU1;A0A045MR94;A0A049TDX8;A0A041S963;A0A044SPT9;A0A047AGN2;A0A039MVV8;A0A040M388;A0A043VAE1;A0A042GZ33;A0A048JH70;A0A1Q1YAG2;A0A039CWK1;W6GV73;A0A1Q1SJY3;A0A054QPR7;A0A3G2Y0L3;A0A054DPN5;A0A045UDP2;A0A041S5A0;A0A049Z188;A0A038TT99;A0A044ISC5;A0A1Q1USL3;A0A040IK05;A0A054PRJ6;A0A038VXC3;A0A055LBI4;A0A057SF63;A0A056X2N8;A0A043ATP2;A0A043S442;A0A045QM31;A0A042BAV7;A0A048H6N2;A0A054UR32;A0A041DS71;A0A048XZQ2;A0A040RBP0;A0A052LBS9;A0A057EKG1;A0A044AL74;A0A048BYW8;A0A049HF51;A0A047EQW3;A0A047GCH7;A0A083VQK8;A0A039LZV0;A0A056LNE1;A0A056EET6;A0A048KED3;A0A055QKY2;A0A049W3N3;A0A043P8S5;A0A044DHX0;A0A055YW63;A0A047AJU7;A0A047FXM0;A0A071TST3;A0A049N1U5;A0A043NRK8;A0A047XNK7;A0A039YX39;A0A071YRF7;A0A054GFD5;A0A052ZWL3;A0A038NV35;A0A040PEC4;A0A056VVT6;A0A038PJU8;A0A8E0A8J5;A0A054JTK3;A0A039ZEF8;A0A053B3K2;A0A071ZS55;A0A047LBS0;A0A048EFV5;A0A051JLI4;A0A053TJW3;A0A040L9V8;A0A039UWU0;A0A041FBH4;A0A039XKQ3;A0A048L273;A0A043BWD5;F8M9T1;L0TDN6;A0A040MVR3;A0A038WAE2;A0A056VDA7;A0A052BIZ2;A0A042P244;A0A054UFV3;A0A071RLL8;A0A045BKV8;A0A052DTQ4;A0A058IR86;A0A044PXU4;A0A049GW89;A0A057L772;A0A050ERG2;A0A040FRY5;A0A044DEC7;A0A047KQA8;A0A052QDX9;A0A056AM93;A0A057UYT3;A0A056ZF12;A0A055ME09;A0A056Q7N4;A0A056PC14;A0A071WKW5;A0A040PXA0;A0A043DES5;A0A054EVH1;A0A042AFT8;A0A042M4S2;A0A053AJU6;A0A045KD12;A0A052WPR3;A0A056U2P1;A0A049UWS5;A0A046SFV3;A0A041JAX8;A0A047A0B5;A0A046F0H8;A0AA34UZ69;A0A038PST8;A0A044VYR4;A0A041N4E9;A0A046EKW7;A0A057VN84;A0A052W7B2;A0A043BPT0;A0A052BM02;A0A054B2P2;A0A054Q7F5;A0A038NP63;A0A042RC12;W6HU99;A0A079K6Z6;A0A051AJJ4;A0A056SC27;A0A043PPV4;A0A042QE96;A0A049RVF9;A0A040ZV62;A0A057QI14;A0A071XSZ4;A0A041TES4;A0A048HXA0;A0A053XMJ5;A0ABV1MCT0;A0A048Z420;A0A046JDF8;A0A046Q813;A0A058GW59;A0A058KN03;A0A053S7P3;A0A046W7J2;A0A050I1I4;A0A047MNG8;A0A049QUX8;A0A051EF92;A0A039R0Y5;A0A041II25;A0AAW8I471;A0A038VPK8;A0A043YDE0;A0A055ZDZ1;A0A057KEN3;A0A046TAV2;A0A054EI59;A0A043THJ2;A0A047LBS6;A0A044EDN4;A0A046W531;A0A044PP96;A0A043AJP9;A0A054HT52;A0A039RUE3;A0A039VZ57;A0A047TRW9;A0A051JMM4;A0A7U8TX49;A0A043TW37;A0A046NIB2;A0A053DZK5;A0A050TR66;A0A048SFJ2;A0A053KYU4;A0A071PZG4;A0A044YPU4;A0A046YEZ3;A0A045WVR5;A0A051S9S6;A0A051KM47;A0A038Y4U8;A0A039HGZ0;A0A041UU69;V2VWF8;A0A057LSR6;A0A057MIR4;A0A049WSU1;A0A046R917;A0A054K6T1;A0A060GHW1;A0A044CDF8;A0A057SQK1;A0A049YCX5;D5YLS8;A0A053R281;A0A043A5W9;A0A051LHI9;A0A045XPA0;A0A048UVG2;A0A043MZ55;A0A052VIT5;A0A054B8C3;A0A071WC64;A0A045RQN8;L0P016;A0A051X1B9;A0A038L3W1;A0A047E2M5;A0A052XZP4;A0A055RQ69;A0A057Y7R3;A0A047KJ19;A0A042F5U4;A0A056V7S8;A0A055FQV7;A0A038UB35;A0A043FYT3;A0A054J4Y4;A0A054TQ46;A0A049T6R3;A0A055KTV2;A0A047D1F5;A0A1Q1W2I8;A0A042Y0B1;A0A074SG10;A0A1Q2AUN5;A0A046ID22;H8I417;A0A057IP79;A0A044GIZ2;A0A042N7H6;A0A048IB28;A0A040WWT3;A0A049L0H4;A0A045AH21;A0A047DPB7;A0A049ECA8;A0A053IXB8;A0A054DU39;A0A053W4G2;A0A050HHR1;A0A1Q1ZWG0;A0A048T2L1;A0A050KG88;A0A055SK37;A0A044UGM4;A0A058HFL1;A0A055QJQ3;A0A039DAP5;A0A056CQY1;A0A056UCN1;A0A038XHI8;A0A040GLN8;A0A040VXU9;A0A054F0Y6;A0A056L1M2;A0A806K220;A0A048P0A0;A0A051FCB5;A0A055T853;A0A043DQG5;A0A054ZCR2;A0A043PX57;A0A058HAA1;A0A038LQL5;A0A047MLJ3;A0A046J647;A0A071T241;A0A050B5E0;A0A057AUR3;A2VMK0;A0A042ULJ1;A0A050F0M6;A0A044XRQ4;A0A049B8N8;A0A058R3T1;A0A056YZP4;A0A049F3D3;A0A048DM41;A0A058S395;A0A042JRR0;A0A057CG95;A0A057URU7;A0A053FZ64;A0A048YUA8;A0A047L7R1;A0A045T5R0;A0A045WQZ2;A0A039QK88;A0A052CE88;A0A048F7H7;A0A054KRW9;A0A044AQX4;A0A044UHX2;A0A047HRX1;A0A053QBI5;A0A044XBM2;A0A054VLR0;A0A043L063;A0A050WM35;A0A053PQ02;A0A054SGD2;A0A056IMY2;A0A058BPI5;A0A071SX31;A0A057J7Z9;A0A056X794;A0A057KGY0;A0A056MAA8;A0A044WWI3;A0A048R8C8;A0A056END4;A0A040QLK2;A0A046CGD6;A0A050GI67;A0A055YEY5;A0A1Q1YLL7;A0A048LG82;A0A047M6I1;A0A045HDV9;A0A045PDG1;A0A046UYF5;A0A053FHR3;A0A054ZNQ9;R4MNI8;A0A041CRZ1;A0A040Z9A5;A0A046GIJ9;A0A042LVD9;A0A0P1HP12;A0A044IE26;A0A050KX31;A0A056WJV9;A0A040LZJ6;A0A041BKF6;A0A044FWW1;A0A050IB16;A0A1Q2B5U4;A0A045QUG8;A0A041XQX3;A0A041E2H5;A0A048W7N5;A0A051VXV0;A0A048KZG4;A0A043Y9A4;A0A054KE56;A0A043K788;A0A057XMX8;A0A047P1Y6;A0A057BFT1;A0A049VHF0;A0A043L546;A0A042DPV6;A0A044YY25;A0A055I889;A0A038LR30;A0A045NVP1;A0A041HAD2;A0A049M471;L0QDW2;A0A057J6I5;A0A051XTG7;A0A044U1N8;A0A048WYN8;A0A046XIP7;A0A050YY53;A0A042T7I5;D7EXD5;A0A042WWL5;A0A040R144;A0A039ZQC7;A0A053WCE1;A0A053W490;A0A040K022;A0A048ALN8;A0A058AJC0;A0A057Y9Y6;A0A054XSC4;A0A038SCU1;A0A039WVN9;A0A045XUM3;A0A048BJD7;A0A056A3Y0;A0A058E808;A0A056NMX9;A0A039ZL25;A0A039H4D3;A0A040U367;A0A055EEQ0;A0A051PD32;A0AAC8LJR4;A0A057EKD4;A0A048HYH2;A0A046L3H1;A0A046TTN3;A0A046PKB4;A0A039XWH8;A0A040GET9;A0A048DPK9;A0A044PEZ0;A0A040LT69;A0A048K317;A1KQF9;A0A055AU78;A0A051YPV4;A0A044I626;A0A038W4Y6;A0A049TQN2;A0A047HRZ1;A0A049C8A4;A0A053ND30;A0A071VTP6;A0A054GSR3;A0A039CE85;A0A047UAF2;A0A058MUF8;A0A040P054;A0A040E3S5;A0A043AYV3;A0A050HFJ5;A0A054MYT1;A0A051RL56;A0A050CDV8;A0A038PKB6;A0A053YWN7;A0A041RTX4;A0A045CM68;A0A053XUH7;A0A041J7D1;A0A051WQR8;A0A043I1C4;A0A048X9I1;A0A044I0V4;A0A039NXF1;A0A046HFL4;A0A057NNM7;A0A044YNL5;A0A056LEZ5;A0A058B3L6;A0A041CDX8;A0A042VQY4;A0A045KDP8;A0A051IP05;A0A054SD61;A0A046DZI5;A0A047YEJ3;A0A056VKC3;A0A054W100;A0A042CY09;A0A1Q2A7D7;D6FUM5;A0A045J5B9;A0A040G1G6;A0A053QLD4;A0A056HIE7;A0A057N131;A0A071ZI48;A0A055Q0A0;A0A052V5W3;A0A056KJG2;A0A040FN97;A0A051UYZ2;A0A048CD00;A0A040UYI5;A0A042L1U9;A0A046MGU0;A0A046UBL3;A0A050M539;A0A042R6F4;A0A042SGJ2;A0A055WFJ1;A0A040ID90;A0A047DGP3;A0A055Q3P0;A0A042IKM7;A0A046BUU1;A0A050ZJ55;A0A057R5V1;A0A041X588;A0A045YQX3;A0A038XAG8;A0A057VN69;A0A046UJR2;A0A1Q1XNT6;A0A057RLR2;A0A045WSP1;A0A043IDN1;A0A041P5K7;A0A046MCN9;A0A043RE17;A0A050M7E1;A0A052ZIJ3;A0A053T1P2;A0A053J8J0;A0A053ZW08;A0A039U753;A0A045ZZK5;A0A040YWA3;A0A043HX72;A0A8E0DXK8;A0A039XE10;Q7TVK9;A0A044BJY6;A0A043WU65;A0A056ZUU4;A0A045BHW7;A0A039SCL1;A0A041GN56;A0A042C6D2;A0A043UF27;A0A057BZN2;A0A044LTB3;A0A055KSN1;A0A7S8CHS9;A0A040AVV3;A0A056MVW9;A0A045ESQ8;A0A043JC02;A0A056PSP0;A0A047X887;A0A047I963;A0A057JQ31;A0A044MF08;A0A072EN70;A0A057TQ62;A0A046RA23;A0A043EJK0;A0A051CQD8;A0A049VVR7;A0A054TWI5;A0AAQ0EXE1;A0A044HFL3;A0A048ZKL3;A0A042Z1E6;A0A058QG36;A0A047HJM0;A0A055V311;A0A044GB07;A0A1Q1X0Z8;V2V7N6;A0A048XZ20;A0A055KFY7;A0A042PH23;A0A047FH18;A0A049C4U4;A0A041QCU7;A0A071VII2;A0A047BYQ2;A0A047GZJ5;A0A048MVL7;A0A7U4CDB9;A0A043WL09;A0A040CJ12;A0A055S8X9;A0A049HN34;A0A043ZT07;A0A046Q7D8;A0A051XYA8;A0A039JRY5;A0A046J981;A0A047BX26;A0A046VUH7;A0A054IJS3;A0A039SWU9;A0A045D2D7;A0A057U1S0;A0A049L5H3;A0A043EUT8;A0A051PA56;A0A048ZND4;A0A047S886;A0A044ZUN4;A0A049IBA7;A0A040BAA1;A0A056Z4Q6;A0A053GE04;A0A057DBQ2;A0A050PUY7;A0A044FEC5;A0A042M483;A0A042SUQ6;A0A045UAX8;A0A048F6W0;A0A056MYB6;A0AAP5EVE4;A0A040LET4;A0A047PQE2;A0A057QUM3;A0A047JT17;A0A049K5E6;A0A054HQ83;A0A043CYV6;A0A071X3H3;A0A047SMP8;A0A040ATF6;A0A048HCA1;A0A072BB19;A0A1Q1U5K2;A0A055WJA8;G7QSR2;A0A055S390;A0A057B6L2;A0A039YXS9;A0A048IXP4;A0A047GUZ9;A0A050B092;A0A055TVF2;A0A045QKE2;A0A044TEM5;A0A197IVS2;A0A044J780;A0A046LLG1;A0A049ZMJ4;A0A046MX58;A0A052G2N9;A0A040DR65;A0A040WEY3;A0A058D6W3;A0A040CS33;A0A040XCP6;A0A049NKS9;A0A052YZX1;A0A043M8B6;A0A054P3E5;A0A043WJC5;A0A052MGT9;A0A046F9D2;A0A044BZY5;A0A045MTQ0;A0A052LVZ5;A0A055XNR5;A0A049NAJ3;A0A044S9D7;A0A050E1C2;A0A039PE60;A0A041APN3;A0A052YF27;A0A071WDH1;A0A044DWM3;A0A041N6J0;A0A057GFS3;A0A048K017;A0A039TNU9;A0A050PMW0;A0A056BEJ4;A0A050D6I4;A0A058QNV3;A0A048MJG4;A0A056E2T1;A0A071Y6C2;A0A041GLN3;A0A039L7C4;A0A046CCS0;A0A038SVX5;A0A050Z1K1;A0A052ZVU0;A0A044NUJ8;A0A043XEI3;A0A045KV04;A0A058BZ48;A0A039UDT6;A0A048FXC0;A0A7U4GBK2;A0A054G3H3;A0A057WXV9;A0A1Q1TI35;A0A056NK22;A0A042WQ66;A0A055FPW7;A0A047CDG6;A0A046ZKX2;A0A057DF45;A0A045SLM5;A0A042X5A0;A0A055W420;A0A053MA85;A0A045RFK3;A0A056CM71;A0A043Y3P3;A0A052ZZF5;A0A328G973;A0A048TXE6;A0A057I5L4;A0A058NW38;A0A053UB09;A0A055HL67;A0A045TJY3;A0A046GWH2;A0A039KT84;A0A039NZI7;A0A040WZI0;A0A043J874;A0A042MSD1;A0A052U9H2;A0A038MK86;A0A044CKZ6;A0A047G4H9;A0A055IRC9;A0A055I6W0;A0A053E5N6;A0A049PIS3;A0A043THX6;A0A046D3B7;A0A049M467;A0A039I2X7;A0A047UTQ0;A0A053WT26;A0A048JJJ3;A0A045V4R3;A0A056H157;A0A056ABF9;P9WIK9;A0A055H9Y5;R4SQN4;A0A040V7Z7;A0A1Q1YY54;A0A053GIH6;A0A043PFF1;A0A058KNL3;A0A042CPG7;A0A040R9Q9;A0A052KNU4;A0A056REX5;A0A054BYS4;A0A057GQP6;A0A038RMR1;A0A053REW9;A0A047EZ61;A0A046X880;A0A054Y4T4;A0A071WG83;A0A053T385;A0A045E2U5;A0A048E548;M9UZ06;W6HXF6;A0A041SF48;A0A052RG14;A0A1Q1RL90;A0A048RFZ4;A0AAX1PPF0;A0A048ACN1;A0A055BET9;A0A045YS32;A0AB74LK04;A0A039L9A7;A0A043QTI5;X2BQ32;A0A054DA95;A0A047U5A2;A0A051LCB7;A0A053EM34;A0A056BBX4;A0A071RE29;A0A058FSB8;S5F032;A0A045JT97;A0A051GZZ6;A0A058LLE2;A0A291MEX4;A0A042Q0H2;A0A049QFC4;A0A041B7P5;A0A058PX22;A0AAC8V659;I6YH84;A0A1R3Y5E3;Q7TVK9;A0A042JU53;A0A043SA01;A0A053DPL6;A0A046E3A3;A0A044MXR4;A0A044VAU5;A0A053N7L3;A0A041Z7M0;A0A052LWM5;A0A044NU42;A0A046PCG8;A0A072BIX7;A0A040BK13;A0A048RVF8;A0A056QR93;A0A053RFH3;A0A057PJK5;A0A043UTT5;A0A081GBQ8;A0A045VWP5;A0A049RTI0;A0A057YTX9;A0A057G389;M1I0J0;A0A1Q1S8E0;A0A038Q5V9;A0A041M356;A0A054GE52;A0A039PUF0;A0A058NTK1;A0A045XSU6;A0A047ZKU8;A0A055AQF4;A0A057L1P3;A0A098A3T7;A0A038NIE1;A0A052PX31;A0A057NW56;A0A039FCH6;A0A056GJK0;A0A044L7J6;A0A055WZS4;A0ABX2VES8;A0A040E6T7;A0A046AVE3;A0A071NKD8;A0A042BQ60;A0A051C8D9;A0A1S1BBL5;A0A056RVY6;A0A040BWZ6;A0A052FVG9;A0A055H2E6;A0A044EDT0;A0A045YZA6;A0A049S5Y7;A0A045X0T3;A0A054CZR5;A0A049SF54;A0A048EE52;A0A043JEY2;A0A055SQQ8;A0A052JL66;A0A1Q2AIK8;A0A8S7LTL1;A0A040HDT9;A0A056FNE6;A0A057XH19;A0A054BMH3;A0A058PBP9;A0A041VEG5;A0A044KI62;A0A047PJ70;A0A046TM17;A0A043D8C0;D5YA83;A0A043M8V2;A0A042SGY1;A0A042UG73;A0A048VPG6;A0A043NGF9;A0A679LLY5;A0A7U5B3C6;A0A051LZQ5;A0A044FB29;A0A053YXD1;A0A057UJB4;A0A071QNQ0;A0A049HDV0;A0A046RIU2;A0A047B6E7;A0A0B6T7N4;A0A039ETX9;A0A041ICJ5;A0A038RF56;A0A045L9G1;A0A057P7K3;A0A042HEZ0;A0A042YK71;A0A043ZDI2;A0A039NH94;A0A042V5R3;A0A044R6X7;A0A042Z0H3;A0A044WN22;A0A039GLM9;A0A039FNS5;A0A046S4V2;A0A050FNU9;A0A051Q1K4;A0A042WLZ0;A0A050CS54;A0A056V2T1;A0A056XU12;A0A046IGT0;A0A039DW56;A0A038UT36;A0A055XCA9;A0A0E0YY22;F9V2B8;A0A040A4W8,1783272,Bacillati,Bacteria,Unresolved,True,True,True,False,07D7766EF181C4E5,0.090989783,0.9634456038475036,101
8419,07D7766EF181C4E5,511,UniProtKB/TrEMBL (unreviewed representative),UPI00000CCB3E,A0A040KIM5;A0A048NZ03;A0A054TRV1;A0A071RZ30;C1AIT0;A0A043FN47;A0A044UM76;A0A055ABK0;A0A056EKW6;A0A043M465;A0A072AKV8;A0A042YB11;A0A048XYZ8;A0A041Z9C2;A0A043LEI0;A0A052DZ51;A0A056JCF9;A0A055M6K6;A0A043FM38;A0A056I1I9;A0A050ESU9;A0A053TN61;A0A043X3B9;A0A043K5Z1;A0A053YJZ9;A0A054EGP2;A0A049F1K2;A0A1Q1ZJX9;A0A040PCQ3;A0A053UJM8;A0A057E012;A0A041W3U7;A0A047WRT9;A0A038QEI5;A0A040J948;A0A041QPW3;A0A1Q1XCD3;R4MKB4;A0A054Q156;A0A055LQ84;A0A045SBC1;A0A038V7Y5;A0A047VKA0;A0A052W6R8;A0A039MNM3;A0A042TXP3;A0A054FM11;A0A071X755;A0A045UPQ0;A0A041ATP7;A0A058B928;A0A8E0C2U0;A0A053HK48;W6HKR8;A0A071Z607;A0A1Q1QMU4;A0A044JFA3;A0A051CK28;A0A4U7MQ34;A0A055ZPI3;A0A056R2W6;A0A041VBR6;A0A055JIE0;A0A050J751;A0A039EDH3;A0A056C5C0;A0A051DID4;A0A051XVG4;A0A047R5Y6;A0A050BQ81;A0A7U4G3R5;A0A048WS75;A0A058CFQ4;A0A050JN96;A0A046HC67;A0A058IUY5;A0A047NXM9;A0A051QMR7;A0A049XXY1;A0A053MQ02;A0A058PN71;A0A045W3H7;A0A039WHE6;A0A058M827;A0A041YGU0;A0A053AS36;A0A041WFY5;A0A055R7V1;A0A045L2Z4;A0A042VA01;A0A050IVW6;A0A038MYI9;A0A047N0C4;A0A052ECZ8;A0A053S4B2;A0A053JX42;A0A043DZT3;L0Q1G4;A0A046NG30;A0A056M9A8;A0A043D6S1;A0A053WX90;A0A039LUV2;A0A047WGL4;A0A053F3S2;A0A057WCA4;A0A040YHU4;A0A044DDW5;A0A051DUN5;A0A044LXB7;A0A071TMJ8;D5YYA0;A0A048FAR2;A0A046IGV7;A0A048A797;A0A057MFK9;A0A043IDK3;A0A057CR21;A0A053KHD7;A0A057A6Q7;A0A056I124;A0A056WAG9;A0A120IZ11;A0A042QJ36;A0A044KUK0;A0A049RMB5;A0A044NZ52;A0A050C2R5;A0A039KWX8;A0A051M5K4;A0A048VW27;A0A045ZYC0;A0A054XQI0;A0A052K282;A0A1Q1XZH6;A0A053V4C6;A0A057ZT85;A0A049FZL5;A0A049BVT2;A4KMU0;A0A046AGI9;A0A051IMI9;A0A055ZDF5;A0A047TPM1;A0A040IYX7;A0A057RYV7;A0A045BQM6;A0A045SVB3;A5U9F3;A0A071RYF1;A0A043VGS2;A0A046GIR3;A0A045LTU2;A0A049L6R5;A0A053ZA50;A0A051DCW9;A0A050GF28;A0A052KJV5;A0A057CIA8;A0A044ZVZ4;A0A044GXC0;A0A058JHT1;A0A050H4H1;A0A039SRB3;A0A046YYW0;A0A1Q1WPM5;A0A043SJ81;A0A049J783;A0A058EL85;A0A053CRG7;A0A056ZE52;A0A044GAC3;A0A049KC58;A0A9P2H493;A0A039JYL1;A0A055NUP9;A0A046FWI2;A0A046LSM7;A0A043KAX7;A0A072A3Q2;A0A043RGA1;A0A071UQX1;A0A042AAH1;A0A048U2B4;A0A047ZFQ7;A0A055ESH1;A0A041KRI1;A0A041NGH3;A0A046DCL4;A0A051BQU8;A0A038RKD8;A0A054QP32;A0A071MTY7;A0A047VG20;A0A048Z286;A0A040S3N9;A0A042APE3;A0A058GC66;A0A049Q009;A0A045PMN4;A0A0K8KXJ3;A0A054RAE3;A0A057E1K2;A0A071UN44;A0A047FN97;A0A044RY26;A0A040Q692;A0A054L7W4;A0A053BF90;A0A050E2J6;A0A043CGX6;A0A058E0V0;A0A051BPE3;A0A047PIH7;A0A046BKC4;A0A071YV12;A0A046NVD2;A0A044JVI7;A0A051FAD1;A1KQF9;A0A046YHN0;A0A043GL38;A0A058MVL9;A0A048BEL2;A0A042JBH8;A0A042KVJ1;A0A057WB22;A0A054YIQ5;A0A048MIN4;A0A043GHL8;A0A044AF18;A0A045PQR2;A0A050JUZ3;A0A056IR46;A0A038MEL5;A0A054GX02;A0A054ZXN0;A0A058F3T3;A0A047ASF4;A0A054Z2M2;A0A053P1Y8;A0A044QDT8;A0A044M0U7;A0A055GN93;A0A054C5W6;A0A056KBR2;A0A057LQU7;A0A058DS15;A0A051ZAW4;A0A055VUQ6;A0A053LV91;A0A050JYI2;A0A050FQC0;A0A047ZBC8;A0A058L8M7;A0A1Q1Z8W5;A0A044VN79;A0A040GJ72;A0A043EJX3;A0A050BDG9;A0A048LT72;A0A052L9K1;A0A038ZCD5;A0A054L7X9;A5U9F3;A0A040TLV6;A0A047JPT1;A0A051VIY6;A0A051QUH9;A0A041QXU2;A0A042NSC5;A0A054AJ04;A0A057HN24;A0A042T3Y6;A0A043QLR5;A0A038SCZ3;A0A057H0Q6;A0A079JYA0;A0A038YD75;A0A054LL72;A0A8I0ESX7;A0A040KXG6;A0A042XJD5;A0A043UEG7;A0A051U208;A0A071NEK2;A0A042RJW9;A0A042TK33;A0A058HS95;A0A044RQI8;A0A057NKS1;A0A053HAR8;A0A071Q8M9;A0A048IV73;A0A058LNW1;A0A058SAI4;A0A044ZM16;A0A045ZFP1;A0A054AEW7;A0A049CVD0;A0A1Q1T6X4;A0A047RPA0;A0A1Q1SVY3;A0A048CSY4;A0A055V7U1;A0A053CKY2;A0A039TN99;A0A047UFC1;A0A048D6H7;A0A058D2B8;A0A051KKW8;A0A038U5F1;A0A041TAV9;A0A044B107;A0A055UAH3;A0A040D909;A0A040F4X0;A0A044R1W6;A0A058RD67;W8SH84;A0A071V7U6;A0A042LTW2;A0A056JYL9;A0A057AC58;A0A053Y8Z9;A0A042DAS9;A0A053UX93;A0A043SYB3;A0A058K050;A0A039N2F9;A0A051AYA1;A0A053R8J0;A0A038R703;A0A071R1R0;A0A039J4C2;A0A053C140;A0A071MS09;A0A050LCJ5;A0A055NDF4;A0A047XGJ6;A0A051V4H2;F2V803;A0A052G6R6;A0A071SWW0;A0A058J6W9;A0A054Z8V9;A0A044MU28;A0A2T3UF22;A0A7U4BYN7;A0A051B779;A0A055JYD3;A0A045AJP9;A0A055TJ87;A0A040HY54;A0A051IPX3;A0A057ZUM8;A0A040T122;A0A055M2L8;A0A040S4V5;A0A042KB16;A0A047TG35;A0A040K8M2;A0A039RLH1;A0A040EPA6;A0A047SLX6;A0A1Q1QBS2;A0A053VX35;A0A039HQS1;A0A045NG74;A0A056TVX7;A0A050DGC6;A0A051T0H4;A0A045NV96;A0A057WZ78;A0A049TV02;A0A109T1T6;A0A039Q627;A0A049IHH4;A0A049P9S9;A0A054I5R4;A0A056G3U8;A0A043YQR1;A0A041L6G2;A0A058MDE2;O07799;A0A047YST7;A0A056YJG1;A0A048S5F7;A0A045CJQ4;A0A058SBJ5;A0A079KGN3;A0A046BC33;A0A046FJ57;A0A047WAS6;A0A040T738;A0A049P9P4;A0A057TNR9;A0A050L3F4;A0A056GMF7;A0A044H9C3;A0A046Y4W5;A0A050AQ34;A0A039CUU2;A0A047YIX2;A0A046TPY0;A0A051G6W6;A0A053ZSK3;A0A051EJY3;A0A054MZ30;A0A054MDI1;A0A048PPU1;A0A045MR94;A0A049TDX8;A0A041S963;A0A044SPT9;A0A047AGN2;A0A039MVV8;A0A040M388;A0A043VAE1;A0A042GZ33;A0A048JH70;A0A1Q1YAG2;A0A039CWK1;W6GV73;A0A1Q1SJY3;A0A054QPR7;A0A3G2Y0L3;A0A054DPN5;A0A045UDP2;A0A041S5A0;A0A049Z188;A0A038TT99;A0A044ISC5;A0A1Q1USL3;A0A040IK05;A0A054PRJ6;A0A038VXC3;A0A055LBI4;A0A057SF63;A0A056X2N8;A0A043ATP2;A0A043S442;A0A045QM31;A0A042BAV7;A0A048H6N2;A0A054UR32;A0A041DS71;A0A048XZQ2;A0A040RBP0;A0A052LBS9;A0A057EKG1;A0A044AL74;A0A048BYW8;A0A049HF51;A0A047EQW3;A0A047GCH7;A0A083VQK8;A0A039LZV0;A0A056LNE1;A0A056EET6;A0A048KED3;A0A055QKY2;A0A049W3N3;A0A043P8S5;A0A044DHX0;A0A055YW63;A0A047AJU7;A0A047FXM0;A0A071TST3;A0A049N1U5;A0A043NRK8;A0A047XNK7;A0A039YX39;A0A071YRF7;A0A054GFD5;A0A052ZWL3;A0A038NV35;A0A040PEC4;A0A056VVT6;A0A038PJU8;A0A8E0A8J5;A0A054JTK3;A0A039ZEF8;A0A053B3K2;A0A071ZS55;A0A047LBS0;A0A048EFV5;A0A051JLI4;A0A053TJW3;A0A040L9V8;A0A039UWU0;A0A041FBH4;A0A039XKQ3;A0A048L273;A0A043BWD5;F8M9T1;L0TDN6;A0A040MVR3;A0A038WAE2;A0A056VDA7;A0A052BIZ2;A0A042P244;A0A054UFV3;A0A071RLL8;A0A045BKV8;A0A052DTQ4;A0A058IR86;A0A044PXU4;A0A049GW89;A0A057L772;A0A050ERG2;A0A040FRY5;A0A044DEC7;A0A047KQA8;A0A052QDX9;A0A056AM93;A0A057UYT3;A0A056ZF12;A0A055ME09;A0A056Q7N4;A0A056PC14;A0A071WKW5;A0A040PXA0;A0A043DES5;A0A054EVH1;A0A042AFT8;A0A042M4S2;A0A053AJU6;A0A045KD12;A0A052WPR3;A0A056U2P1;A0A049UWS5;A0A046SFV3;A0A041JAX8;A0A047A0B5;A0A046F0H8;A0AA34UZ69;A0A038PST8;A0A044VYR4;A0A041N4E9;A0A046EKW7;A0A057VN84;A0A052W7B2;A0A043BPT0;A0A052BM02;A0A054B2P2;A0A054Q7F5;A0A038NP63;A0A042RC12;W6HU99;A0A079K6Z6;A0A051AJJ4;A0A056SC27;A0A043PPV4;A0A042QE96;A0A049RVF9;A0A040ZV62;A0A057QI14;A0A071XSZ4;A0A041TES4;A0A048HXA0;A0A053XMJ5;A0ABV1MCT0;A0A048Z420;A0A046JDF8;A0A046Q813;A0A058GW59;A0A058KN03;A0A053S7P3;A0A046W7J2;A0A050I1I4;A0A047MNG8;A0A049QUX8;A0A051EF92;A0A039R0Y5;A0A041II25;A0AAW8I471;A0A038VPK8;A0A043YDE0;A0A055ZDZ1;A0A057KEN3;A0A046TAV2;A0A054EI59;A0A043THJ2;A0A047LBS6;A0A044EDN4;A0A046W531;A0A044PP96;A0A043AJP9;A0A054HT52;A0A039RUE3;A0A039VZ57;A0A047TRW9;A0A051JMM4;A0A7U8TX49;A0A043TW37;A0A046NIB2;A0A053DZK5;A0A050TR66;A0A048SFJ2;A0A053KYU4;A0A071PZG4;A0A044YPU4;A0A046YEZ3;A0A045WVR5;A0A051S9S6;A0A051KM47;A0A038Y4U8;A0A039HGZ0;A0A041UU69;V2VWF8;A0A057LSR6;A0A057MIR4;A0A049WSU1;A0A046R917;A0A054K6T1;A0A060GHW1;A0A044CDF8;A0A057SQK1;A0A049YCX5;D5YLS8;A0A053R281;A0A043A5W9;A0A051LHI9;A0A045XPA0;A0A048UVG2;A0A043MZ55;A0A052VIT5;A0A054B8C3;A0A071WC64;A0A045RQN8;L0P016;A0A051X1B9;A0A038L3W1;A0A047E2M5;A0A052XZP4;A0A055RQ69;A0A057Y7R3;A0A047KJ19;A0A042F5U4;A0A056V7S8;A0A055FQV7;A0A038UB35;A0A043FYT3;A0A054J4Y4;A0A054TQ46;A0A049T6R3;A0A055KTV2;A0A047D1F5;A0A1Q1W2I8;A0A042Y0B1;A0A074SG10;A0A1Q2AUN5;A0A046ID22;H8I417;A0A057IP79;A0A044GIZ2;A0A042N7H6;A0A048IB28;A0A040WWT3;A0A049L0H4;A0A045AH21;A0A047DPB7;A0A049ECA8;A0A053IXB8;A0A054DU39;A0A053W4G2;A0A050HHR1;A0A1Q1ZWG0;A0A048T2L1;A0A050KG88;A0A055SK37;A0A044UGM4;A0A058HFL1;A0A055QJQ3;A0A039DAP5;A0A056CQY1;A0A056UCN1;A0A038XHI8;A0A040GLN8;A0A040VXU9;A0A054F0Y6;A0A056L1M2;A0A806K220;A0A048P0A0;A0A051FCB5;A0A055T853;A0A043DQG5;A0A054ZCR2;A0A043PX57;A0A058HAA1;A0A038LQL5;A0A047MLJ3;A0A046J647;A0A071T241;A0A050B5E0;A0A057AUR3;A2VMK0;A0A042ULJ1;A0A050F0M6;A0A044XRQ4;A0A049B8N8;A0A058R3T1;A0A056YZP4;A0A049F3D3;A0A048DM41;A0A058S395;A0A042JRR0;A0A057CG95;A0A057URU7;A0A053FZ64;A0A048YUA8;A0A047L7R1;A0A045T5R0;A0A045WQZ2;A0A039QK88;A0A052CE88;A0A048F7H7;A0A054KRW9;A0A044AQX4;A0A044UHX2;A0A047HRX1;A0A053QBI5;A0A044XBM2;A0A054VLR0;A0A043L063;A0A050WM35;A0A053PQ02;A0A054SGD2;A0A056IMY2;A0A058BPI5;A0A071SX31;A0A057J7Z9;A0A056X794;A0A057KGY0;A0A056MAA8;A0A044WWI3;A0A048R8C8;A0A056END4;A0A040QLK2;A0A046CGD6;A0A050GI67;A0A055YEY5;A0A1Q1YLL7;A0A048LG82;A0A047M6I1;A0A045HDV9;A0A045PDG1;A0A046UYF5;A0A053FHR3;A0A054ZNQ9;R4MNI8;A0A041CRZ1;A0A040Z9A5;A0A046GIJ9;A0A042LVD9;A0A0P1HP12;A0A044IE26;A0A050KX31;A0A056WJV9;A0A040LZJ6;A0A041BKF6;A0A044FWW1;A0A050IB16;A0A1Q2B5U4;A0A045QUG8;A0A041XQX3;A0A041E2H5;A0A048W7N5;A0A051VXV0;A0A048KZG4;A0A043Y9A4;A0A054KE56;A0A043K788;A0A057XMX8;A0A047P1Y6;A0A057BFT1;A0A049VHF0;A0A043L546;A0A042DPV6;A0A044YY25;A0A055I889;A0A038LR30;A0A045NVP1;A0A041HAD2;A0A049M471;L0QDW2;A0A057J6I5;A0A051XTG7;A0A044U1N8;A0A048WYN8;A0A046XIP7;A0A050YY53;A0A042T7I5;D7EXD5;A0A042WWL5;A0A040R144;A0A039ZQC7;A0A053WCE1;A0A053W490;A0A040K022;A0A048ALN8;A0A058AJC0;A0A057Y9Y6;A0A054XSC4;A0A038SCU1;A0A039WVN9;A0A045XUM3;A0A048BJD7;A0A056A3Y0;A0A058E808;A0A056NMX9;A0A039ZL25;A0A039H4D3;A0A040U367;A0A055EEQ0;A0A051PD32;A0AAC8LJR4;A0A057EKD4;A0A048HYH2;A0A046L3H1;A0A046TTN3;A0A046PKB4;A0A039XWH8;A0A040GET9;A0A048DPK9;A0A044PEZ0;A0A040LT69;A0A048K317;A1KQF9;A0A055AU78;A0A051YPV4;A0A044I626;A0A038W4Y6;A0A049TQN2;A0A047HRZ1;A0A049C8A4;A0A053ND30;A0A071VTP6;A0A054GSR3;A0A039CE85;A0A047UAF2;A0A058MUF8;A0A040P054;A0A040E3S5;A0A043AYV3;A0A050HFJ5;A0A054MYT1;A0A051RL56;A0A050CDV8;A0A038PKB6;A0A053YWN7;A0A041RTX4;A0A045CM68;A0A053XUH7;A0A041J7D1;A0A051WQR8;A0A043I1C4;A0A048X9I1;A0A044I0V4;A0A039NXF1;A0A046HFL4;A0A057NNM7;A0A044YNL5;A0A056LEZ5;A0A058B3L6;A0A041CDX8;A0A042VQY4;A0A045KDP8;A0A051IP05;A0A054SD61;A0A046DZI5;A0A047YEJ3;A0A056VKC3;A0A054W100;A0A042CY09;A0A1Q2A7D7;D6FUM5;A0A045J5B9;A0A040G1G6;A0A053QLD4;A0A056HIE7;A0A057N131;A0A071ZI48;A0A055Q0A0;A0A052V5W3;A0A056KJG2;A0A040FN97;A0A051UYZ2;A0A048CD00;A0A040UYI5;A0A042L1U9;A0A046MGU0;A0A046UBL3;A0A050M539;A0A042R6F4;A0A042SGJ2;A0A055WFJ1;A0A040ID90;A0A047DGP3;A0A055Q3P0;A0A042IKM7;A0A046BUU1;A0A050ZJ55;A0A057R5V1;A0A041X588;A0A045YQX3;A0A038XAG8;A0A057VN69;A0A046UJR2;A0A1Q1XNT6;A0A057RLR2;A0A045WSP1;A0A043IDN1;A0A041P5K7;A0A046MCN9;A0A043RE17;A0A050M7E1;A0A052ZIJ3;A0A053T1P2;A0A053J8J0;A0A053ZW08;A0A039U753;A0A045ZZK5;A0A040YWA3;A0A043HX72;A0A8E0DXK8;A0A039XE10;Q7TVK9;A0A044BJY6;A0A043WU65;A0A056ZUU4;A0A045BHW7;A0A039SCL1;A0A041GN56;A0A042C6D2;A0A043UF27;A0A057BZN2;A0A044LTB3;A0A055KSN1;A0A7S8CHS9;A0A040AVV3;A0A056MVW9;A0A045ESQ8;A0A043JC02;A0A056PSP0;A0A047X887;A0A047I963;A0A057JQ31;A0A044MF08;A0A072EN70;A0A057TQ62;A0A046RA23;A0A043EJK0;A0A051CQD8;A0A049VVR7;A0A054TWI5;A0AAQ0EXE1;A0A044HFL3;A0A048ZKL3;A0A042Z1E6;A0A058QG36;A0A047HJM0;A0A055V311;A0A044GB07;A0A1Q1X0Z8;V2V7N6;A0A048XZ20;A0A055KFY7;A0A042PH23;A0A047FH18;A0A049C4U4;A0A041QCU7;A0A071VII2;A0A047BYQ2;A0A047GZJ5;A0A048MVL7;A0A7U4CDB9;A0A043WL09;A0A040CJ12;A0A055S8X9;A0A049HN34;A0A043ZT07;A0A046Q7D8;A0A051XYA8;A0A039JRY5;A0A046J981;A0A047BX26;A0A046VUH7;A0A054IJS3;A0A039SWU9;A0A045D2D7;A0A057U1S0;A0A049L5H3;A0A043EUT8;A0A051PA56;A0A048ZND4;A0A047S886;A0A044ZUN4;A0A049IBA7;A0A040BAA1;A0A056Z4Q6;A0A053GE04;A0A057DBQ2;A0A050PUY7;A0A044FEC5;A0A042M483;A0A042SUQ6;A0A045UAX8;A0A048F6W0;A0A056MYB6;A0AAP5EVE4;A0A040LET4;A0A047PQE2;A0A057QUM3;A0A047JT17;A0A049K5E6;A0A054HQ83;A0A043CYV6;A0A071X3H3;A0A047SMP8;A0A040ATF6;A0A048HCA1;A0A072BB19;A0A1Q1U5K2;A0A055WJA8;G7QSR2;A0A055S390;A0A057B6L2;A0A039YXS9;A0A048IXP4;A0A047GUZ9;A0A050B092;A0A055TVF2;A0A045QKE2;A0A044TEM5;A0A197IVS2;A0A044J780;A0A046LLG1;A0A049ZMJ4;A0A046MX58;A0A052G2N9;A0A040DR65;A0A040WEY3;A0A058D6W3;A0A040CS33;A0A040XCP6;A0A049NKS9;A0A052YZX1;A0A043M8B6;A0A054P3E5;A0A043WJC5;A0A052MGT9;A0A046F9D2;A0A044BZY5;A0A045MTQ0;A0A052LVZ5;A0A055XNR5;A0A049NAJ3;A0A044S9D7;A0A050E1C2;A0A039PE60;A0A041APN3;A0A052YF27;A0A071WDH1;A0A044DWM3;A0A041N6J0;A0A057GFS3;A0A048K017;A0A039TNU9;A0A050PMW0;A0A056BEJ4;A0A050D6I4;A0A058QNV3;A0A048MJG4;A0A056E2T1;A0A071Y6C2;A0A041GLN3;A0A039L7C4;A0A046CCS0;A0A038SVX5;A0A050Z1K1;A0A052ZVU0;A0A044NUJ8;A0A043XEI3;A0A045KV04;A0A058BZ48;A0A039UDT6;A0A048FXC0;A0A7U4GBK2;A0A054G3H3;A0A057WXV9;A0A1Q1TI35;A0A056NK22;A0A042WQ66;A0A055FPW7;A0A047CDG6;A0A046ZKX2;A0A057DF45;A0A045SLM5;A0A042X5A0;A0A055W420;A0A053MA85;A0A045RFK3;A0A056CM71;A0A043Y3P3;A0A052ZZF5;A0A328G973;A0A048TXE6;A0A057I5L4;A0A058NW38;A0A053UB09;A0A055HL67;A0A045TJY3;A0A046GWH2;A0A039KT84;A0A039NZI7;A0A040WZI0;A0A043J874;A0A042MSD1;A0A052U9H2;A0A038MK86;A0A044CKZ6;A0A047G4H9;A0A055IRC9;A0A055I6W0;A0A053E5N6;A0A049PIS3;A0A043THX6;A0A046D3B7;A0A049M467;A0A039I2X7;A0A047UTQ0;A0A053WT26;A0A048JJJ3;A0A045V4R3;A0A056H157;A0A056ABF9;P9WIK9;A0A055H9Y5;R4SQN4;A0A040V7Z7;A0A1Q1YY54;A0A053GIH6;A0A043PFF1;A0A058KNL3;A0A042CPG7;A0A040R9Q9;A0A052KNU4;A0A056REX5;A0A054BYS4;A0A057GQP6;A0A038RMR1;A0A053REW9;A0A047EZ61;A0A046X880;A0A054Y4T4;A0A071WG83;A0A053T385;A0A045E2U5;A0A048E548;M9UZ06;W6HXF6;A0A041SF48;A0A052RG14;A0A1Q1RL90;A0A048RFZ4;A0AAX1PPF0;A0A048ACN1;A0A055BET9;A0A045YS32;A0AB74LK04;A0A039L9A7;A0A043QTI5;X2BQ32;A0A054DA95;A0A047U5A2;A0A051LCB7;A0A053EM34;A0A056BBX4;A0A071RE29;A0A058FSB8;S5F032;A0A045JT97;A0A051GZZ6;A0A058LLE2;A0A291MEX4;A0A042Q0H2;A0A049QFC4;A0A041B7P5;A0A058PX22;A0AAC8V659;I6YH84;A0A1R3Y5E3;Q7TVK9;A0A042JU53;A0A043SA01;A0A053DPL6;A0A046E3A3;A0A044MXR4;A0A044VAU5;A0A053N7L3;A0A041Z7M0;A0A052LWM5;A0A044NU42;A0A046PCG8;A0A072BIX7;A0A040BK13;A0A048RVF8;A0A056QR93;A0A053RFH3;A0A057PJK5;A0A043UTT5;A0A081GBQ8;A0A045VWP5;A0A049RTI0;A0A057YTX9;A0A057G389;M1I0J0;A0A1Q1S8E0;A0A038Q5V9;A0A041M356;A0A054GE52;A0A039PUF0;A0A058NTK1;A0A045XSU6;A0A047ZKU8;A0A055AQF4;A0A057L1P3;A0A098A3T7;A0A038NIE1;A0A052PX31;A0A057NW56;A0A039FCH6;A0A056GJK0;A0A044L7J6;A0A055WZS4;A0ABX2VES8;A0A040E6T7;A0A046AVE3;A0A071NKD8;A0A042BQ60;A0A051C8D9;A0A1S1BBL5;A0A056RVY6;A0A040BWZ6;A0A052FVG9;A0A055H2E6;A0A044EDT0;A0A045YZA6;A0A049S5Y7;A0A045X0T3;A0A054CZR5;A0A049SF54;A0A048EE52;A0A043JEY2;A0A055SQQ8;A0A052JL66;A0A1Q2AIK8;A0A8S7LTL1;A0A040HDT9;A0A056FNE6;A0A057XH19;A0A054BMH3;A0A058PBP9;A0A041VEG5;A0A044KI62;A0A047PJ70;A0A046TM17;A0A043D8C0;D5YA83;A0A043M8V2;A0A042SGY1;A0A042UG73;A0A048VPG6;A0A043NGF9;A0A679LLY5;A0A7U5B3C6;A0A051LZQ5;A0A044FB29;A0A053YXD1;A0A057UJB4;A0A071QNQ0;A0A049HDV0;A0A046RIU2;A0A047B6E7;A0A0B6T7N4;A0A039ETX9;A0A041ICJ5;A0A038RF56;A0A045L9G1;A0A057P7K3;A0A042HEZ0;A0A042YK71;A0A043ZDI2;A0A039NH94;A0A042V5R3;A0A044R6X7;A0A042Z0H3;A0A044WN22;A0A039GLM9;A0A039FNS5;A0A046S4V2;A0A050FNU9;A0A051Q1K4;A0A042WLZ0;A0A050CS54;A0A056V2T1;A0A056XU12;A0A046IGT0;A0A039DW56;A0A038UT36;A0A055XCA9;A0A0E0YY22;F9V2B8;A0A040A4W8,1783272,Bacillati,Bacteria,Unresolved,True,True,True,False,07D7766EF181C4E5,0.090989783,0.9634456038475036,101
1853,704E000DE48CE557,290,UniProtKB/TrEMBL (unreviewed representative),UPI000000094E,Q78ZC4;P50295;Q711M4,10090,Mus musculus,Eukaryota,Chordata,False,True,False,False,704E000DE48CE557,0.995423853,0.9633334279060364,102
4852,834DD7EB4A2B4726,306,UniProtKB/TrEMBL (unreviewed representative),UPI00022D39FD,A0A6M4HFE0;G4RES5;G4RES5,1082930,Pelagibacterium,Bacteria,Pseudomonadota,True,True,True,False,834DD7EB4A2B4726,0.995355189,0.9633187055587769,103
21,91880DC8AFCE4499,4080,UniProtKB/Swiss-Prot (reviewed representative),UPI0009F74FFF,A0A1W5T1U1;A0A1W5T1U1,69781,Penicillium oxalicum,Eukaryota,Ascomycota,True,True,True,False,91880DC8AFCE4499,-0.005358067,0.9632810354232788,104
6280,B2F8F8380CD65B38,400,UniProtKB/TrEMBL (unreviewed representative),UPI00005CED93,A0AAP2NDJ2;A0A0G8R8C6;A0A4U0THX0;A0A9X1JKH6;A0ABS8LRT7;A0A1L5QD92;A0AAQ2EEA3;A0A0B2D324;Q3BSK1;Q3BSK1,338,Xanthomonas,Bacteria,Pseudomonadota,True,True,True,False,B2F8F8380CD65B38,0.043206289,0.962726354598999,105
2055,4AC70F77DDC1889F,4017,UniProtKB/Swiss-Prot (reviewed representative),UPI001C7C9CE4,Q2HBN0,306901,Chaetomium globosum (strain ATCC 6205 / CBS 148.51 / DSM 1962 / NBRC 6347 / NRRL 1970),Eukaryota,Ascomycota,True,True,True,True,4AC70F77DDC1889F,-0.005547334,0.962410032749176,106
3935,0F38E593B298F15A,370,UniProtKB/Swiss-Prot (reviewed representative),UPI0001738745,B2FMC1;A0A6H2HXV7;A0AA37E399;B2FMC1;M3EY64;A0A120FHT1;A0A2J0TXI8,40323,Stenotrophomonas,Bacteria,Pseudomonadota,True,True,True,False,0F38E593B298F15A,0.037577193,0.9619622826576232,107
1247,53853B366CF14C6D,4065,UniProtKB/Swiss-Prot (reviewed representative),UPI0010FF7112,A0A4P8WAE5;A0A4P8WAE5,148305,Pyricularia grisea,Eukaryota,Ascomycota,True,True,True,False,53853B366CF14C6D,-0.005344147,0.961912989616394,108
5496,1D2BB096D2C4C183,219,UniProtKB/Swiss-Prot (reviewed representative),UPI00001270E1,Q02736;A0A7Y8Z5B2,1485,Clostridium,Bacteria,Bacillota,True,True,True,False,1D2BB096D2C4C183,0.995052159,0.9616604447364808,109
483,5D4078DF88432223,4042,UniProtKB/Swiss-Prot (reviewed representative),UPI000161BE9F,Q0V6Q6;Q0V6Q6,321614,Phaeosphaeria nodorum (strain SN15 / ATCC MYA-4574 / FGSC 10173),Eukaryota,Ascomycota,True,True,True,False,5D4078DF88432223,-0.003835861,0.9616211652755736,110
9374,1414F2BFF5585117,309,UniProtKB/Swiss-Prot (reviewed representative),UPI000067D465,Q2NQZ8;A0A0I9QJG3;A0A193QMU0;Q2NQZ8,63612,Sodalis glossinidius,Bacteria,Pseudomonadota,True,True,True,False,1414F2BFF5585117,0.995876968,0.9613894820213318,111
1248,E0CB1F128F5A6383,3926,UniProtKB/Swiss-Prot (reviewed representative),UPI00159976B4,A0A6J4B487;A0A6J4B487,29916,Fusarium sp.,Eukaryota,Ascomycota,True,True,True,False,E0CB1F128F5A6383,-0.004983579,0.96123868227005,112
5661,069A59A2147BD60E,393,UniProtKB/TrEMBL (unreviewed representative),UPI0000DD5E82,A0A7T4KK19;A0A0W7UHD4;Q0KF58;A0AAE6DER2;Q0KF58,106590,Cupriavidus necator,Bacteria,Pseudomonadota,False,True,False,False,069A59A2147BD60E,0.172534093,0.9610443711280824,113
4866,EE67D92341960371,2214,UniProtKB/Swiss-Prot (reviewed representative),UPI00028E6101,K2QVI8;K2QVI8,1126212,Macrophomina phaseolina (strain MS6),Eukaryota,Ascomycota,True,True,True,False,EE67D92341960371,-0.002690242,0.9609506726264954,114
4960,AD31B8745E79F2C3,258,UniProtKB/Swiss-Prot (reviewed representative),UPI00001260DA,O62696;O62696,9685,Felis catus,Eukaryota,Chordata,False,True,False,False,AD31B8745E79F2C3,0.997051775,0.9606172442436218,115
1236,4877E716F4BBA2B1,3987,UniProtKB/Swiss-Prot (reviewed representative),UPI00107A7947,A0A411L027;A0A411L027,209559,Petromyces alliaceus,Eukaryota,Ascomycota,True,True,True,False,4877E716F4BBA2B1,-0.00518905,0.9605742692947388,116
1146,4DC157BCC42F4E29,4080,UniProtKB/Swiss-Prot (reviewed representative),UPI00035B58AD,S7ZFK6;S7ZFK6,933388,Penicillium oxalicum (strain 114-2 / CGMCC 5302),Eukaryota,Ascomycota,True,True,True,False,4DC157BCC42F4E29,-0.005583929,0.9600514769554138,117
8249,FE92F5EC321772ED,2492,UniProtKB/TrEMBL (unreviewed representative),UPI000351B143,A0A0I9ZC56;S0EET5;S0EET5,5127,Fusarium fujikuroi,Eukaryota,Ascomycota,True,True,True,False,FE92F5EC321772ED,-0.005266666,0.9599147439002992,118
1235,D48D171412A790AA,3948,UniProtKB/Swiss-Prot (reviewed representative),UPI0010243B10,A0A411KUP8;A0A411KUP8,2046025,Acremonium sp.,Eukaryota,Ascomycota,True,True,True,False,D48D171412A790AA,-0.00559478,0.9598833918571472,119
1133,1A944375E05DF403,3038,UniProtKB/Swiss-Prot (reviewed representative),UPI000006972B,Q9Y8A5;Q9Y8A5,33178,Aspergillus terreus,Eukaryota,Ascomycota,True,True,True,False,1A944375E05DF403,-0.005856913,0.9597981572151184,120
2117,6BDE751D492E9813,3075,UniProtKB/Swiss-Prot (reviewed representative),UPI00005B6F28,Q3S2T9;Q3S2T9,32644,unidentified,Unresolved,Unresolved,True,True,True,False,6BDE751D492E9813,-0.005512968,0.95939964056015,121
1305,CE293CC22B2A4CA0,3605,UniProtKB/Swiss-Prot (reviewed representative),UPI0000EFB5A9,A2QQV0;A2QQV0;A0ABH7D0X0,5061,Aspergillus niger,Eukaryota,Ascomycota,True,True,True,False,CE293CC22B2A4CA0,-0.005320049,0.9593034386634828,122
2601,1575D18B68E23E2B,3916,UniProtKB/Swiss-Prot (reviewed representative),UPI0003ECCA84,W7MLD7;W7MLD7,334819,Gibberella moniliformis (strain M3125 / FGSC 7600),Eukaryota,Ascomycota,True,True,True,False,1575D18B68E23E2B,-0.004614795,0.958831250667572,123
3308,CEA81D52AF998B1B,310,UniProtKB/TrEMBL (unreviewed representative),UPI000156EEAA,A0A3L7ZK58;A0A0J9DF61;K6B5W5;A0A496BYI1;A0A372VPF0;A0AAD2YH68;A0A078S7F7;A0A496DJY9;K5ZJW4;A0A268UF95;A0A496DW35;A0AAE5NDA0;D7IT36;A6LC32;A0A078TP70;A0A372WTB2;A0A372XSJ6;K5ZXR2;A0A496DB31;A0A496C2U4;A0A173Y213;A6LC32;C7XAL7;A0A1Q6F845;A0A496CH04;D0TAZ4;A0A223HNH6;A0A0K9CST9;A0A073I9H1;A0ACG4KKA2;E1YUR1,171549,Bacteroidales,Bacteria,Bacteroidota,False,True,False,False,CEA81D52AF998B1B,0.996431172,0.9586781859397888,124
3775,9FEBCC885EDD6527,380,UniProtKB/Swiss-Prot (reviewed representative),UPI00000D8FD7,Q4UVH1;Q8P8L2;A0A8I0LMX8;B0RS70;A0A3E1LCU6;Q8P8L2;B0RS70;Q4UVH1;A0A0K0W179,339,Xanthomonas campestris,Bacteria,Pseudomonadota,False,True,False,False,9FEBCC885EDD6527,0.054731622,0.9584414958953856,125
2435,9FEBCC885EDD6527,380,UniProtKB/Swiss-Prot (reviewed representative),UPI00000D8FD7,Q4UVH1;Q8P8L2;A0A8I0LMX8;B0RS70;A0A3E1LCU6;Q8P8L2;B0RS70;Q4UVH1;A0A0K0W179,339,Xanthomonas campestris,Bacteria,Pseudomonadota,False,True,False,False,9FEBCC885EDD6527,0.054731622,0.9584414958953856,125
6550,9FEBCC885EDD6527,380,UniProtKB/Swiss-Prot (reviewed representative),UPI00000D8FD7,Q4UVH1;Q8P8L2;A0A8I0LMX8;B0RS70;A0A3E1LCU6;Q8P8L2;B0RS70;Q4UVH1;A0A0K0W179,339,Xanthomonas campestris,Bacteria,Pseudomonadota,False,True,False,False,9FEBCC885EDD6527,0.054731622,0.9584414958953856,125
1713,F6A37212DCC9A02A,4004,UniProtKB/Swiss-Prot (reviewed representative),UPI00028D93A1,K2QYX5;K2QYX5,1126212,Macrophomina phaseolina (strain MS6),Eukaryota,Ascomycota,True,True,True,False,F6A37212DCC9A02A,-0.004374625,0.958184540271759,126
8459,DFA7D175E942AF22,303,UniProtKB/Swiss-Prot (reviewed representative),UPI0001587EC4,A6W6C7;A6W6C7,131568,Kineococcus radiotolerans,Bacteria,Actinomycetota,False,True,False,False,DFA7D175E942AF22,-0.001363184,0.9580589532852172,127
5309,97F32CA067FA4B14,360,UniProtKB/TrEMBL (unreviewed representative),UPI000012F018,A0AAP8PB02;A0A1W9FRJ0;P57884;A0A2J9QJE4,747,Pasteurella multocida,Bacteria,Pseudomonadota,False,True,False,False,97F32CA067FA4B14,0.94701761,0.957982301712036,128
7158,E74C5BF27E02D301,517,UniProtKB/Swiss-Prot (reviewed representative),UPI000035C22C,Q6LNA1;Q6LNA1,74109,Photobacterium profundum,Bacteria,Pseudomonadota,True,True,True,False,E74C5BF27E02D301,0.993451178,0.9576704502105712,129
5777,F9DA3BAF049E92EC,305,UniProtKB/Swiss-Prot (reviewed representative),UPI0000DA12A6,Q165M8;Q165M8;A0A2R3LK38,2434,Roseobacter denitrificans,Bacteria,Pseudomonadota,True,True,True,False,F9DA3BAF049E92EC,0.995220482,0.957649827003479,130
5098,F7FD43B4D481F92B,2568,UniProtKB/Swiss-Prot (reviewed representative),UPI00388C33C3,P0DXV7,138282,Aspergillus sclerotiorum,Eukaryota,Ascomycota,True,True,True,False,F7FD43B4D481F92B,-0.004574856,0.9575605988502502,131
3602,18927EFC5FE9CD41,305,UniProtKB/Swiss-Prot (reviewed representative),UPI0000E8FF93,A8LKX1;A8LKX1;A0VTL2,309512,Dinoroseobacter,Bacteria,Pseudomonadota,True,True,True,False,18927EFC5FE9CD41,0.995168746,0.957036316394806,132
1171,95C213C5C8075C3F,4043,UniProtKB/Swiss-Prot (reviewed representative),UPI000631535D,A0A0G0AID6;A0A0G0AID6,5544,Trichoderma harzianum,Eukaryota,Ascomycota,True,True,True,False,95C213C5C8075C3F,-0.003965289,0.9569984674453736,133
4770,B142E4FE562EF7EE,306,UniProtKB/Swiss-Prot (reviewed representative),UPI0001CC6D77,D3Q4A8;D3Q4A8,283811,Stackebrandtia nassauensis,Bacteria,Actinomycetota,True,True,True,False,B142E4FE562EF7EE,0.978766024,0.9567528367042542,134
1251,BC4C9D8DDDA43DEE,3999,UniProtKB/Swiss-Prot (reviewed representative),UPI0018A67FBF,A0A7L9EYL1;A0A7L9EYL1,2480843,Xenoacremonium sinensis,Eukaryota,Ascomycota,True,True,True,False,BC4C9D8DDDA43DEE,-0.004843326,0.9567351937294006,135
7241,669A1A327DB69224,368,UniProtKB/Swiss-Prot (reviewed representative),UPI000022E9BA,Q74AC8;Q74AC8;A0A352DKV1,35554,Geobacter sulfurreducens,Bacteria,Thermodesulfobacteriota,False,True,False,False,669A1A327DB69224,0.180445254,0.9564647674560548,136
7859,A55EFD77650CC480,368,UniProtKB/TrEMBL (unreviewed representative),UPI00000CF0E7,A0A171ME31;W6DV11;A3G7J6;G2K3W7;A0A2G8Q9K4;A0A0B1UH95;A0A0F5Z8X2;A0A3H3KIR5;Q8Y9D6;A0A171M5L7;A0A1D2IP16;D2PA45;A0A2G8QKY1;Q4EPR8;A0A823I113;A0A3H3PRD9;A3FSM9;T2KW91;A0A823GJR9;W8WNK7;A0A3H0R7M4;D2NYM6;A0A472AQP6;A0A0R1D852;A0A3T1TXD4;A0A0B1W4D2;A0A9Q4GN27;X0EXD5;A4DSD0;A0A2G8R347;A0A0B1WB11;Q8Y9D6;A0AA36KRE1;A0A0B6W689;W7B1K4;A0A171N4J5;J7MTN2;A0A171MMT3;A0A171MWK4;A0A3Q0NC05;A3G051;X0DFB2;A0A2G8QMT8;C8K9H3;D4PRB2;J7NEZ3;W8WF04;G2K5A9;A0A0H3GEC9;G2JUG1;J7NQ31;J7MQG8;S5KJK7;A0A0G2W5X5;A0A241SVR9;A0A171NG42;A0A0B1VHK5;W8WIP6,1637,Listeria,Bacteria,Bacillota,True,True,True,False,A55EFD77650CC480,0.407943398,0.9563333988189696,137
1234,5CF489F95F2CF7D0,4023,UniProtKB/Swiss-Prot (reviewed representative),UPI000FE29219,A0A3T0QHT6;A0A3T0QHT6,28576,Talaromyces variabilis,Eukaryota,Ascomycota,True,True,True,False,5CF489F95F2CF7D0,-0.005766703,0.95630145072937,138
1224,3A6487C131E32B26,3961,UniProtKB/Swiss-Prot (reviewed representative),UPI000DCABA13,A0A2Z5XAL7;A0A2Z5XAL7,1756125,Pyrenochaetopsis sp.,Eukaryota,Ascomycota,True,True,True,False,3A6487C131E32B26,-0.005211152,0.9562826156616212,139
25,85BB805918FD1C5A,5206,UniProtKB/Swiss-Prot (reviewed representative),UPI000CD32DF6,A0A2S3R7M0;A0A2S3R7M0,672,Vibrio vulnificus,Bacteria,Pseudomonadota,True,True,True,False,85BB805918FD1C5A,0.031322822,0.956198751926422,140
3467,54F3B4CE3E891397,309,UniProtKB/TrEMBL (unreviewed representative),UPI00015B9E17,A0A069J3Q8;A7MPD4;A0A0F6VS37;A0A0K2NAA0;A0A2S9UAX7;I2EE42;A7MPD4,413496,Cronobacter,Bacteria,Pseudomonadota,True,True,True,False,54F3B4CE3E891397,0.9966591,0.9561585783958436,141
6020,DFAB20E20573C336,301,UniProtKB/TrEMBL (unreviewed representative),UPI00003C7D58,Q37XQ2;Q2GAJ2;Q2GAJ2,48935,Novosphingobium aromaticivorans,Bacteria,Pseudomonadota,True,True,True,False,DFAB20E20573C336,0.995775282,0.9557673335075378,142
2782,4DD3E3BBC95EB052,344,UniProtKB/TrEMBL (unreviewed representative),UPI00006DD8A6,A0A0C2Z2J8;A1A3D2;A1A3D2,31953,Bifidobacteriaceae,Bacteria,Actinomycetota,True,True,True,False,4DD3E3BBC95EB052,0.992638409,0.9556995034217834,143
1140,A3BAF8D37CEC9383,4613,UniProtKB/Swiss-Prot (reviewed representative),UPI00001101F1,Q9ZGI5;Q9ZGI5,54571,Streptomyces venezuelae,Bacteria,Actinomycetota,True,True,True,False,A3BAF8D37CEC9383,-0.004800345,0.9554861187934875,144
1911,5FB3B667BD4D7804,281,UniProtKB/TrEMBL (unreviewed representative),UPI0000130035,V0JMV5;V2DGZ5;L6RIN0;V7XXX5;A0A5J1WI78;X4PDS8;A0A419IL47;X4T0V7;A0A068PHM5;A0A1M3YQG8;A0A1X2XJ65;X4K662;V0G8L2;U6U2N9;L6R185;V0BM22;X3CXP6;X4UVN3;X2V3T1;A0A5H7C150;X3I478;A0A233PJS5;A0A315I6R2;A0A1L3M6F3;V3XB17;X4HFQ2;A0A0V1ZEG3;A0A3A3MBZ1;A0A4P9T2E5;V0NI03;J1HJ05;J1JK98;L5XYH0;X2SFF2;A0A2S1HSX6;A0A5I0L248;A0A5H7R2A1;X3M4L4;U6QSM1;A0A2T9EAM9;V3XGK1;A0A233MYN8;V0M4R9;V0F250;X4QWB1;E1WBR3;S5SQ01;A0A0C5T587;X4MBR6;A0A2T8V4A4;A0A974KL93;A0A5J1ALS8;X3EWZ1;A0A8E6JMD5;V1GDD7;L6U5P4;U1T4A5;A0A1Z3QXS3;X3AXT3;A0A233QQB9;V0KVD4;X4R8C0;U3SJS7;X5NIZ7;A0A018X1N5;A0A154KHU6;V0ICX1;A0A8E5TTS6;X2QXR5;A0A0W7QJX8;L6DJF1;X4VHR1;A0A0H3NBR0;X2Y4N9;A0A0F2V623;X3R9U0;N1GC53;A0A067VG83;U6W294;L6CLW5;X5AV86;S5HV27;L6E495;A0A0H3RF22;X4MNQ9;A0A1X2U3X4;A0A5H6NZB4;A0A8E6RU06;A0A5I6NGC1;A0A068ZPI1;A0A5H5CJ33;A0A5H5TM56;A0A3A3KG21;V5S0C2;N0QE03;A0A017R5W4;A0A0L4JGQ8;A0A0V1WY39;X4EL00;A0A5I0I7E7;N0MUV3;X3QYL2;A0A0N2BNJ3;A0A379NWI8;N1DWX7;N0JGQ8;X4LXU3;A0A0W6PMJ5;A0A1M3ZN71;X5A686;N1EBI7;A0A233M9X2;N1BTE5;J2CZE5;X2MZV2;N0KCP2;A0A0B7T700;V2F7R8;X2RZW6;V0B9L1;X3PD56;A0A018XH60;A0A5V8Y8B2;A0A729KY42;A0A5I1WTU4;V1NLT0;V3XA41;A0A0E8ITX8;A0A444ASB0;A0A018TK75;A0A5W2WT71;A0AA86BAC6;N1DJ91;A0A0L4W5B5;N1FUT8;L6Y7D7;A0A0N2BKY0;A0A0F2UDP8;A0A5I5P3E9;A0A221YKX0;A0A0W5ZS24;V0B284;X4K544;N0K4X8;U6QBQ9;A0A3V4T6Q6;A0A4Z9VL61;N0HBV3;A0A2T8PKV3;V2PEK2;X3DQM2;A0A0B7U2H3;A0A143DLE3;A0A5I8F748;N0L5I9;X3MQT5;A0A1X2Q6C0;V1P9T0;V2ADK8;A0A0H5PEU8;L5ZFZ7;L6IAA9;L7B539;V0CK39;H5VIB9;A0A5J0E3T4;A0A0A5Q8K4;A0A018YHU3;A0A5I2LZ64;X3PXA6;X4CKB6;A0A6C8ETF3;L6JHA8;L5ZUY8;A0A1X2X625;A0A0C5UCY1;A0A0F3ETL3;N0TWD3;K8TRF9;N1GZR7;A0A0B8KAC9;L6D013;A0A3U8ITA1;A0A1J7NJU4;L6FQF9;X3DQE7;I0MG22;A0A2D3TVW0;U6YFK2;L5WZA2;V1DXL0;V3WSP1;L6STH0;X3M2G7;J1JF62;X4FSL3;X3TBZ7;A0AA86BYD9;A0A0L4S3Z8;V0K371;I9TCL7;H5W6T1;A0A379RNC9;A0A179VSK7;A0A0A7VKA6;X2YTP7;A0A8E7D2Q6;L6MSM3;A0A5C5HLK7;A0A0B7RAW6;A0A3Z3G5X3;A0A3A3KNM0;N1IJX0;L6HVS8;X3NNT1;A0A038F297;N0HSD9;A0A5I1IA98;X3WE45;L5XHV9;U6X1Q6;J2GPT2;V0DLZ9;L6AQB6;A0A3G8UPY1;A0A3N9QAG1;A0A6C6ZNJ2;J2ASI7;A0A5H5KAE8;N1HDW5;V0DXA0;A0A0M0QS17;A0A5Y7ABP8;X4QCD8;N0UIX9;L7AQB8;A0A5I6KHB1;A0A018X156;N0H8N8;A0A418Z8S5;A0A5V9C549;A0A0W5Q6B7;A0A018ZTP7;A0A0B7QJ45;Q00267;L6GM03;X2XSX0;A0A067W8U4;A0A0B7SAK2;X3RTA1;X4I5T2;N0U1I7;X4FQ63;A0A018SSZ8;A0A0L3P9I1;A0A5Z5VAR2;N0RU25;I9GRZ7;X2NYH6;A0A0G2P463;J2GG36;J1MDB1;A0A0H3IG40;G9VE89;A0A2X4YJK6;A0A0W7AD16;A0A0F3J593;X3MRJ8;X3JBP1;A0A2T8NQS9;A0A6C7HQ67;V0EI26;N0S6I4;N0Y376;X3ZX30;A0A0F2XKS5;A0A5X3KNJ1;A0A2T8U9B3;A0A0F3DSW7;X3IQE5;A0A0V1XIA5;X4X5P8;A0A0R9NY11;V0PQC0;N0V045;X2Q9W9;X4CVK3;X4AKC8;A0A5X4LRZ1;X2WP79;A0AAT9MXK0;A0A233KZN9;A0A5I3C701;X3IZF3;A0A078NCE7;X2RMR1;X4D3T9;A0A018WG11;A0A0V2A3J0;X4ZNX4;V0HJP6;A0A5I9LL39;U6UMK3;A0A0L3G269;A0A5W7A3C0;A0A5U9GM18;X2URQ3;X2WHZ3;B5CAR1;J1LUR9;X2PXQ1;X3QZK7;A0A018SM09;X3QMA7;A0A6W0LYM1;X3GCB4;A0A0B7QJ67;L5Z8Y1;J2G157;A0A233NRV7;A0A5W9YTP0;A0A1X2Y328;X4LA05;V0LYS6;X3SPA4;L6J773;V2KDN3;L6YIV5;A0A8E5U1W2;A0A5H7VBF7;A0A018TS84;A0A0B4JX14;A0A0W6XKB7;V0FLY1;X2NU50;T2K6U9;A0A0B3LTM0;A0A5W2LPH2;A0A018WTS5;X2XZB5;A0A0V9WBS1;X4S806;B5N237;A0A0B7TCD3;A0A0N1R0J6;A0A018YAE1;A0A018SU96;A0A2Z2VW33;X4ESF7;A0A977N8F7;A0A0D6G297;A0A0H3BMD6;A0A5I3PE45;K5AMP3;L6U0J1;X4Y9Q2;A0A636NUM8;A0A3B7NF97;A0A3V4RHC4;A0A5F1JIZ1;X4ST07;A0A0L2VSF2;A0A2T8MJ80;K8SEI1;A0A3Z0K2L3;L6T5G6;A0A2Z2VBE3;V2GMH3;X3HAH5;N0IXF7;A0A0W6LJK4;A0A0B7RJR8;A0A092ZXU0;N1FMN7;N0R537;L9SFR0;L5WKT2;A0A5H8VMB0;X3RYB2;L6XAZ6;A0A018NJT4;A0A0F3EQ51;A0A0E1Q1U5;A0A3V9PNH4;J1GS42;X4TN63;K4ZSY3;N0NL62;A0A5I6CZA9;A0A5X5NFC2;N0XLP6;J2I690;V0NWW4;V0MU80;A0A5I3M676;N0MII8;A0A5X7XI45;A0A0F3C266;A0AA86BX39;A0A4Y6PF23;A0A0F7HSP4;X4E3A9;A0A0L3PZI5;A0A0H3RVT2;A0A0B7S4F6;A0A730GNQ0;A0A0K1VC67;X4HW30;A0A3V6QY38;A0A509BKX6;A0A6C7A3H2;X2WUI1;V0MV93;A0A659MY02;I9I0T5;B5QTM0;X4P1D9;N0QSA1;A0A0B7UGW0;A0A233R843;L6P6R2;A0A018T3K4;X3HN31;S5HFS1;U6U0F3;N0VGW5;A0A018PI24;X4V9P3;A0A5H5KF41;L6ZVR6;B4T5X1;X3PG49;V0DBZ2;X3UT98;A0A5J0P092;I9I1V7;A0A3Z6NV19;X3GXV9;X4BGR4;A0A2G1NRW0;A0A4Q8S9W7;L9QUF4;V7VUJ5;V0NTF2;A0A233PAA5;A0A1W2LDI5;L6LQJ0;X2ZVZ3;A0A0W5R5D4;A0A5I4Q5F5;A0A233NCN2;A0A018NH34;A0A5I5D039;N1IUX5;X2W5Y0;A0A0B7Q678;A0A5H8RDK0;X3TMR8;A0A0U3MAQ3;J1IEJ3;A0A5I6M7J2;X3SM86;L6F2Y7;A0A737F122;V2LTZ6;A0A019A149;N1B3S6;A0A401APY8;X3LEL3;V1DWU1;N0M4A0;V0I9T3;A0A0F2YVB6;E7UYP1;L6UMB8;L6K556;L6PRF9;L6S2Z1;A0A0V2CCF5;X4JM51;L6MUI3;A0A018VPY6;A0A0L4BZ36;A0A2Z2UZJ0;V1DUA7;X3NI51;T5K5R6;A0A131HNT3;V0JNB4;A0A3V9RZH5;L6IWT2;A0A6C8LX33;W4MQH5;A0A018R4T0;A0A730I8V8;N0KTC4;V2JNL8;X4MXR6;J2BX62;N0PZA0;L6UFV7;X4AXA1;X3BA31;V0HUS6;X3XIL5;A0A3W0XR62;A0A0B7WRY7;L6QJR9;A0A4Z9FEP0;L7B4Z1;X2TUJ3;A0A0L4G2E0;L6VNB4;L9SQM3;A0A5H7GMN5;A0A018PIE5;N0SX65;V2I070;B5F5U8;X3AGN0;B3YD44;X3B6A2;A0A023SNS2;A0A0W5GU20;N1I6K3;A0A067UKP6;A0A2W4FKS3;A0A0F2UK25;V0LHT6;N0W463;N1C2R5;A0A3V9U758;K8SJV3;N1CRM7;A0A0L3PB78;A0A8X6G389;L6NB15;A0A2T8N8Y1;U6XWA6;A0A5W8ANY1;B5NLD8;A0A0F3A7C0;X4CCR0;S5GY17;V1WHN4;X2T0D9;X3C4C4;A0A038E243;X2PTA8;A0A233LVG8;V1UGX2;A0A5J0JLF7;L9REW6;B5PPV7;V2GPC1;L5YHH1;N1GVQ2;A0A0L2SBU1;A0A753FSM5;X3GJQ7;A0A0F3BLR3;X4PUW9;J1PLD0;X3VF46;N0RJF5;A0A1P8FX94;A0A5H7AKL5;X2V3L3;A0A3T3IGE3;L5YST8;X2LZJ6;X4JZI3;A0A0L3SU62;X3YPL4;A0A0F2Z8C7;A0A2T8M6B8;A0A1X2V4M3;A0A5W3RHB4;B5P033;A0A0B7USX1;A0A636CSV9;A0A271CLR8;A0A2T9LDJ5;A0A3Y9CAW5;L6RXS2;N0X152;A0A0L9JT55;A0A3V8XFH3;A0A607Y8Q3;L6BLV7;A0A0F3CEB0;V1FNU0;A0A2T9Q1Q4;A0A0U1F1V5;A0A0L8WM16;A0A267SAR0;N1ABT0;A0A0F2YA80;A0A1R2UKG4;I9TVE9;E8XJ30;L6ACG8;H8M515;X4KW26;A0A1S1B3G0;K8SAM6;A0A0W6KLG6;A0A068ZAI6;U6TH80;A0A5H9FTB8;V2GP26;I0NQA3;V7RGN9;L6JUX2;A0A5I9BFS7;L5W4Y5;V3YVR3;A0A017RN27;X3FV59;X4AEY2;L6ATQ9;A0A038E5B8;A0A0F6B1J6;J2EP53;A0A0S2NG97;A0A3V8MGF5;N0PAD1;A0A0V2EY22;V4AU48;A0A0E1CRZ6;V3YFB4;V3YGQ8;L9RTG8;A0A0F2VSB3;X4TAL5;A0A5I0SG30;L6CHW7;A0A233LL30;K8ULC9;J1KRI2;N1DCF5;A0A5I3B2I9;V2HF97;A0A067UY95;N0WH97;X2ZE86;L6GRS6;L6Z153;A0A5W8X1S6;N0IR81;L6EX05;A0A0D5WH36;A0AAT9N9U2;X4VUN8;N0Z4P8;V3WLW6;L6DNJ2;F5ZQQ2;X3Z288;B5FHI1;N0ZDL6;X4TBD8;X4DJQ7;A0A3Z0C996;J2E4T1;X3SZD2;I0A997;F2FFX5;X2N7T9;X3Y630;A0A8E5NBH9;N0SQD2;X3JRS3;A0A233KQZ8;K8VPL8;C9XHL1;J2FCV3;A0A0N1VZ16;B4TIK3;A0A0F3EUV1;L6XKV4;A0A6C7AMB4;L6HXA9;V1JEU6;X3Z3D9;V1YL67;A0A0F2U5P5;L6NDJ2;V0QRX4;X2MDN0;A0A5H9C9S7;A0A067VJS1;I0M6A7;K8V907;A0A752RUY7;A0A0B7W0W2;N0JRT5;N1AI88;A0A018NM33;A0A0D3NQ55;B5C0Z1;V0PFW4;J0ELW7;X2VFV3;L6ZF57;A0A604F8X0;A0A2T9IB91;U1J994;A0A1X2YNR9;A0A5H7VP87;K8TCJ6;I0N3U0;A0A0V1X0J8;A0A5H7LHD6;L6FEN5;X4PAT8;K8TGZ5;A0A2Z2ULI5;A0A0B4NIP1;T1YIL8;A0A0W5HMF1;A0A017RBY5;X3YHU9;X4RRB0;X2PFQ6;A0A657HU30;A0AA86B703;N0I9H9;L6NZB2;A0A024ATQ4;V0GAB6;A0A4P6SNN3;W9FEF0;A0A0F7J8S8;A0A018S1P4;X3KB44;A0A0L8YC67;A0A233MPC3;A0A2H9YKK2;L6PSI2;X4N4E8;A0A0F3ARA8;A0A5W5VB04;N1EV46;L6RXY8;L6LGJ0;U6WCW0;L6X2G8;V1TVR3;A0A0F3DNA3;L6UEZ7;N1BIC8;I9LGU1;A0A5Q7DM16;A0A0L3SQ40;A0A500F6L2;A0A2L1ESD3;A0A5H9TPD2;A0A0L1XC55;A0A4V2HN72;V0F980;A0A0F3BET9;A0A038EAG5;A0ABF7T3M7;X3FHL1;A0A4V1I9F9;U4MGC5;X4PRL5;N0NYI0;A0A0X8V541;J2C464;L6H1N6;A0A0L5WUQ0;A0A0C5TUN6;A0A018V6S1;A0A0B7SE03;X2ZVZ6;A0A0F3EHY0;X3LNN9;X4WLH2;A0A0E2MU14;V2K7Q6;X2T149;A0A5H9VG79;D0ZXR3;A0A233K3P1;X4CQE4;X4FGS6;A0A5I1NXH8;A0A0X8KZ17;I0MQA4;X2U7R4;J0ATA9;A0A0F2WCI9;X2THT7;A0A018VQL8;X3D6H9;L6VLD1;V1HLT2;A0A246KLD8;V1SC75;A0A5I8UB09;B5QBQ1;A0A1X2RX03;J0D9I1;N1CF69;X3VH31;A0A5W5KGY0;U6YQ36;A0A4P7ZJ34;X4MA27;X2QKP1;L6BGT7;N0YS26;N0ZQI0;V0LV77;U6VMJ0;A0A0F2X663;N0V9S5;X3F5G5;V5VJG4;A0A0B7V9N7;V1NH15;A0A0B7W2J4;A0A3V9DXU7;A0AA86K8P5;N1HUU8;A0A3W0TMS6;N1FA21;A0A0F2Z4A6;L6WH77;A0A249UZQ9;N0T959;L6KCM7;N0N687;M9XPW9;X3CBP4;A0A0L9MKG6;X4IQI8;A0A018RCW5;A0A5I4MRY7;X2RD53;A0A0B7RI08;A0A265B4M4;N0YD20;X3E8B3;G5LNU9;V1MS50;A0A0L2J3B9;V1FKE8;K8UTC5;A0A1V3F8E8;J1PN43;L6WKK5;A0A608ZZI2;X4X6V6;L6GF54;A0A3W0F8S8;A0A6Y0YRQ9;A0A023MR71;A0A6C7IBJ4;N0PKC6;A0A0F3F2Y7;V0ISX2;A0A0F3CTU9;L5XLT9;X3BS54;A0A5I4CMN2;X2YGN2;A0A8E5IIP2;X3ZSN9;X4G7V6;A0A5I5G8Z2;X3N160;X4GU84;A0A018UH02;X3ET70;X4XD38;V0H8B4;V0Q5P5;A0A5W8ZSG0;B4TW30;A0A5I0UVH1;X4L8J0;A0A2I6M825;A0A3A1PN51;A0A018ZGU9;A0A5W0TUJ7;A0A0W5FB10;G7T1S3;L6ES15;L5WP69;A0A021WTK6;X4H3U2;X4WW85;L6LV11;A0A038F324;K5AL73;A0A0W6EQT2;A0A0A6V9T8;S5IDB4;A0A5I1L7R2;A0A601IVF1;X4UMV0;A0A5J0BY50;L9TAR4;N0WN60;V0C6V9;A0A018UL09;K5ALM3;A0A0M1REL4;A0AA86ECB1;A0A0F2W217;A0A233Q6P8;X2LNS5;A0A0B7V9P7;N0LKB1;V3WMS7;V0CE17;A0A0F2XSS9;A0A386NK17;A0A3V4B5X1;A0A5X9X4P7;A0A5H7CVF7;V2A7M8;L9QFR0;A0A018PAV7;X3KL87;V0Q1M6;A0A5W4I198;A0A0W7EV39,590,Salmonella,Bacteria,Pseudomonadota,False,True,False,False,5FB3B667BD4D7804,0.996930063,0.9554032683372498,145
2823,03AC59C72B08E9E0,204,UniProtKB/Swiss-Prot (reviewed representative),UPI0000EB550A,A1JM47;A0A0B6IDW4;A0A0T9STU4;A0A485DIV7;A0A8B6KUH1;A1JM47;A0A094UIV6;A0A0H5JZ33;A0ACH1C7V7;K1BX45;A0A4U9IQV9,630,Yersinia enterocolitica,Bacteria,Pseudomonadota,False,True,False,False,03AC59C72B08E9E0,0.993703544,0.9553305506706238,146
5264,228C64130A2AD881,290,UniProtKB/TrEMBL (unreviewed representative),UPI0000001588,Q546L3;P50294;Q711M5,862507,Mus,Eukaryota,Chordata,False,True,False,False,228C64130A2AD881,0.996400416,0.955062747001648,147
1036,800DD5D1D119AE19,4558,UniProtKB/TrEMBL (unreviewed representative),UPI00005F34B5,A0A0X1KWP5;A0A4S3R5L6;A0A211HNQ3;A0A1B2AHR8;C6YC10;A3EFA5;A0A6A8NC98;Q9KS12,666,Vibrio cholerae,Bacteria,Pseudomonadota,True,True,True,False,800DD5D1D119AE19,0.062558807,0.9548808932304382,148
4215,C4228396E7365874,309,UniProtKB/TrEMBL (unreviewed representative),UPI0001813F25,D6GM68;A0A066FWC1;A0A066J712;A0A0P8T9M4;A0A2U1GPN5;R5X7T9;B5XYD0;A0A0B0ARE6;A0A658RLV0;V3ETQ9;V3SD63;A0A087FPG6;B5XYD0;A0A066JNF0;A0A0J4Y0F2;A0A064VL39;A0A068IF45;A0ACD7FCS4;V3M3R3;Z5D3G0;R8XI64,543,Enterobacteriaceae,Bacteria,Pseudomonadota,True,True,True,False,C4228396E7365874,0.996481478,0.954705536365509,149
2605,7393F7F1717AF2A4,2383,UniProtKB/Swiss-Prot (reviewed representative),UPI0004D26FB6,A0A084API3;A0A084API3,1280523,Stachybotrys chartarum (strain CBS 109288 / IBT 7711),Eukaryota,Ascomycota,True,True,True,False,7393F7F1717AF2A4,0.014367555,0.9546803832054138,150
3912,E620C2D823D26573,377,UniProtKB/Swiss-Prot (reviewed representative),UPI0001711F5C,B1XW69;B1XW69,34029,Leptothrix cholodnii,Bacteria,Pseudomonadota,False,True,False,False,E620C2D823D26573,0.613863707,0.954490602016449,151
4887,AC6429AF6734E3C3,2528,UniProtKB/Swiss-Prot (reviewed representative),UPI00019D61CB,N4WHE3;N4WHE3;Q92217,5016,Cochliobolus heterostrophus,Eukaryota,Ascomycota,True,True,True,False,AC6429AF6734E3C3,-0.004723086,0.9543632864952089,152
2245,91EA8533FABDA2CB,4005,UniProtKB/Swiss-Prot (reviewed representative),UPI000351910C,Q5SBL6;Q5SBL6,42747,Fusarium heterosporum,Eukaryota,Ascomycota,True,True,True,False,91EA8533FABDA2CB,-0.003788755,0.9540193676948548,153
2877,C4E4539434091880,305,UniProtKB/Swiss-Prot (reviewed representative),UPI0000D80A04,A1SR71;Q1FRK4;A1SR71,357794,Psychromonas ingrahamii,Bacteria,Pseudomonadota,True,True,True,False,C4E4539434091880,0.994745672,0.9536667466163636,154
4105,239A7ADC6E8A9A16,212,UniProtKB/Swiss-Prot (reviewed representative),UPI0002374978,B4EYA9,584,Proteus mirabilis,Bacteria,Pseudomonadota,False,False,False,False,239A7ADC6E8A9A16,0.962597132,0.9535645842552184,155
4515,C84F0996E07FBFF1,305,UniProtKB/Swiss-Prot (reviewed representative),UPI0000378FE6,B9KT32;A0AAN4RB24;A3PK84;A0A397K969;Q3J205;A0A110AAT4;Q3J205;A0A6H2IPT1;A0A511RWI9;A3PK84;B9KT32;A0A239C686;A0A344Q5M7,1063,Cereibacter sphaeroides,Bacteria,Pseudomonadota,True,True,True,False,C84F0996E07FBFF1,0.996252596,0.95318341255188,156
6296,C84F0996E07FBFF1,305,UniProtKB/Swiss-Prot (reviewed representative),UPI0000378FE6,B9KT32;A0AAN4RB24;A3PK84;A0A397K969;Q3J205;A0A110AAT4;Q3J205;A0A6H2IPT1;A0A511RWI9;A3PK84;B9KT32;A0A239C686;A0A344Q5M7,1063,Cereibacter sphaeroides,Bacteria,Pseudomonadota,True,True,True,False,C84F0996E07FBFF1,0.996252596,0.95318341255188,156
3043,C84F0996E07FBFF1,305,UniProtKB/Swiss-Prot (reviewed representative),UPI0000378FE6,B9KT32;A0AAN4RB24;A3PK84;A0A397K969;Q3J205;A0A110AAT4;Q3J205;A0A6H2IPT1;A0A511RWI9;A3PK84;B9KT32;A0A239C686;A0A344Q5M7,1063,Cereibacter sphaeroides,Bacteria,Pseudomonadota,True,True,True,False,C84F0996E07FBFF1,0.996252596,0.95318341255188,156
5724,FA5F828690059FA5,312,UniProtKB/Swiss-Prot (reviewed representative),UPI00003A2A10,Q11DS0;Q11DS0;Q3WXD3,449972,Chelativorans,Bacteria,Pseudomonadota,True,True,True,False,FA5F828690059FA5,0.996024311,0.9529672861099244,157
1590,FA76D79C2D9E90C8,3946,UniProtKB/Swiss-Prot (reviewed representative),UPI00018F5E0E,B8NJG3;B8NJG3;A0A7U2N194;A0A7G5JG01,5059,Aspergillus flavus,Eukaryota,Ascomycota,True,True,True,False,FA76D79C2D9E90C8,-0.006078243,0.9527627825737,158
2992,6D19AEB47978C92D,313,UniProtKB/Swiss-Prot (reviewed representative),UPI0000550CD6,A6WLE9;E0ILF2;B8E7M2;A0ABU9ULE7;A5NBL1;A0A9E9D3A6;H1YTY4;G0ATP2;A3D2P8;A6WLE9;Q3Q6F9;A3D2P8;A0A165K4R8;B8E7M2;A4MMB4;A0AAJ2J2P5;G6DYK1;A0AAP2Y3L0;E0HLK0;G0DP63;A0A7U4E0L3,22,Shewanella,Bacteria,Pseudomonadota,True,True,True,False,6D19AEB47978C92D,0.996448219,0.9526283144950868,159
4424,6D19AEB47978C92D,313,UniProtKB/Swiss-Prot (reviewed representative),UPI0000550CD6,A6WLE9;E0ILF2;B8E7M2;A0ABU9ULE7;A5NBL1;A0A9E9D3A6;H1YTY4;G0ATP2;A3D2P8;A6WLE9;Q3Q6F9;A3D2P8;A0A165K4R8;B8E7M2;A4MMB4;A0AAJ2J2P5;G6DYK1;A0AAP2Y3L0;E0HLK0;G0DP63;A0A7U4E0L3,22,Shewanella,Bacteria,Pseudomonadota,True,True,True,False,6D19AEB47978C92D,0.996448219,0.9526283144950868,159
3402,6D19AEB47978C92D,313,UniProtKB/Swiss-Prot (reviewed representative),UPI0000550CD6,A6WLE9;E0ILF2;B8E7M2;A0ABU9ULE7;A5NBL1;A0A9E9D3A6;H1YTY4;G0ATP2;A3D2P8;A6WLE9;Q3Q6F9;A3D2P8;A0A165K4R8;B8E7M2;A4MMB4;A0AAJ2J2P5;G6DYK1;A0AAP2Y3L0;E0HLK0;G0DP63;A0A7U4E0L3,22,Shewanella,Bacteria,Pseudomonadota,True,True,True,False,6D19AEB47978C92D,0.996448219,0.9526283144950868,159
5014,401BEF8B4ABE562D,35,UniProtKB/Swiss-Prot (reviewed representative),UPI000012A54D,P08757,9925,Capra hircus,Eukaryota,Chordata,False,False,False,False,401BEF8B4ABE562D,0.982497394,0.9526274800300598,160
1241,9B9E28C5EC33162F,3856,UniProtKB/Swiss-Prot (reviewed representative),UPI0010B2CAA1,A0A481WNP4;A0A481WNP4,36656,Penicillium crustosum,Eukaryota,Ascomycota,True,True,True,False,9B9E28C5EC33162F,-0.002822176,0.9521878957748412,161
7898,7B5A9EE217EC520A,148,UniProtKB/TrEMBL (unreviewed representative),UPI00000CD63D,V1ERG7;Q8ZJW4;C9XF28;A0A2T9J8D3;K8U3U9;A0A5Z7AEX9;D0ZUD4;A0A602Z1L8;A0A0B8KB58;A0A3V9E0C8;A0A5I9LV27;A0A5I5NTM9;A0A249V336;A0A500S0B8;A0A1X2VU80;K8V9Y9;U6VUF4;A0A021WPP3;A0A078NW32;A0A5I2KCA9;A0A0L4JA50;G9VYW9;A0A0L2MDE1;A0A3V8MI23;S5HDG3;A0A385W5W4;A0A1M3Z9Z1;A0A4P9TA05;K8UGW4;A0A509CZ76;A0A2T8RDL4;A0A0H3NQ28;A0A5I5CAU3;A0A4P9S745;A0A730C7W7;A0A5I3E6Q6;A0A5I3P713;A0A3Z2F8Y4;A0A5I0VAY3;A0A5X6EEP7;U4MIE5;A0A4S3CGU0;A0A3U8ILY5;K8T649;U6V411;U6WCK2;A0A8E6JEP9;A0A5J1V2L9;U6XZ90;F5ZYR0;A0A0F7JFQ8;A0A0L1Y2F8;A0A0B3F8A9;U6QB84;A0A3Z0CGQ7;A0A2P5GCD9;A0A5T7ZMI0;Q8ZJW4;A0A6C7IKB9;A0A0W6LLF6;A0A752KAL4;A0A0W5L754;A0A5I4MDI4;A0A5J1C172;A0A0W6MQ97;K8T0H2;A0A1X2TUJ4;A0A3Z0F7B1;S5ICT2;A0A038F465;A0A0D6HN71;A0A038E0Q3;A0A0N9PXV8;A0A5I1QNC0;A0A0U1EZS6;A0A5H6THM6;V1J963;A0A232U645;A0A636CZX2;U6XXM5;U6YPL7;U3SNJ6;A0A5X7FW37;M9XZ80;A0A0L4S6Q9;A0A549PY98;A0A0F6BBA1;K8RNJ4;U6VA93;A0A724J7B9;A0A5I4W8W3;A0A625WD53;A0A3V6BM90;A0A023SYV3;A0A0A6V7H8;V1JMP0;A0A5W1KQR0;A0A0F3JMT4;A0A608ZYD6;V1G3Q7;A0A8E6SW79;T2KED0;V7XNU9;K8RLF6;A0A2D3AKB7;A0A2H9YJR2;A0A5W3B789;E1WB89;A0A5H6HF32;A0A5H8NQ64;A0A0W7FGL1;V2PDT4;A0A5J1JI99;V1GDK6;A0A5I5P2E9;A0A5I6LL41;A0A4U1GTS2;A0A5X3KM63;A0A1X2Q5J2;X5NSF5;K8U259;U6QFB6;K8T213;A0A0W3YZ74;A0A038DVF1;V0JGP2;A0A315GV15;A0A2T9KM44;A0A444AM47;V5KRT5;A0A0E8KJ61;A0A2T9P4T7;A0A3U5XW65;A0A5W3DY39;A0A6M3NTD8;K8VAS1;V1N5U8;A0A5J0LZZ7;A0A0W5HFB6;A0A5I9A105;A0A078N310;A0A0L4Z6X1;A0A5I6QMG5;A0A078P8V9;A0A038EZM1;A0A038DZK9;K8RLZ7;A0A0H3T620;A0A1M3ZLR9;A0A5W8ARV9,590,Salmonella,Bacteria,Pseudomonadota,False,False,False,False,7B5A9EE217EC520A,0.996821344,0.952163815498352,162
6362,21C0AC887267242E,309,UniProtKB/TrEMBL (unreviewed representative),UPI00005AAC19,A0A073XNA9;A0A5C0FPJ3;E7JZR8;I6DVM6;I6EVT5;A0A073QYC4;A0A069W9I5;A0A070I7W4;A0A2R2HER2;A0A2Y4XDQ8;Q3YUX6;N2WSB4;A0A0A5NLY9;N2XM22;A0A080BIT1;F4MCA7;J2YVW5;A0A069XMU8;A0A2S8EB07;L4KWM3;A0A0H8V6T5;I6BDI2;A0A0K5Y3C6;A0A079EHG0;A0A2I8JAN3;I6F0J0;A0A0A5PYQ1;A0A074EX82;N2ILC2;A0A071G5S8;Q3YUX6;A0A073S3P9;A0A074G380;A0A073X9Y9;A0A0E0U7I5;A0A074C7E6;A0A069F8W4;A0A078TUP1;F5N7X7,543,Enterobacteriaceae,Bacteria,Pseudomonadota,True,True,True,False,21C0AC887267242E,0.996798575,0.9520544409751892,163
4232,21C0AC89B4BC485E,309,UniProtKB/TrEMBL (unreviewed representative),UPI0000165548,A0A027PW57;I5L2B6;L9A5X1;E2KR20;K3N8B5;A0A025XF34;K5F3A4;X7JYB7;A0A026P3N2;K3LU49;T6L7C1;A0A0F6CBW6;A0A4Q2TTX8;A0A514RZ18;A0A064MI11;A0A8A3S913;I5KQA5;K3CPR8;A0A027G778;S0VRS5;A0A6I1IZM6;K3DWU8;A0A026LRU9;A0A0A7R3F3;K5GK47;A0A833KKQ6;L4ZVQ2;A0A027NM44;A0A064P390;A0A027D0P8;F7N404;K3R6S2;E8I2H7;V6FC67;K3MXD5;A0A027HPD0;A0A027XMS8;L0XFN3;A0AA86XBQ5;D6J4Z2;T7QL88;L1R4Y1;T6CJG6;V0SDM5;A0A027IVT6;A0A064JB41;K2ZDN0;A0A027FP64;K3KDT2;U0QVG7;A0A025PYB2;A0A026MRX8;W9A052;A0A064IBT3;A0A027M058;V8RQT4;K2YR70;K3BRZ1;A0A080J5N5;U0WN00;A0A025VC12;I5V8X0;A0A027C633;B2PJ45;E8IUR8;I5MTV2;I5G8S5;I5D920;E2JXF7;A0A829FMG0;V8JC53;U0IB80;A0A0E0VCU4;A0A0F6FFD1;I5ENE8;K3HGD2;U0J9E3;A0A0K9TJV8;L1FGY9;A0A025VSU3;D8AD79;A0A027AZT2;A0A025M3A1;A0A177BI62;A0A025H1C2;A0A1E2VHK3;A0A025LPV5;I5Z7Z3;U0SWW6;K3GZU1;A0A025QPU2;L1CQR9;K5F417;U0PA71;X7N2F4;A0A027GB83;H4P3N7;I5UWD3;I5VJR0;A0A027KNL1;U0KUZ5;E7TQM6;A0A027A2Q7;K3MKP0;A0A829JWK0;L9EX15;X7IRA5;U0L476;A0A079D777;H4QRR0;A0A6M0JPL9;I5SAM3;L9CGI7;A0A027R8Q0;U0JY52;U0XVL6;L2ZYC0;A0A064SJW8;A0A027JF53;I5JB66;V0A5Y1;L0X6R1;A0A027YBD8;L3V0N5;A0A125XAR3;A0A025XZA0;K2XAD3;U1BIL3;A0A025GUZ2;S1DRR7;U0SYI0;F4T6P5;V0T6Y4;T6KKE9;X7JLL7;A0A025X3G0;L5AQL7;V4YPN4;U1CCC8;H4NKG5;L9DL03;A0A025J2I2;K3RDD7;A0A1Z3UWE0;F1XHZ8;S1F0B3;U0M9W5;A0A7I0YLY0;I2A348;U0NX31;A0A026EJ00;C3SI02;L9FDN1;G4Q250;I5NWJ5;A0A025SLD0;A0A075UCF4;H1E1L1;L4MR82;U0ZDZ3;B1LPH0;A0A026M3C3;G0DAS7;Q8X610;H4MZM7;X7LA80;K3EC06;S0X2B6;A0A027DX79;A0A6M7CSH3;U1B4K6;A0A025LUU7;I5U5A5;W1D1Y9;X7MBJ2;A0A025R129;X7M5F1;H4SJF1;A0AA36L3A8;A0A027EZQ7;A0A025L3T0;K3QK28;L1F8Z2;D3QK13;K3FJR5;A0A025M7H2;A0A027L6B3;A0A9Q7EHQ9;A0A027SU35;K3AWA6;I5YI22;K3Q6A4;K3E8B3;K3U6L9;A0A7U8MPZ6;K3E8Y5;V0X237;A0AA45FBW7;S1GPZ6;I5PHL6;K5FVK5;K5HHD7;A0A027K7H0;X7LTF2;A0A2H1BR12;I5JST7;A0A027H1N7;C6V1W6;I5D9V0;V0WS79;L0YQG9;X7M4S7;H4QAH3;K5IH25;U0IME3;V1AML7;H4R786;A0A181WY87;U7C8L9;I5QJ73;A0A6M7H548;X7J5R6;A0A027NV37;U0F790;L9CFT5;A0A027T1C6;U0SZS1;W1C6Y0;K3RBC7;U0K208;V0S1L5;A0A027NIU6;A0A9P2UXX5;I5GIF7;I5HN94;U0Q6X0;X7PKX4;A0A1L8ZY26;A0A4Q0C098;L8Z6P5;U0Z8C6;A0A025KFG2;L1GNK9;W1JDR8;A0A025WNZ8;L1DUH2;A0A028HZL6;A0A025JIK5;A0A5Q2EIU0;F1Y8H0;A0A064KDU1;L9HGM2;T7EUQ4;A0AAV3H0N0;K3G7S7;L1ED24;A0A073H1B7;L1CLX2;I5G077;S0YQ44;U7BVP0;H4RCF8;A0A0E1AC50;L9IIU7;V8LLN5;I5W653;H4PIR5;A0A027RP11;A0AAN4D637;T7D0P7;A0A027YJV4;K3SN78;U0UD06;U0I202;I5WKA4;A0AAJ4MD86;S0XHC5;B7NRU2;I5EQ31;K5IFB6;A0A4P8BEZ7;L0X7T7;A0A027A5H8;L1GLM2;L4J9B9;U0NZ13;A0A031PT50;I5PCY9;L3FMT2;B3AH06;L1EFT3;U0VI95;A0A025PTB4;L0YF32;U0WVR5;K3B2P1;A0A0E1TIA3;U0U3N9;A0A028HU06;H4MHI8;I5TRX7;B6ZNM3;L8YI56;K3C1I9;I5Z9U0;U0X0F7;A0AAE5R9R8;U0GBB3;L3VXU2;A0A6I4LAM3;K2X8V4;I5HRJ3;L9HXX0;B3BBW4;A0A1X3L9N6;A0AAN4B303;U0P9R8;L9B6M4;L9BGQ4;A0A173EEB5;T9WDC8;A0A025TGX3;U0WXI3;A0A027GKL0;E8H9S4;U0GCW0;L0ZYW8;W7I0K6;H1FIT3;U1B0V4;L1BGD5;A0A064MTE1;A0A025NLL0;A0A027GWU2;A0A027K0Y1;U0V319;A0A6M6URW7;I5QWV1;T7J846;A0A192CEL6;S1JHN9;K3TIG4;S1DBW1;L0ZYV7;A0A073F6F9;U1CRU7;B2P9M8;T7M585;A0A025JP59;A0A0F6GVF8;B5Z0A5;I5MLC2;A0A0G3KBX5;A0A064PQI0;A0A064SB62;A0A6P3CVG7;B2NQG2;I5ISP4;A0A026LAU6;L1AAX4;L3KRA2;X7KES2;K5JY47;A0A064NTY8;H4S3L0;I5XDH7;I5PYV0;B3A6J6;L0YXT5;T5QM51;A0A027BHU8;A0A031RBF5;E8J920;L8ZV38;L4MMP9;L9AYT0;L9EEI2;A0A027SB54;I5M3G3;L9ETD2;A0A025N648;B3AZU7;L1BDE0;X7QNZ0;U0VFV9;A0A025V0Q6;H4NEP7;A0A027DL35;U0Q6V9;A0A025TGZ8;T9A1R5;L3JJ39;U0H4K4;U0F7W0;A0A0H3Q357;A0A064KTU3;K3CSZ9;U0V807;A0A025RFT2;B7NRU2;A0A4P9LNR8;A0A891SJY3;A0A031Q2S7;W1VVS1;K5GGL1;B1LPH0;I5TLS6;U5SN30;I5EWQ4;H4T0J9;A0A027B309;I5RLR5;B3BTW4;K3CBY6;A0A7U8XF18;L9CCS7;I5SNY1;A0A079YAH6;T7Q558;A0A064J288;H4M135;A0A027EZI1;A0A064JPD5;D2NEP5;L9G3H7;U0SJU4;L8ZW58;W1GBZ0;U1BTE0;A0A028E317;I5KSH5;A0A027PBH5;K3L3X7;L1R6B7;A0A2Z5XTU0;W2ADA4;A0A0B4JRN8;A0A3V4X9K5;A0A028FZ63;K5JW94;T7XUI2;A0A027R881;I5MAG6;E8HNY2;E2KAF5;L1FUQ9;L4RLD6;V8KZE0;A0AAN1E1C2;V1BN43;A0A844VLQ4;A0A027DG81;U0PHL1;A0A025I6Z0;V2ZX53;A0A064RA66;N1NEE4;I5DCK7;A0A025MY08;V6EQE7;K3K9X2;A0A025Q4A8;E8IGL6;I5HC39;H4UC95;A0A027INE7;L1D7M6;A0A027IWK0;A0A073UZS3;A0A027LFC0;I5XAI2;K3J977;A0A027MRP6;I5XX37;A0A079EQB9;L8YJQ2;I5J7X7;K3P3H3;U0TZ88;A0A075NV71;A0A025UF70;U0ITJ7;A0A027R6B1;T9ITI7;V1AIM8;V0U2Q0;K3P1S6;L1BHA3;I5S7U6;X7P0M9;B5Z0A5;A0A025KZQ6;K3TLP8;H1DZT6;K3B6W1;A0A025WC43;L9GLC2;A0A0R3D6D0;L9DL51;L9G775;A0A026Z4R7;A0A064QAP4,543,Enterobacteriaceae,Bacteria,Pseudomonadota,True,True,True,False,21C0AC89B4BC485E,0.996838152,0.9519231915473938,164
7828,21C0AC89B4BC485E,309,UniProtKB/TrEMBL (unreviewed representative),UPI0000165548,A0A027PW57;I5L2B6;L9A5X1;E2KR20;K3N8B5;A0A025XF34;K5F3A4;X7JYB7;A0A026P3N2;K3LU49;T6L7C1;A0A0F6CBW6;A0A4Q2TTX8;A0A514RZ18;A0A064MI11;A0A8A3S913;I5KQA5;K3CPR8;A0A027G778;S0VRS5;A0A6I1IZM6;K3DWU8;A0A026LRU9;A0A0A7R3F3;K5GK47;A0A833KKQ6;L4ZVQ2;A0A027NM44;A0A064P390;A0A027D0P8;F7N404;K3R6S2;E8I2H7;V6FC67;K3MXD5;A0A027HPD0;A0A027XMS8;L0XFN3;A0AA86XBQ5;D6J4Z2;T7QL88;L1R4Y1;T6CJG6;V0SDM5;A0A027IVT6;A0A064JB41;K2ZDN0;A0A027FP64;K3KDT2;U0QVG7;A0A025PYB2;A0A026MRX8;W9A052;A0A064IBT3;A0A027M058;V8RQT4;K2YR70;K3BRZ1;A0A080J5N5;U0WN00;A0A025VC12;I5V8X0;A0A027C633;B2PJ45;E8IUR8;I5MTV2;I5G8S5;I5D920;E2JXF7;A0A829FMG0;V8JC53;U0IB80;A0A0E0VCU4;A0A0F6FFD1;I5ENE8;K3HGD2;U0J9E3;A0A0K9TJV8;L1FGY9;A0A025VSU3;D8AD79;A0A027AZT2;A0A025M3A1;A0A177BI62;A0A025H1C2;A0A1E2VHK3;A0A025LPV5;I5Z7Z3;U0SWW6;K3GZU1;A0A025QPU2;L1CQR9;K5F417;U0PA71;X7N2F4;A0A027GB83;H4P3N7;I5UWD3;I5VJR0;A0A027KNL1;U0KUZ5;E7TQM6;A0A027A2Q7;K3MKP0;A0A829JWK0;L9EX15;X7IRA5;U0L476;A0A079D777;H4QRR0;A0A6M0JPL9;I5SAM3;L9CGI7;A0A027R8Q0;U0JY52;U0XVL6;L2ZYC0;A0A064SJW8;A0A027JF53;I5JB66;V0A5Y1;L0X6R1;A0A027YBD8;L3V0N5;A0A125XAR3;A0A025XZA0;K2XAD3;U1BIL3;A0A025GUZ2;S1DRR7;U0SYI0;F4T6P5;V0T6Y4;T6KKE9;X7JLL7;A0A025X3G0;L5AQL7;V4YPN4;U1CCC8;H4NKG5;L9DL03;A0A025J2I2;K3RDD7;A0A1Z3UWE0;F1XHZ8;S1F0B3;U0M9W5;A0A7I0YLY0;I2A348;U0NX31;A0A026EJ00;C3SI02;L9FDN1;G4Q250;I5NWJ5;A0A025SLD0;A0A075UCF4;H1E1L1;L4MR82;U0ZDZ3;B1LPH0;A0A026M3C3;G0DAS7;Q8X610;H4MZM7;X7LA80;K3EC06;S0X2B6;A0A027DX79;A0A6M7CSH3;U1B4K6;A0A025LUU7;I5U5A5;W1D1Y9;X7MBJ2;A0A025R129;X7M5F1;H4SJF1;A0AA36L3A8;A0A027EZQ7;A0A025L3T0;K3QK28;L1F8Z2;D3QK13;K3FJR5;A0A025M7H2;A0A027L6B3;A0A9Q7EHQ9;A0A027SU35;K3AWA6;I5YI22;K3Q6A4;K3E8B3;K3U6L9;A0A7U8MPZ6;K3E8Y5;V0X237;A0AA45FBW7;S1GPZ6;I5PHL6;K5FVK5;K5HHD7;A0A027K7H0;X7LTF2;A0A2H1BR12;I5JST7;A0A027H1N7;C6V1W6;I5D9V0;V0WS79;L0YQG9;X7M4S7;H4QAH3;K5IH25;U0IME3;V1AML7;H4R786;A0A181WY87;U7C8L9;I5QJ73;A0A6M7H548;X7J5R6;A0A027NV37;U0F790;L9CFT5;A0A027T1C6;U0SZS1;W1C6Y0;K3RBC7;U0K208;V0S1L5;A0A027NIU6;A0A9P2UXX5;I5GIF7;I5HN94;U0Q6X0;X7PKX4;A0A1L8ZY26;A0A4Q0C098;L8Z6P5;U0Z8C6;A0A025KFG2;L1GNK9;W1JDR8;A0A025WNZ8;L1DUH2;A0A028HZL6;A0A025JIK5;A0A5Q2EIU0;F1Y8H0;A0A064KDU1;L9HGM2;T7EUQ4;A0AAV3H0N0;K3G7S7;L1ED24;A0A073H1B7;L1CLX2;I5G077;S0YQ44;U7BVP0;H4RCF8;A0A0E1AC50;L9IIU7;V8LLN5;I5W653;H4PIR5;A0A027RP11;A0AAN4D637;T7D0P7;A0A027YJV4;K3SN78;U0UD06;U0I202;I5WKA4;A0AAJ4MD86;S0XHC5;B7NRU2;I5EQ31;K5IFB6;A0A4P8BEZ7;L0X7T7;A0A027A5H8;L1GLM2;L4J9B9;U0NZ13;A0A031PT50;I5PCY9;L3FMT2;B3AH06;L1EFT3;U0VI95;A0A025PTB4;L0YF32;U0WVR5;K3B2P1;A0A0E1TIA3;U0U3N9;A0A028HU06;H4MHI8;I5TRX7;B6ZNM3;L8YI56;K3C1I9;I5Z9U0;U0X0F7;A0AAE5R9R8;U0GBB3;L3VXU2;A0A6I4LAM3;K2X8V4;I5HRJ3;L9HXX0;B3BBW4;A0A1X3L9N6;A0AAN4B303;U0P9R8;L9B6M4;L9BGQ4;A0A173EEB5;T9WDC8;A0A025TGX3;U0WXI3;A0A027GKL0;E8H9S4;U0GCW0;L0ZYW8;W7I0K6;H1FIT3;U1B0V4;L1BGD5;A0A064MTE1;A0A025NLL0;A0A027GWU2;A0A027K0Y1;U0V319;A0A6M6URW7;I5QWV1;T7J846;A0A192CEL6;S1JHN9;K3TIG4;S1DBW1;L0ZYV7;A0A073F6F9;U1CRU7;B2P9M8;T7M585;A0A025JP59;A0A0F6GVF8;B5Z0A5;I5MLC2;A0A0G3KBX5;A0A064PQI0;A0A064SB62;A0A6P3CVG7;B2NQG2;I5ISP4;A0A026LAU6;L1AAX4;L3KRA2;X7KES2;K5JY47;A0A064NTY8;H4S3L0;I5XDH7;I5PYV0;B3A6J6;L0YXT5;T5QM51;A0A027BHU8;A0A031RBF5;E8J920;L8ZV38;L4MMP9;L9AYT0;L9EEI2;A0A027SB54;I5M3G3;L9ETD2;A0A025N648;B3AZU7;L1BDE0;X7QNZ0;U0VFV9;A0A025V0Q6;H4NEP7;A0A027DL35;U0Q6V9;A0A025TGZ8;T9A1R5;L3JJ39;U0H4K4;U0F7W0;A0A0H3Q357;A0A064KTU3;K3CSZ9;U0V807;A0A025RFT2;B7NRU2;A0A4P9LNR8;A0A891SJY3;A0A031Q2S7;W1VVS1;K5GGL1;B1LPH0;I5TLS6;U5SN30;I5EWQ4;H4T0J9;A0A027B309;I5RLR5;B3BTW4;K3CBY6;A0A7U8XF18;L9CCS7;I5SNY1;A0A079YAH6;T7Q558;A0A064J288;H4M135;A0A027EZI1;A0A064JPD5;D2NEP5;L9G3H7;U0SJU4;L8ZW58;W1GBZ0;U1BTE0;A0A028E317;I5KSH5;A0A027PBH5;K3L3X7;L1R6B7;A0A2Z5XTU0;W2ADA4;A0A0B4JRN8;A0A3V4X9K5;A0A028FZ63;K5JW94;T7XUI2;A0A027R881;I5MAG6;E8HNY2;E2KAF5;L1FUQ9;L4RLD6;V8KZE0;A0AAN1E1C2;V1BN43;A0A844VLQ4;A0A027DG81;U0PHL1;A0A025I6Z0;V2ZX53;A0A064RA66;N1NEE4;I5DCK7;A0A025MY08;V6EQE7;K3K9X2;A0A025Q4A8;E8IGL6;I5HC39;H4UC95;A0A027INE7;L1D7M6;A0A027IWK0;A0A073UZS3;A0A027LFC0;I5XAI2;K3J977;A0A027MRP6;I5XX37;A0A079EQB9;L8YJQ2;I5J7X7;K3P3H3;U0TZ88;A0A075NV71;A0A025UF70;U0ITJ7;A0A027R6B1;T9ITI7;V1AIM8;V0U2Q0;K3P1S6;L1BHA3;I5S7U6;X7P0M9;B5Z0A5;A0A025KZQ6;K3TLP8;H1DZT6;K3B6W1;A0A025WC43;L9GLC2;A0A0R3D6D0;L9DL51;L9G775;A0A026Z4R7;A0A064QAP4,543,Enterobacteriaceae,Bacteria,Pseudomonadota,True,True,True,False,21C0AC89B4BC485E,0.996838152,0.9519231915473938,164
4381,21C0AC89B4BC485E,309,UniProtKB/TrEMBL (unreviewed representative),UPI0000165548,A0A027PW57;I5L2B6;L9A5X1;E2KR20;K3N8B5;A0A025XF34;K5F3A4;X7JYB7;A0A026P3N2;K3LU49;T6L7C1;A0A0F6CBW6;A0A4Q2TTX8;A0A514RZ18;A0A064MI11;A0A8A3S913;I5KQA5;K3CPR8;A0A027G778;S0VRS5;A0A6I1IZM6;K3DWU8;A0A026LRU9;A0A0A7R3F3;K5GK47;A0A833KKQ6;L4ZVQ2;A0A027NM44;A0A064P390;A0A027D0P8;F7N404;K3R6S2;E8I2H7;V6FC67;K3MXD5;A0A027HPD0;A0A027XMS8;L0XFN3;A0AA86XBQ5;D6J4Z2;T7QL88;L1R4Y1;T6CJG6;V0SDM5;A0A027IVT6;A0A064JB41;K2ZDN0;A0A027FP64;K3KDT2;U0QVG7;A0A025PYB2;A0A026MRX8;W9A052;A0A064IBT3;A0A027M058;V8RQT4;K2YR70;K3BRZ1;A0A080J5N5;U0WN00;A0A025VC12;I5V8X0;A0A027C633;B2PJ45;E8IUR8;I5MTV2;I5G8S5;I5D920;E2JXF7;A0A829FMG0;V8JC53;U0IB80;A0A0E0VCU4;A0A0F6FFD1;I5ENE8;K3HGD2;U0J9E3;A0A0K9TJV8;L1FGY9;A0A025VSU3;D8AD79;A0A027AZT2;A0A025M3A1;A0A177BI62;A0A025H1C2;A0A1E2VHK3;A0A025LPV5;I5Z7Z3;U0SWW6;K3GZU1;A0A025QPU2;L1CQR9;K5F417;U0PA71;X7N2F4;A0A027GB83;H4P3N7;I5UWD3;I5VJR0;A0A027KNL1;U0KUZ5;E7TQM6;A0A027A2Q7;K3MKP0;A0A829JWK0;L9EX15;X7IRA5;U0L476;A0A079D777;H4QRR0;A0A6M0JPL9;I5SAM3;L9CGI7;A0A027R8Q0;U0JY52;U0XVL6;L2ZYC0;A0A064SJW8;A0A027JF53;I5JB66;V0A5Y1;L0X6R1;A0A027YBD8;L3V0N5;A0A125XAR3;A0A025XZA0;K2XAD3;U1BIL3;A0A025GUZ2;S1DRR7;U0SYI0;F4T6P5;V0T6Y4;T6KKE9;X7JLL7;A0A025X3G0;L5AQL7;V4YPN4;U1CCC8;H4NKG5;L9DL03;A0A025J2I2;K3RDD7;A0A1Z3UWE0;F1XHZ8;S1F0B3;U0M9W5;A0A7I0YLY0;I2A348;U0NX31;A0A026EJ00;C3SI02;L9FDN1;G4Q250;I5NWJ5;A0A025SLD0;A0A075UCF4;H1E1L1;L4MR82;U0ZDZ3;B1LPH0;A0A026M3C3;G0DAS7;Q8X610;H4MZM7;X7LA80;K3EC06;S0X2B6;A0A027DX79;A0A6M7CSH3;U1B4K6;A0A025LUU7;I5U5A5;W1D1Y9;X7MBJ2;A0A025R129;X7M5F1;H4SJF1;A0AA36L3A8;A0A027EZQ7;A0A025L3T0;K3QK28;L1F8Z2;D3QK13;K3FJR5;A0A025M7H2;A0A027L6B3;A0A9Q7EHQ9;A0A027SU35;K3AWA6;I5YI22;K3Q6A4;K3E8B3;K3U6L9;A0A7U8MPZ6;K3E8Y5;V0X237;A0AA45FBW7;S1GPZ6;I5PHL6;K5FVK5;K5HHD7;A0A027K7H0;X7LTF2;A0A2H1BR12;I5JST7;A0A027H1N7;C6V1W6;I5D9V0;V0WS79;L0YQG9;X7M4S7;H4QAH3;K5IH25;U0IME3;V1AML7;H4R786;A0A181WY87;U7C8L9;I5QJ73;A0A6M7H548;X7J5R6;A0A027NV37;U0F790;L9CFT5;A0A027T1C6;U0SZS1;W1C6Y0;K3RBC7;U0K208;V0S1L5;A0A027NIU6;A0A9P2UXX5;I5GIF7;I5HN94;U0Q6X0;X7PKX4;A0A1L8ZY26;A0A4Q0C098;L8Z6P5;U0Z8C6;A0A025KFG2;L1GNK9;W1JDR8;A0A025WNZ8;L1DUH2;A0A028HZL6;A0A025JIK5;A0A5Q2EIU0;F1Y8H0;A0A064KDU1;L9HGM2;T7EUQ4;A0AAV3H0N0;K3G7S7;L1ED24;A0A073H1B7;L1CLX2;I5G077;S0YQ44;U7BVP0;H4RCF8;A0A0E1AC50;L9IIU7;V8LLN5;I5W653;H4PIR5;A0A027RP11;A0AAN4D637;T7D0P7;A0A027YJV4;K3SN78;U0UD06;U0I202;I5WKA4;A0AAJ4MD86;S0XHC5;B7NRU2;I5EQ31;K5IFB6;A0A4P8BEZ7;L0X7T7;A0A027A5H8;L1GLM2;L4J9B9;U0NZ13;A0A031PT50;I5PCY9;L3FMT2;B3AH06;L1EFT3;U0VI95;A0A025PTB4;L0YF32;U0WVR5;K3B2P1;A0A0E1TIA3;U0U3N9;A0A028HU06;H4MHI8;I5TRX7;B6ZNM3;L8YI56;K3C1I9;I5Z9U0;U0X0F7;A0AAE5R9R8;U0GBB3;L3VXU2;A0A6I4LAM3;K2X8V4;I5HRJ3;L9HXX0;B3BBW4;A0A1X3L9N6;A0AAN4B303;U0P9R8;L9B6M4;L9BGQ4;A0A173EEB5;T9WDC8;A0A025TGX3;U0WXI3;A0A027GKL0;E8H9S4;U0GCW0;L0ZYW8;W7I0K6;H1FIT3;U1B0V4;L1BGD5;A0A064MTE1;A0A025NLL0;A0A027GWU2;A0A027K0Y1;U0V319;A0A6M6URW7;I5QWV1;T7J846;A0A192CEL6;S1JHN9;K3TIG4;S1DBW1;L0ZYV7;A0A073F6F9;U1CRU7;B2P9M8;T7M585;A0A025JP59;A0A0F6GVF8;B5Z0A5;I5MLC2;A0A0G3KBX5;A0A064PQI0;A0A064SB62;A0A6P3CVG7;B2NQG2;I5ISP4;A0A026LAU6;L1AAX4;L3KRA2;X7KES2;K5JY47;A0A064NTY8;H4S3L0;I5XDH7;I5PYV0;B3A6J6;L0YXT5;T5QM51;A0A027BHU8;A0A031RBF5;E8J920;L8ZV38;L4MMP9;L9AYT0;L9EEI2;A0A027SB54;I5M3G3;L9ETD2;A0A025N648;B3AZU7;L1BDE0;X7QNZ0;U0VFV9;A0A025V0Q6;H4NEP7;A0A027DL35;U0Q6V9;A0A025TGZ8;T9A1R5;L3JJ39;U0H4K4;U0F7W0;A0A0H3Q357;A0A064KTU3;K3CSZ9;U0V807;A0A025RFT2;B7NRU2;A0A4P9LNR8;A0A891SJY3;A0A031Q2S7;W1VVS1;K5GGL1;B1LPH0;I5TLS6;U5SN30;I5EWQ4;H4T0J9;A0A027B309;I5RLR5;B3BTW4;K3CBY6;A0A7U8XF18;L9CCS7;I5SNY1;A0A079YAH6;T7Q558;A0A064J288;H4M135;A0A027EZI1;A0A064JPD5;D2NEP5;L9G3H7;U0SJU4;L8ZW58;W1GBZ0;U1BTE0;A0A028E317;I5KSH5;A0A027PBH5;K3L3X7;L1R6B7;A0A2Z5XTU0;W2ADA4;A0A0B4JRN8;A0A3V4X9K5;A0A028FZ63;K5JW94;T7XUI2;A0A027R881;I5MAG6;E8HNY2;E2KAF5;L1FUQ9;L4RLD6;V8KZE0;A0AAN1E1C2;V1BN43;A0A844VLQ4;A0A027DG81;U0PHL1;A0A025I6Z0;V2ZX53;A0A064RA66;N1NEE4;I5DCK7;A0A025MY08;V6EQE7;K3K9X2;A0A025Q4A8;E8IGL6;I5HC39;H4UC95;A0A027INE7;L1D7M6;A0A027IWK0;A0A073UZS3;A0A027LFC0;I5XAI2;K3J977;A0A027MRP6;I5XX37;A0A079EQB9;L8YJQ2;I5J7X7;K3P3H3;U0TZ88;A0A075NV71;A0A025UF70;U0ITJ7;A0A027R6B1;T9ITI7;V1AIM8;V0U2Q0;K3P1S6;L1BHA3;I5S7U6;X7P0M9;B5Z0A5;A0A025KZQ6;K3TLP8;H1DZT6;K3B6W1;A0A025WC43;L9GLC2;A0A0R3D6D0;L9DL51;L9G775;A0A026Z4R7;A0A064QAP4,543,Enterobacteriaceae,Bacteria,Pseudomonadota,True,True,True,False,21C0AC89B4BC485E,0.996838152,0.9519231915473938,164
3883,21C0AC89B4BC485E,309,UniProtKB/TrEMBL (unreviewed representative),UPI0000165548,A0A027PW57;I5L2B6;L9A5X1;E2KR20;K3N8B5;A0A025XF34;K5F3A4;X7JYB7;A0A026P3N2;K3LU49;T6L7C1;A0A0F6CBW6;A0A4Q2TTX8;A0A514RZ18;A0A064MI11;A0A8A3S913;I5KQA5;K3CPR8;A0A027G778;S0VRS5;A0A6I1IZM6;K3DWU8;A0A026LRU9;A0A0A7R3F3;K5GK47;A0A833KKQ6;L4ZVQ2;A0A027NM44;A0A064P390;A0A027D0P8;F7N404;K3R6S2;E8I2H7;V6FC67;K3MXD5;A0A027HPD0;A0A027XMS8;L0XFN3;A0AA86XBQ5;D6J4Z2;T7QL88;L1R4Y1;T6CJG6;V0SDM5;A0A027IVT6;A0A064JB41;K2ZDN0;A0A027FP64;K3KDT2;U0QVG7;A0A025PYB2;A0A026MRX8;W9A052;A0A064IBT3;A0A027M058;V8RQT4;K2YR70;K3BRZ1;A0A080J5N5;U0WN00;A0A025VC12;I5V8X0;A0A027C633;B2PJ45;E8IUR8;I5MTV2;I5G8S5;I5D920;E2JXF7;A0A829FMG0;V8JC53;U0IB80;A0A0E0VCU4;A0A0F6FFD1;I5ENE8;K3HGD2;U0J9E3;A0A0K9TJV8;L1FGY9;A0A025VSU3;D8AD79;A0A027AZT2;A0A025M3A1;A0A177BI62;A0A025H1C2;A0A1E2VHK3;A0A025LPV5;I5Z7Z3;U0SWW6;K3GZU1;A0A025QPU2;L1CQR9;K5F417;U0PA71;X7N2F4;A0A027GB83;H4P3N7;I5UWD3;I5VJR0;A0A027KNL1;U0KUZ5;E7TQM6;A0A027A2Q7;K3MKP0;A0A829JWK0;L9EX15;X7IRA5;U0L476;A0A079D777;H4QRR0;A0A6M0JPL9;I5SAM3;L9CGI7;A0A027R8Q0;U0JY52;U0XVL6;L2ZYC0;A0A064SJW8;A0A027JF53;I5JB66;V0A5Y1;L0X6R1;A0A027YBD8;L3V0N5;A0A125XAR3;A0A025XZA0;K2XAD3;U1BIL3;A0A025GUZ2;S1DRR7;U0SYI0;F4T6P5;V0T6Y4;T6KKE9;X7JLL7;A0A025X3G0;L5AQL7;V4YPN4;U1CCC8;H4NKG5;L9DL03;A0A025J2I2;K3RDD7;A0A1Z3UWE0;F1XHZ8;S1F0B3;U0M9W5;A0A7I0YLY0;I2A348;U0NX31;A0A026EJ00;C3SI02;L9FDN1;G4Q250;I5NWJ5;A0A025SLD0;A0A075UCF4;H1E1L1;L4MR82;U0ZDZ3;B1LPH0;A0A026M3C3;G0DAS7;Q8X610;H4MZM7;X7LA80;K3EC06;S0X2B6;A0A027DX79;A0A6M7CSH3;U1B4K6;A0A025LUU7;I5U5A5;W1D1Y9;X7MBJ2;A0A025R129;X7M5F1;H4SJF1;A0AA36L3A8;A0A027EZQ7;A0A025L3T0;K3QK28;L1F8Z2;D3QK13;K3FJR5;A0A025M7H2;A0A027L6B3;A0A9Q7EHQ9;A0A027SU35;K3AWA6;I5YI22;K3Q6A4;K3E8B3;K3U6L9;A0A7U8MPZ6;K3E8Y5;V0X237;A0AA45FBW7;S1GPZ6;I5PHL6;K5FVK5;K5HHD7;A0A027K7H0;X7LTF2;A0A2H1BR12;I5JST7;A0A027H1N7;C6V1W6;I5D9V0;V0WS79;L0YQG9;X7M4S7;H4QAH3;K5IH25;U0IME3;V1AML7;H4R786;A0A181WY87;U7C8L9;I5QJ73;A0A6M7H548;X7J5R6;A0A027NV37;U0F790;L9CFT5;A0A027T1C6;U0SZS1;W1C6Y0;K3RBC7;U0K208;V0S1L5;A0A027NIU6;A0A9P2UXX5;I5GIF7;I5HN94;U0Q6X0;X7PKX4;A0A1L8ZY26;A0A4Q0C098;L8Z6P5;U0Z8C6;A0A025KFG2;L1GNK9;W1JDR8;A0A025WNZ8;L1DUH2;A0A028HZL6;A0A025JIK5;A0A5Q2EIU0;F1Y8H0;A0A064KDU1;L9HGM2;T7EUQ4;A0AAV3H0N0;K3G7S7;L1ED24;A0A073H1B7;L1CLX2;I5G077;S0YQ44;U7BVP0;H4RCF8;A0A0E1AC50;L9IIU7;V8LLN5;I5W653;H4PIR5;A0A027RP11;A0AAN4D637;T7D0P7;A0A027YJV4;K3SN78;U0UD06;U0I202;I5WKA4;A0AAJ4MD86;S0XHC5;B7NRU2;I5EQ31;K5IFB6;A0A4P8BEZ7;L0X7T7;A0A027A5H8;L1GLM2;L4J9B9;U0NZ13;A0A031PT50;I5PCY9;L3FMT2;B3AH06;L1EFT3;U0VI95;A0A025PTB4;L0YF32;U0WVR5;K3B2P1;A0A0E1TIA3;U0U3N9;A0A028HU06;H4MHI8;I5TRX7;B6ZNM3;L8YI56;K3C1I9;I5Z9U0;U0X0F7;A0AAE5R9R8;U0GBB3;L3VXU2;A0A6I4LAM3;K2X8V4;I5HRJ3;L9HXX0;B3BBW4;A0A1X3L9N6;A0AAN4B303;U0P9R8;L9B6M4;L9BGQ4;A0A173EEB5;T9WDC8;A0A025TGX3;U0WXI3;A0A027GKL0;E8H9S4;U0GCW0;L0ZYW8;W7I0K6;H1FIT3;U1B0V4;L1BGD5;A0A064MTE1;A0A025NLL0;A0A027GWU2;A0A027K0Y1;U0V319;A0A6M6URW7;I5QWV1;T7J846;A0A192CEL6;S1JHN9;K3TIG4;S1DBW1;L0ZYV7;A0A073F6F9;U1CRU7;B2P9M8;T7M585;A0A025JP59;A0A0F6GVF8;B5Z0A5;I5MLC2;A0A0G3KBX5;A0A064PQI0;A0A064SB62;A0A6P3CVG7;B2NQG2;I5ISP4;A0A026LAU6;L1AAX4;L3KRA2;X7KES2;K5JY47;A0A064NTY8;H4S3L0;I5XDH7;I5PYV0;B3A6J6;L0YXT5;T5QM51;A0A027BHU8;A0A031RBF5;E8J920;L8ZV38;L4MMP9;L9AYT0;L9EEI2;A0A027SB54;I5M3G3;L9ETD2;A0A025N648;B3AZU7;L1BDE0;X7QNZ0;U0VFV9;A0A025V0Q6;H4NEP7;A0A027DL35;U0Q6V9;A0A025TGZ8;T9A1R5;L3JJ39;U0H4K4;U0F7W0;A0A0H3Q357;A0A064KTU3;K3CSZ9;U0V807;A0A025RFT2;B7NRU2;A0A4P9LNR8;A0A891SJY3;A0A031Q2S7;W1VVS1;K5GGL1;B1LPH0;I5TLS6;U5SN30;I5EWQ4;H4T0J9;A0A027B309;I5RLR5;B3BTW4;K3CBY6;A0A7U8XF18;L9CCS7;I5SNY1;A0A079YAH6;T7Q558;A0A064J288;H4M135;A0A027EZI1;A0A064JPD5;D2NEP5;L9G3H7;U0SJU4;L8ZW58;W1GBZ0;U1BTE0;A0A028E317;I5KSH5;A0A027PBH5;K3L3X7;L1R6B7;A0A2Z5XTU0;W2ADA4;A0A0B4JRN8;A0A3V4X9K5;A0A028FZ63;K5JW94;T7XUI2;A0A027R881;I5MAG6;E8HNY2;E2KAF5;L1FUQ9;L4RLD6;V8KZE0;A0AAN1E1C2;V1BN43;A0A844VLQ4;A0A027DG81;U0PHL1;A0A025I6Z0;V2ZX53;A0A064RA66;N1NEE4;I5DCK7;A0A025MY08;V6EQE7;K3K9X2;A0A025Q4A8;E8IGL6;I5HC39;H4UC95;A0A027INE7;L1D7M6;A0A027IWK0;A0A073UZS3;A0A027LFC0;I5XAI2;K3J977;A0A027MRP6;I5XX37;A0A079EQB9;L8YJQ2;I5J7X7;K3P3H3;U0TZ88;A0A075NV71;A0A025UF70;U0ITJ7;A0A027R6B1;T9ITI7;V1AIM8;V0U2Q0;K3P1S6;L1BHA3;I5S7U6;X7P0M9;B5Z0A5;A0A025KZQ6;K3TLP8;H1DZT6;K3B6W1;A0A025WC43;L9GLC2;A0A0R3D6D0;L9DL51;L9G775;A0A026Z4R7;A0A064QAP4,543,Enterobacteriaceae,Bacteria,Pseudomonadota,True,True,True,False,21C0AC89B4BC485E,0.996838152,0.9519231915473938,164
3104,59919BB0EA5DFA72,314,UniProtKB/TrEMBL (unreviewed representative),UPI0000F70D3C,A0A0B0F0H7;A0A0W0BXW1;A0AAP8L7D5;A4SRY4;A0A248L0M6;G7CVQ2;A0A0W0BSV1;A0A4U7JUN7;A0A7U5RR53;A0ABN0DZ32;A0A023E7Q1;A0A0D6U036;A0AAP9WUE5;A4SRY4;A0A6N4CPK5;A0A807Z5F9;A0AAE7T452;A0A1Q4MEF3;A0A4Y4XVL2;A0A3G2TRF0;A0A290VE15,645,Aeromonas salmonicida,Bacteria,Pseudomonadota,True,True,True,False,59919BB0EA5DFA72,0.99536711,0.9518349170684814,165
1465,64F7C27629B27C7C,2460,UniProtKB/Swiss-Prot (reviewed representative),UPI0001717955,B1GVX7,40559,Botrytis cinerea,Eukaryota,Ascomycota,True,True,True,False,64F7C27629B27C7C,-0.004548589,0.9517592787742616,166
1957,0453C45205A2B9BB,3890,UniProtKB/Swiss-Prot (reviewed representative),UPI0000E2DE73,Q0D159;Q0D159,341663,Aspergillus terreus (strain NIH 2624 / FGSC A1156),Eukaryota,Ascomycota,True,True,True,False,0453C45205A2B9BB,-0.005023065,0.9514047503471376,167
5157,0EBD42C03A81A189,374,UniProtKB/TrEMBL (unreviewed representative),UPI000017238C,A0A7T4KM77;A0AAE6DI59;P27747;A0A0W7UPB1;Q0K4X2;R7XDD0,106589,Cupriavidus,Bacteria,Pseudomonadota,False,False,False,False,0EBD42C03A81A189,-0.002307489,0.9514039158821106,168
96,69EC2A696A287412,4034,UniProtKB/TrEMBL (unreviewed representative),UPI000035E67C,L7ILE4;G4MVZ2;A0AA97PQV0;G4MVZ2;L7J8K1;Q6ZX14,48558,Pyricularia,Eukaryota,Ascomycota,True,True,True,False,69EC2A696A287412,-0.004052966,0.9512599110603333,169
7199,27AEF57F8B700F1D,368,UniProtKB/TrEMBL (unreviewed representative),UPI000035CE7C,A0A171LXE2;F3YRH4;D4PIR0;X0EQ79;A0A3H4G8I9;A4E067;W6G6Z8;A0A0B8QSM4;A0A7U9BUX5;F3RBV5;Q722V6;A0A0B1WVS6;A0A0S2YCC9;A0A3A8BY97;A0A3H4CEC3;Q4EH04;A0A478BQK3;A0A0B1VVI8;A0A0E1R5I1;A0A6V8XTP7;Q722V6;J7P701;S5LM44;J7P4X3;K8FA89;F3RHX9;D4Q3M8,1637,Listeria,Bacteria,Bacillota,True,True,True,False,27AEF57F8B700F1D,0.331856251,0.950202703475952,170
9204,9C8D98E3256D088A,283,UniProtKB/TrEMBL (unreviewed representative),UPI0000031D98,A0A038ZXW9;A0A071UA93;A0A044GQ11;A0A054R4T9;A0A055LUK6;A0A055U992;A0A058LNE9;A0A042FX59;A0A056ZCT8;E2WAX9;A0A053GY08;A0A039KGR2;A0A040KNT4;A0A039CTR8;A0A050F5S3;A0A051UR08;A0A041SS86;A0A1Q1WCW4;W6GUE3;A0A046J590;A0A044WFZ1;A0A051LBJ9;A0A048VTU4;A0A071XJG6;A0A048VXC0;A0A055X9B3;A0A055FDT2;A0A043NUX9;A0A040YMY0;A0A043BTQ7;A0A043ZDI4;A0A040IK66;A0A040WYE3;A0A040YVI5;A0A050AH64;A0A046MES5;A0A053GB99;A0A054RLS1;A0A051V2X6;A0A071VJI3;A0A047RNG3;A0A056XL06;A0A048F9A8;A0A052K1B1;A0A042GRA5;A0A057QVN5;A0A043Q5K1;A0A045U8F3;A0A047AE02;A0A040W7H3;A0A047YRK3;A0A054HXG1;A0A041PED4;A0ACD3TZH6;A0A1Q1RKH2;A0A058CJ99;A0A056IJI0;A0A046R9D7;A0A046PKW4;A0A048T1D3;A0A057RJF2;A0A045CS61;A0A049VAD0;A0A071QEW6;A0A055JB37;A0A057UHU0;A0A040EMX8;A0A043HZB6;A0A054BY29;A0A044W4L2;A0A043R2B7;A8AU62;A0A049N7B7;A0A043YBT1;A0A052KK97;A0A057T047;A0A053YVZ0;A0A040K9W8;F9V152;A0A079JYL4;A0A052ZHQ4;A0A056MX46;A0A042CI47;A0A042E2V5;A0A046IFU8;A0A049K1F3;A0A043FK62;A0A053RQE9;A0A047N808;A0A044A7S3;A0A045LYU9;A0A039XH07;A0A049YV90;A0A041Y3I9;A0A057SPV8;A0A057PSQ1;A0A048GJL2;A0A052DRL9;A0A053R298;A0A038ZMQ4;A0A048CAM1;A0A057KHR9;A0A057ZT63;A0A039M4E4;A0A050J6C4;A0A057CGB6;A0A042IWI8;A0A052FE53;A0A039UH31;A0A051V2H3;A0A039G543;A0A291MEG2;A0A043ICN6;A0A048F8I9;A0A039G8G9;A0A057ZBC7;A0A1R3Y4H0;A0A057L1C7;A0A071PBD2;A0A055Z7V6;A0A048QLZ6;A0A046W6Q6;A0A050JWH1;A0A057VNQ4;A0A044AGN2;A0A051F2R0;A0A056IM54;A0A039E1G6;A0A047TPY8;A0A039NC81;A0A041TJ23;A0A038NVB0;A0A049WPD3;A0A042VX51;A0A053T2H4;A0A042L104;A0A043A836;A0A042WJB7;A0A057A159;A0A039M5P7;A0A048EA84;A0A1Q1V3Q2;A0A041F976;A0A057F4I0;A0A039C4K3;I6XHK1;A0A052DCL5;A0A058BRG4;A7Y0Q6;A0A042TJ35;A0A050EK28;A0A057GD09;A0A1Q1VQJ2;A0A050QQZ9;A0AB74LKY8;A0A049IJK7;A0A053Z9A4;A0A042DQS4;A0A048Y0F2;A0A1Q1THB3;A0A040D4T4;A0A044LIY0;A0A054HX72;A0A052FSP8;A0A071RJ94;A0A050EBA9;A0A040T7I8;A0A041VU01;F7WTA9;A0A047QM13;A0A052C6G8;A0A056I5I8;A0A058FPV0;A0A055HLM7;A0A054Q8L0;A0A040JXC1;A0A040H071;A0A041CZU0;A0A038Q7P6;A0A1Q1XZ64;A0A051ZP11;A0A043IBQ8;A0A042YXP6;A0A053LS95;A0A038YQB6;A0A040Q6R5;A0A040IB75;A0A057EMN6;A0A050SBI8;A0A056WMD0;A0A055V6B9;A0A1Q1ZJ83;A0A071ZSU6;A0A1Q1XMM2;A0A054ZEP4;A0A050L315;E2VZS6;A0A054F3T8;A0A055VPP4;A0A055WJH3;A0A098A321;A0A038WIE5;A0A048A7G2;A0A049X794;A0A057SV60;A0A050ANE4;A0A051IRR8;A0A042SF62;A0A057WAS9;A0A056M7S1;E9ZPZ7;A7Y0R4;A0A053SSC6;A0A072ENT7;A0A054TXE2;A0A042RID4;A0A043EDI8;A0A0H3LJP5;A0A050NCZ4;A0AAU0Q6W9;A0A060GH30;A0AA34UXY0;A0A046KRP4;A0A051SW23;A0A050CCC0;A0A045AH47;A0A050RD35;A0A050G8J5;A0A048TWL3;A0A050BVI8;A0A044D2B6;A0A046YWF1;A0A047MPL7;A0A047RR35;A0A039P583;A0A041BXD1;A0A053LV23;A0A048KB40;A0A047VCL8;A0A501P7F8;A0A054FLA5;A0A046E173;A0A051DC44;A0A051VXT7;A0A056H596;A0A057Y8P1;A0A039RP25;A0A048I8A4;A0A043S222;A0A052UDC8;A0A050XPJ8;A0A049J9U2;A0A055L565;A2VPX4;A0A053BDD1;A0A050VRG6;A0A057WXW9;A0A050HI35;A0A042TTE3;A0A044Q8H6;A0A053FJR9;A0A053EQK1;A0A057WW84;A0A052UCI3;A0A042R6G0;A0A054BLS4;A0A038TKA3;A0A038SYP7;A0A829C2U7;A0A046MFY1;A0A050PFN7;A0A058NB72;A0A040FEW6;A0A043NZF8;A0A039IMB9;A0A043M7E8;A0A057A7J6;A0A049ZA04;A0A044VBI1;A0A058B2V8;A0A1Q1XBK5;A0A051APS3;A0A058E696;A0A058F2E4;A0A041J9M3;A0A056WZK8;A0A041I9J9;A0A047W7H0;A0A0K1MYV8;P9WJI5;P9WJI4;A0A058I4Y0;A0A051X375;A0A1Q1RWK9;A0A044VQT9;A0A055SQC2;A0A039JSS0;A0A041E1X3;A0A1Q1U4J6;A0A056PHR2;A0A8S7LRU2;A7Y0R1;A0A041U3M8;A0A046CQS3;A0A055MFP6;A0A038NA15;A0A045ZF88;A0A043YVS5;A0A054W4Q3;A0A043AQZ9;A0A043RAH9;A0A054TSX7;A0A053AII5;A0A047FFQ4;A0A057R6S2;A0A043H6V8;A0A054DTA1;H8F069;A0A043EN19;A0A052Z672;A0A049RXS5;A0A039K1J8;A0A050SGZ4;A0A057WC07;A0A042HT60;A0A044IK36;A0A058KJA6;A0A044JZI5;X8G866;A0A042RAX1;A0A056MZT8;A0A053UZU2;A0A056SNJ6;A0A039GRD0;A0A057JQ70;A0A071QE22;A0A042EYE2;A0A055KSA3;A0A046ZC00;A0A053FB84;A0A046WU92;A0A071SJM4;A0A050TAX7;A0A051GPX4;A0A043NM20;A0A057G015;A0A1Q1YX26;A0A1Q1ZVQ1;A0A054T8R0;A0A057U411;A0A057Y8M9;A0A044R4S3;A0ABX2VE66;A0A057NMT8;A0A058FN94;A0A048FHI3;A0A053AUC5;A0A054WH54;A0A044MGR1;A0A1Q2ATW5;A0A041BNA3;A0A039DBZ2;A0A057DZB9;A0A051EJS4;A0A046JY04;A0A052ABZ8;A0A050J556;A0A049C9E4;A0A047DIW4;A0A051P6L5;A0A044IQX2;A0A049C2D2;A0A072BHI7;A0A044G0M3;A0A056H2Q7;A0A054YJN1;A0A046EX88;A0A057XLJ7;A0A045BXA9;A0A049YEB5;A0A043TZD8;A0A050VZD6;A0A1Q1QY91;A0A052B9N8;A0A053I4R3;A0A053QKJ3;A0A056INP4;A0A072AEV6;A0A055XKK9;A0A045WSW8;A0A049GK99;A0A044P9H0;A0A051Z3M2;V2WZP9;A0A044QG62;A0A050RQI4;A0A049LQN6;A0A042LUU4;A0A049E9X6;A0A050F8M5;A0A056N299;A0A039XKL6;A0A041YWD4;A0A056F462;A0A044Y511;A0A045C4X5;A0A050JZJ2;A0A041XJK0;A0A043QE39;A0A047BY46;A0A051I4U5;A0A042T2Z8;A0A041KSS3;A0A052G752;A0A055DTP1;A0A057N3D3;A0A047LR06;A0A049L7U7;A0A040KY28;A0A048Z2Q6;A0A058QFC4;A0A057HMW0;A0A040S7C9;A0A054CEH1;A0A052RI23;A0A051B060;A0A056NP95;A0A071R282;A0A040A7T1;A0A1Q1T6N2;A0A043DXE0;A0A048ZLU3;A0A050N466;A0A044CYM8;A0A041V296;A0A049A3D6;A0A049QCQ4;A0A049WDW1;P96848;A0A047SUC8;A0A054JJG7;A0A051G1A4;P96848;A0A044LGT6;A0A051QTS6;A0A039PV30;A0A054QQZ7;A0A042FEW6;A0A041FKM3;A0A048IVS2;A0A047X9S8;A0A049UWZ2;A0A042WC05;A0A050DK73;A0A040E3R4;A0A056G2T1;A0A049K707;A0A058JCN8;A0A038VQV5;A0A071RXR5;A8AU61;A0A040V4B0;A0A039VYQ8;A0A053ZZX0;A0A055BM20;A0A7U4GB25;A0A049NJ59;A0A048PMP6;A0A044ECZ1;A1QXF1;A0A038X7T2;A0A043GKQ8;A0A051NYG5;A0A046Q9L1;H8HNX6;A0A054XEQ1;A0A057MHM8;A0A048E6M9;A0A049DI47;A0A049X620;A0A039QY09;A0A042ENR2;A0A048T4A2;A0A041MU66;E1HEX4;A0A055Q105;A0A047FYB4;A0A048LUC6;A0A050NV95;A0A051BP27;A0A049F2I1;A0A053Y9C0;A0A038KMJ2;A0A049RNJ1;A0A072AV37;A0A049M242;A0A057VNF1;A0A039YAP2;A0A041DUC7;A0A057BCR1;A0A056VMH6;A0A040U2C2;A0A040ABQ0;A0A053QTY2;A0A055V651;A0A054GU07;A0A041ZV24;A0A052D801;A0A041F940;A0A042Q005;A0A054TGA6;A0A051JLS7;A0A7U9K0J6;A0A044XT81;A0A038VWM8;A0A045PQ00;A0A042BJJ2;A0A044B8M5;A0A044TWA5;A0A056RAT9;A0A071VHL9;A0A043AHY3;A0A039J430;A0A055LUE8;A0A048BIM9;A0A040XV56;A0A050HYD8;A0A040M1T1;A0A048JF44;A0A043J5W3;A0A045GHK7;W6HWQ3;A0A049ZXZ4;A0A052U360;A7Y0R6;A0A044XQJ3;A0A041PGA9;A0A039LM91;A0A047HTQ3;A0A040BFT6;A0A043XWI5;A0A052PUC8;A0A044HJR6;A0A046NHG1;A0A043X7Y5;A0A7U4G369;A0A052XK60;A0AAC8RL75;A0A046U9T1;A0A056YNU5;A0A044I063;A0A072BI39;A0A072D949;A0A041H1I2;A0A041RUI0;A0A040G981;A0A058DZX2;A0A047FKT6;A0A039UTZ9;A0A055RBH5;A0A038RQS7;A0A050SLB1;A0A1Q1TTH7;A0A054NJR0;A0A058RFJ3;A0A4U7MLW1;A0A048CQL8;A0A054VJZ8;A0A043XLS3;A0A038NLE5;A0A040QLJ8;A0A041EFV4;A0A049Q969;A0A043KCI1;A0A058HDX5;A0A071ZN76;A0A047Q8V8;A0A045XSF4;A0A044ESK4;A0A049SQ36;A0A053HWH3;A0A040DM96;A0A053KJ45;A0A057NU36;A0A045CYA9;A0A058CDU5;A0A053XV67;A0A055N9U1;A0A038ZYX1;A0A1Q1SV09;A0A058HSQ8;A0A057I795;A0A050I4S2;A0A040H9S5;A0A048UYJ4;A0A049SW94;A0A050FVS2;A0A054KD93;A0A049F0S7;A0A053UT67;A0A071WAY0;A0A045KFB3;A0A049ZJT9;A0A051XYR7;A0A051YMZ6;A0A054I3G5;A0A058EN14;A0A052LB02;A0A049K9M7;A0A055L9Q7;A0A057BYX5;A0A040MU01;A0A041D3W2;A0A046BKK7;A0A049XTE3;A0A039AYT2;A0A055DAH7;A0A046BWI6;A0A040RBG3;A0A057HAC1;A0A058DSX3;A0A053RNY3;A0A042JPB7;A0A053A2E2;A0A038N3L9;A0A039BU02;A0A045KTW5;A0A050MEP7;A0A056AAA2;A0A053X0S7;A0A049SHQ6;A0A055S664;A0A045DCJ6;A0A040WX67;X8GL06;A0A049C7G6;A0A045V5L8;A0A049L530;A0A045VW15;A0A048V341;A0A057PJK7;A0A040HHV9;A0A048P376;A0A051A258;A0A054P6U6;A0A052UZC1;A0A057CQ84;A0A042ARA7;A0A051AIY5;A0A049UBB4;A0A054D5P9;A0A7U4J5B0;A0A056T7V5;A0A045I4V0;A0A045DGX3;A0A048S724;A0A046J727;A0A055DCR4;A0A058S958;A0A039KSV1;A0A1Q1YKY9;A0A042T107;A0A044Z6N1;A0A046CH38;A0A055DP00;A0A046PBQ9;A0A038P4B9;A0A043TZL7;A0A046VVE9;A0A051U214;A0A053YN94;A0A042XWU0;A0A040B7N1;A0A042PRZ5;A0A045UCJ6;A0A055NYW3;A0AAE8WQP1;A0A1Q1UG21;A0A042KW59;A0A051MK29;A0A054D2Q1;A0A050XCH3;A0A042VMC4;A0A071VMG4;A0A057QBT6;A0A039F731;A0A043D651;A0A047XI12;A0A043V6U4;A0A057ZV22;A0A045B1G4;A0A054K9U1;A0A057JR93;A0A055ZEJ8;A0A058GM68;A0A048GA81;A0A042M1P6;A0A055EY97;V2VQ00;A0A050M5U4;A0A050BKG6;A0A039SCT5;A0A055PZR1;A0A038V538;A0A052ZZG8;A0A055UJB0;A0A043GMV2;A0A053VTS0;A0A072AF09;A0A042M412;A0A046QPQ8;A0A042GY05;A0A039LJJ5;A0A047YF46;A0A049QIE2;A0A049WPJ4;P0A5L8;A0A047K0P5;A0A042I1G2;A0A043RTQ6;A0A053L5P8;T0DIU8;A0A043T0A2;A0A045ZW52;A0A047UDU8;A0A1Q2AHS3;H8I1H0;A0A039E4Z3;A0A046RH53;A0A039YBB3;A0A040J9Y5;A0A040DJ27;A0A056X4A3;A0A042UID1;A0A047Q022;A0A047KQ89;A0A046ZK90;A0A039VB99;A0A045NV79;A0A048EIH6;A0A043S1L7;A0A058R271;A0A047UBQ4;A0A043ZLJ4;A0A056E3I1;A0A042JW93;A0A040ALQ5;A0A039PF77;X8GHI6;A0A047P4B8;A0A054ZMF1;A0A043L5G7;A0A053DJZ6;A0A051WZK3;A0A050KWK8;A0A044K8M1;A0A056XYY7;A0A049I917;A0A053WZU4;A0A055CGG7;A0A054H2M3;A0A071R5F5;A0A050ZKI6;A0A056DAX5;A0A045XWJ0;A0A048DJW2;A0A054S891;A0A048YVN3;A0A057B762;A0A042MTL0;A0A056BAU6;A0A052YU74;A0A052LWT3;A0A056C035;A0A041II88;A0A057P4Z7;A0A056FP43;A0A053SHJ0;A0A058MZM6;A0A044SUH6;A0A046AUQ4;A0A045YQC7;A0A7U4A013;A0A043SRU7;A0A049VSN6;A0A052CUL3;A0A039SUW7;A0A041Q001;A0A043L0P8;A0A047SFL9;A0A039BFY6;A0A050VAT6;A0A054JIY4;A0A057LQZ8;A0A042XZK8;A0A041CCH8;A0A044YUB2;A0A048JH89;A0A041GNA4;A0A054G2L2;A0A058S3E5;A0A038XWA4;A0A054LA35;A0A039EZ00;A0A056S160;A0A055ID46;A0A806K4V2;T5H730;A0A040PC01;A0A1Q1WP88;A0A040CDR9;A0A042UCW7;A0A055T4E2;A0A052XEJ7;A0A056CML8;A0A042Y8R6;A0A042KBB9;A0A046WYK1;A0A048U189;A0A043WAE1;A0A051RJN1;A0A052SQD8;A0A052LXX9;A0A048NNL5;A0A046YZP2;A0A047URU1;A0A071RX36;A0A053ZT11;A0A058D4R7;A0A047IW80;A0A039S0I7;A0A047NSF8;A0A051CPW2;A0A052EBK4;A0A052PQX3;A0A042XIR8;A0A049RB67;A0A047MKL6;A0A056CNU4;A0A050IIX5;A0A039G9B7;A0A038Y4S8;A0A058J796;A0A048DJX0;A0A048KWE5;A0A057FIF3;A0A050IH99;A0A058F2R7;A0A071Y1C5;A0A054XFF6;G2MYQ0;A0A038PPA7;A0A054PX99;A0A051IND0;A0A051LZ24;A0A043PM41;A0A8E0C2C8;A0A055ZB84;A0A046E3A6;A0A056ZY00;A0A057GN26;A0A042IKS1;A0A055JS66;A0A042N828;A0A043LCA9;A0A044BWK0;A0A053E1B4;A0A056W7M1;A0A071PEH2;A0A071PSP7;A0A054B8S0;A0A056TI53;A0A047GWS6;A0A056VEI9;A0A044Y745;A0A046R844;A0A058IV74;A0A052NJS1;A0A056AL34;A0A042JS95;A0A040L8E6;A0A050WRH6;A0A053BWZ4;A0A055NWN1;S5F1D1;A0A058GCS0;A0A1Q2B536;A0A051GSM9;A0A053SF13;A0A040PWU8;A0A042HD85;L0TCY1;A0A047DQQ5;A0A071TZL8;A0A045Z1Y5;A0A049BAH0;A0A071US01;A0A045T6V1;A0A057UX71;A0A046PD41;A0A038REA0;A0A041L366;A0A044E3V6;A0A054LF38;A0A047WG07;A0A079KAX4;A0A040Z995;L0NZD0;A0A042YHX1;A0A050YUH0;A0A039CYK0;A0A052W4A2;A0A051EDP0;A0A052G2L1;A0A041J9F0;A0A058PPW0;A0A051DHH8;A0A052MFZ7;A0A049DLH0;A0A055EJ41;A0A045A4E8;A0A043JB27;A0A057Z4F8;A0A071WGD7;A0A058MC39;A0A038SMY1;A0A054UF16;A0A050Q575;A0A052F143;A0A043QIC3;A0A043HH80;A0A055KEL6;A0A049G1A1;A0A050TT23;A0A043D601;A0A050YM41;A0A0H3M9E9;A0A041B7U2;A0A052CC25;A0A047VGT1;A0A045QJM3;A0A046GJZ9;A0A055P2C7;A0A045G6W7;A0A046B8T1;A0A053TYW5;A0A058Q271;A0A045MQB0;A0A050H2U5;A0A055WAQ3;A0A045B9K2;A0A042T1U4;A0A053P4W0;A0A046VCP2;A0A040S443;A0A047RGA0;A0A057JUM2;A0A053DQ15;A0A053EB83;A0A056QBK1;A0A045LSE8;A0A071Z4B3;A0A039TIH8;A0A050S2Y1;A0A049YKP5;A0A047B4Y6;A0A049IQR0;A0A041X6V5;A0A054M8D6;A0A042N757;A0A046GHA7;A0A042LEU0;A0A040GNZ7;A0A049KY91;A0A051P9J4;A0A057L643;A0A1Q1X0P7;A0A055F6Q5;A0A044WD44;A0A052EPI8;A0A046NF15;A0A053PJM6;A0A049HPR7;A0A051BMM9;A0A051B3Z6;A0A057ARR2;A0A056Z2Q1;A0A046HCD3;A0A0K2I1T4;A0A038F661;A0A039WA34;A0A041WW95;A0A039VFT0;A0A045DSW2;A0A055RQC2;A0A058JZH5;A0A047AB46;A0A1Q1US50;A0A7S8CHB4;A0A038TU09;A0A042JAV2;A0A048MWF8;A0A040UKT7;A0A051CL65;A0A046W3R9;A0A048U9X2;A0A049UMI9;A0A044T9T8;A0A048LFJ6;A0A052BE19;A0A044KBE6;A0A051KQR0;A0A057XIJ7;A0A058M9C7;A0A041CPT2;A0A045YRL8;A0A045BE68;A0A055PPE1;A0A047PND3;A0A044CWV2;A0A053D8F5;A0A041I3B1;A0A046QAF5;A0A044ATL6;A0A050IVC0;A0A056PEA9;A0A051JNY7;A0A057NLA0;A0A042UL13;A0A052NXU0;A0A050SR21;A0A049B780;A0A040NFY7;A0A0H4XVF4;A0A042IZC6;A0A045WVA8;A0A043JBK8;A0A053WDP6;A0A041SZ29;A0A049EPD0;A0A055TUL0;A0A040MVT3;A0A039F9C7;A0A045F041;A0A046LID5;A0A054PIG9;A0A053BRF3;A0A055V7S2;A0A044C472;A0A046KXY9;A0A051ZD52;A0A055XX68;A0A046T929;A0A051SC41;A0A054G9I4;A0A047ZIR4;A0A056V5A3;A0A048G1Z3;A0A051NMY7;A0A047VM67;A0A050L161;A0A043D1S9;A0A038M9R5;A0A040JQJ9;A0A040TL84;A0A040ZCR3;A0A048PPP9;A0A057INE5;A0A7U4CCY0;A0A040ISE5;A0A039D7U2;A0A044FW20;A0A050P9P7;A0A051KQZ8;A0A046AI63;A0A056Q4P6;A0A048QN77;A0A041G7V9;A0A057MGA9;A0A052KJ75;A0A044U143;A0A044WTL1;A0A046D487;A0A056TZM1;A0A058KLW0;A0A050KFK9;X2BPU6;A0A056J9T8;A0A039NU46;A0A058H8J6;A0A044NDY7;A0A047ZG75;A0A056QZH7;A0A055J509;A0A041KY43;D7EWN0;A0A052AZ48;A0A056EMV5;A0A047JT41;A0A044RMB0;A0A043M829;A0A040YI98;A0A0H4G668;A0A049T7V5;A0A042PFL2;A0A053QA22;A0A045PD48;A0A055BZY9;A0A071N986;A0A046URE8;A0A052BLK7;A0A040CM71;A0A045MS61;A0A056EHD6;A0A048MHP1;A0A039QQ04;A0A047HJN7;A0A043K641;A0A040PBU6;A0A056KCB4;A0A041BPX4;G2UQG0;A0A052WN57;A0A071MWM5;A0A046GXX4;A0A046IE79;A0A039KW79;A0AAP5F280;A0A1Q1VEV0;A0A047BVK9;A0A053M854;A0A048ACX3;A0A057H2C5;A0A041XYH6;A0A051C7U7;A0A052Y3D0;A0A046XMS0;A0A046TND3;A0A047L2U4;A0A055JUB9;A0A050CP37;A0A051IMR3;A0A058C0T5;A0A046YF47;A0A048HUJ0;A0A054AI79;A0A056ARH3;A0A040XD19;A0A043FLQ5;A0A057QWB7;A0A046TT63;A0A039MTQ9;A0A039WU03;A0A042NRH7;A0A053CN19;A0A081GCM3;A0A040FUH6;A0A047GVT6;A0A048ZRH4;A0A055YAG4;A0A042E3W1;A0A045PLX8;A0A042B7L5;A0A051Q476;A0A043WKM9;A0A039JIU6;A0A041ZPT8;A0A046NR02;A0A044GUD4;A0A051F9Q1;A4KM52;A0A056EJT4;A0A042ZB76;A0A052VYW8;A0A1Q1Y9Q9;A0A044EUW9;A0A041HIG2;A0A041NYN0;A0A042Z452;A0A045BY78;A0A056C1V6;A0A056K165;A0A071X1B7;A0A052PWK5;A0A049GU06;A0A043K4S8;A0A054RNA4;A0A040BN83;A5U8P0;A0A044XCB0;A0A051W9E7;A0A053KEF5;A0A043TLW3;A0A038QWZ8;A0A050DWA6;A0A056TW25;A0A038LJW4;A0A043MYA5;A0A053J1R5;A0A045W862;A0A051RCC3;A0A056HJR3;A0A055MV62;A0A058SE01;A0A041ZN07;A0A046K874;A0A038VRS0;A0A057TNH2;A0A050PU54;A0A053J893;A0A045SUX8;A0A040LDJ9;A0A039ADF3;A0A042P503;A0A048CUJ4;A0A047Z9B7;A0A052S0C3;A0A056V712;A0A057J4R7;A0A043ULS6;A0A054NPB0;A0A045QI43;A0A043CFJ4;A0A050W945;A0A040R947;A0A054EG39;D5ZAD9;A0A056SD77;A7Y0Q9;A0A040F1B1;A0A046FIL0;A0A041T1H3;A0A058AI03;D5Y9G4;A0A1S1B8L1;A0A046HCU2;A0A042ACQ9;A0A049M6P2;A0A055H573;A0A038ULX8;A0A044N456;A0A052V4T6;A0A048WRA9;A0A050PDN2;A0A048SED7;F7WE71;A0A053VLS5;A0A057SRK3;A0A050GMP9;A0A8S8LS77;A0A053B533;A0A056A4H5;A0A043HIH4;A0A071YYH6;A0A039SMP0;A0A047QI17;A0A058NVV7;A0A1Q2A6P3;A0A051G8T4;A0A045VER5;A0A047ES77;A0A038QGW9;A0A057UXZ2;A0A039ZGN8;A0A046MV97;A0A056VXD2;A0A039U8D5;A0A040WEG3;A0A052R2A1;A0A042R2S1;A0A039HR12;A0A044ZB40;A0A052UZ04;A0A042IKU4;A0A043EHP6;A0A044F2B7;A0A042BX68;A0A047QXK5;A0A053KJI9;A0A043UNT9;A0A041UMS7;A0A071WMS2;A0A039HJF2;A0A047F043;A0A043VI37;A0A051NFP4;A0A044M9K6;A0A047THN8;A0A047UMB6;A0A053G2I8;A0A054IKJ3;P0A5L9;A0A056NKV9;A0A052E070;A0A051T1R3;A0A040A857;A0A071TG13;A0A044V4M6;A0A071TDP7;A0A045ZY59;A0A050XXR3;A0A8E0AH22;A0A039WQ01;A0A057TMC1;A0A052TU91;A0A043ESH9;A0A055A4U2;A0A071TU09;A0A048WZZ5;A0A054AE64;H6S9G2;A0A047MZN5;A0A048H7B0;A0A044I4J8;A0A052VLC2;A0A052P5Z0;A0A054LJX5;A0A044MQ03;A0A050W8M8;A0A1Q1Z8B5;A0A042C790;A0A056LD09;W6HJY9;A0A041AS55;A0A040NYF0;A0A058AEZ0;A0A039H135;A0A050WKI0;A0A038Z876;A0A055DT55;A0A044N1Z3;A0A053CGA7;A0A046LU72;A0A055SMN4;A0A057YUT8;A0A058GUB5;A0A044H3W5;A0A051UAX7;A0A041QYK4;A0A048X7T0;A0A047LK62;A0A054ZTY9;A0A051H8S8;A0A054GDD4;A0A050Z9X5;A0A038USC6;A0A053W5R7;A0A056RYB5;A0A071YLR8;A0A041KCU1;A0A049PQ81;A0A083VST7;A0A052LAP8;A0A056BCJ3;A0A679LJP3;A0A043FXE5;A0A040MNY4;A0A053TNU4;A0A057LQG3;A0A048Q203;A0A046F9A8;A0A052QCF6;A0A043A1T3;A0A038M298;A0A056LKY7;A0A042QJ81;A0A048ALV9;A0A058MSM2;A0A052ML68;A0A047IRU7;A0A055U372;A0A051RLA7;A0A050UGH5;A0A044CDQ0;A0A055R826;A0A040LVP0;A0A048Z381;A0A042V7D3;A0A056PQ05;A0A056DA33;A0A041EZ46;A0A052APC1;A0A054IUK2;A0A052WLU5;A0A058IMS5;A0A040HW35;A0A049WZ78;A0A049ZYP2;A0A051HTC0;A0A057DZP0;A0A048T865;A0A050D1A2;A0A038SXS9;A0A038X0N5;A0A047LAP0;A0A056J9X2;A0A057SD11;A0A043XRS6;A0A048H944;A0A053PVT5;L0Q1L5;A0A042XA66;A0A044ZQ80;A0A052T7W2;A0A050FIK5;A0A049AGZ6;A0A056GJ68;A0A041H8L8;A0A058QMK5;D6EYR3;A0A056H1K9;A0A039EGZ1;A0A039YT55;A0A047YIA0;A0A050MAR2;A0A047J2C8;A0A038R4K0;A0A039QGM9;A0A046ULD5;A0A1Q1QB89;A0A049HFC7;A0A071NWC9;A0A049N157;A0A043BSJ7;C1AI24;A1KPQ1;A0A050U132;A0A041UVJ8;A0A048W8X8;A0A053XM22;A0A071VLE2;A0A047G1B7;A0A038X5Q0;A0A039IS19;A0A057ITJ1;A0A074SHG3;A0A044QV68;A0A057KFJ7;A0A047D2F8;A0A049P7N3;A0A056YX45;A0A052RF49;A0A041LF11;A0A045L2K6;A0A043M5I8;A0A058LF13;A0A058PEN3;A0A039UFU7;A0A047BQX7;A0A039NDG4;A0A3G2XMA6;A0A044J1W8;A0A048HVN9;A0A048XV97;A0A039XXJ1;A0A053V6V8;A0A049CW53;A0A041ANB8;A0A042RAI0;A0A047XRQ8;A0A051LGQ3;A0A057AIG6;A0A057CFI9;A0A056MBP7;A0A049TCW8;A0A051FBZ2;A0A050H3U7;M8DAI2;A0A052PRW5;A0A058B9X3;A0A039IDR5;A0A041PUL9;A0A041XU77;A0A057ELW9;A0A041JSI3;A0A040T0F7;G7R0W6;A0A049JB68;A0A049PJ52;A0A058LDZ2;A0A1Q2BSF8;A0A043B0I6;A0A1Q1QM40;A0A044B5F8;A0A046DZC4;A0A039TJ20;A0A043VP14;A0A054IUN3;A0A039R5A5;A0A054DXS1;A0A058JUJ5;A0AAW8I0I4;A0A044P770;A0A048JX27;A0A047JPZ2;A0A048EDH1;A0A058NSU2;A0A040ZVB4;A0A044G2V7;A0A044TCV1;A0A053F1A1;A0A0F7QH96;A0A043WV03;A0A048KXU6;A0A040FAG6;A0A054B0B0;A0A053XZ08;A0A056R2B3;A0A043DQR9;A0A042F7X2;A0A055YTJ4;A0A048RUC5;A0A050DBM1;A0A040UF86;A0A044L0U7;A0A047DQ89;A0A052BKI6;A0A051SNB8;A0A039AD82;A0A049G4D7;A0A058D0A4;A0A054UHN9;A0A056KKK0;A0A041IXM4;A0A049FLK0;A0A051XVU3;A0A1Q1SIE4;A0A056L113;A0A052TAA7;A0A055M5R5;A0A044DTF4;A0A072B5B9;A0A040S2V0;A0A039Q492;A0A042X8S3;A0A040UZ27;A0A056U9Q6;A0A071NPV9;A0A047E3D6;A0A040R1D0;A0A055WUZ6;A0A048BWL9;A0A049HE19;A0A055HP92;A0A039ZAH6;A0A047CEL0;A0A1Q1R9F8;A0A038MPU5;A0A044PVF1;A0A197IT35;A0A040C9B2;A0A048UUR5;A0A057GC25;A0A047WMT9;A0A1A9ECS7;A0A049TT42;A0A046S3C7;A0A040N0L8;A0A042B3T0;A0A071RDC6;A0A040EFF4;A0A047APS5;A0A041MQ64;A0A044KW57;A0A048Y0L3;A0A048IS18;A0A042GF60;A0A049AY02;A0A057DE03,131567,cellular organisms,Unresolved,Unresolved,False,True,False,False,9C8D98E3256D088A,0.996306479,0.9501248002052308,171
9016,9C8D98E3256D088A,283,UniProtKB/TrEMBL (unreviewed representative),UPI0000031D98,A0A038ZXW9;A0A071UA93;A0A044GQ11;A0A054R4T9;A0A055LUK6;A0A055U992;A0A058LNE9;A0A042FX59;A0A056ZCT8;E2WAX9;A0A053GY08;A0A039KGR2;A0A040KNT4;A0A039CTR8;A0A050F5S3;A0A051UR08;A0A041SS86;A0A1Q1WCW4;W6GUE3;A0A046J590;A0A044WFZ1;A0A051LBJ9;A0A048VTU4;A0A071XJG6;A0A048VXC0;A0A055X9B3;A0A055FDT2;A0A043NUX9;A0A040YMY0;A0A043BTQ7;A0A043ZDI4;A0A040IK66;A0A040WYE3;A0A040YVI5;A0A050AH64;A0A046MES5;A0A053GB99;A0A054RLS1;A0A051V2X6;A0A071VJI3;A0A047RNG3;A0A056XL06;A0A048F9A8;A0A052K1B1;A0A042GRA5;A0A057QVN5;A0A043Q5K1;A0A045U8F3;A0A047AE02;A0A040W7H3;A0A047YRK3;A0A054HXG1;A0A041PED4;A0ACD3TZH6;A0A1Q1RKH2;A0A058CJ99;A0A056IJI0;A0A046R9D7;A0A046PKW4;A0A048T1D3;A0A057RJF2;A0A045CS61;A0A049VAD0;A0A071QEW6;A0A055JB37;A0A057UHU0;A0A040EMX8;A0A043HZB6;A0A054BY29;A0A044W4L2;A0A043R2B7;A8AU62;A0A049N7B7;A0A043YBT1;A0A052KK97;A0A057T047;A0A053YVZ0;A0A040K9W8;F9V152;A0A079JYL4;A0A052ZHQ4;A0A056MX46;A0A042CI47;A0A042E2V5;A0A046IFU8;A0A049K1F3;A0A043FK62;A0A053RQE9;A0A047N808;A0A044A7S3;A0A045LYU9;A0A039XH07;A0A049YV90;A0A041Y3I9;A0A057SPV8;A0A057PSQ1;A0A048GJL2;A0A052DRL9;A0A053R298;A0A038ZMQ4;A0A048CAM1;A0A057KHR9;A0A057ZT63;A0A039M4E4;A0A050J6C4;A0A057CGB6;A0A042IWI8;A0A052FE53;A0A039UH31;A0A051V2H3;A0A039G543;A0A291MEG2;A0A043ICN6;A0A048F8I9;A0A039G8G9;A0A057ZBC7;A0A1R3Y4H0;A0A057L1C7;A0A071PBD2;A0A055Z7V6;A0A048QLZ6;A0A046W6Q6;A0A050JWH1;A0A057VNQ4;A0A044AGN2;A0A051F2R0;A0A056IM54;A0A039E1G6;A0A047TPY8;A0A039NC81;A0A041TJ23;A0A038NVB0;A0A049WPD3;A0A042VX51;A0A053T2H4;A0A042L104;A0A043A836;A0A042WJB7;A0A057A159;A0A039M5P7;A0A048EA84;A0A1Q1V3Q2;A0A041F976;A0A057F4I0;A0A039C4K3;I6XHK1;A0A052DCL5;A0A058BRG4;A7Y0Q6;A0A042TJ35;A0A050EK28;A0A057GD09;A0A1Q1VQJ2;A0A050QQZ9;A0AB74LKY8;A0A049IJK7;A0A053Z9A4;A0A042DQS4;A0A048Y0F2;A0A1Q1THB3;A0A040D4T4;A0A044LIY0;A0A054HX72;A0A052FSP8;A0A071RJ94;A0A050EBA9;A0A040T7I8;A0A041VU01;F7WTA9;A0A047QM13;A0A052C6G8;A0A056I5I8;A0A058FPV0;A0A055HLM7;A0A054Q8L0;A0A040JXC1;A0A040H071;A0A041CZU0;A0A038Q7P6;A0A1Q1XZ64;A0A051ZP11;A0A043IBQ8;A0A042YXP6;A0A053LS95;A0A038YQB6;A0A040Q6R5;A0A040IB75;A0A057EMN6;A0A050SBI8;A0A056WMD0;A0A055V6B9;A0A1Q1ZJ83;A0A071ZSU6;A0A1Q1XMM2;A0A054ZEP4;A0A050L315;E2VZS6;A0A054F3T8;A0A055VPP4;A0A055WJH3;A0A098A321;A0A038WIE5;A0A048A7G2;A0A049X794;A0A057SV60;A0A050ANE4;A0A051IRR8;A0A042SF62;A0A057WAS9;A0A056M7S1;E9ZPZ7;A7Y0R4;A0A053SSC6;A0A072ENT7;A0A054TXE2;A0A042RID4;A0A043EDI8;A0A0H3LJP5;A0A050NCZ4;A0AAU0Q6W9;A0A060GH30;A0AA34UXY0;A0A046KRP4;A0A051SW23;A0A050CCC0;A0A045AH47;A0A050RD35;A0A050G8J5;A0A048TWL3;A0A050BVI8;A0A044D2B6;A0A046YWF1;A0A047MPL7;A0A047RR35;A0A039P583;A0A041BXD1;A0A053LV23;A0A048KB40;A0A047VCL8;A0A501P7F8;A0A054FLA5;A0A046E173;A0A051DC44;A0A051VXT7;A0A056H596;A0A057Y8P1;A0A039RP25;A0A048I8A4;A0A043S222;A0A052UDC8;A0A050XPJ8;A0A049J9U2;A0A055L565;A2VPX4;A0A053BDD1;A0A050VRG6;A0A057WXW9;A0A050HI35;A0A042TTE3;A0A044Q8H6;A0A053FJR9;A0A053EQK1;A0A057WW84;A0A052UCI3;A0A042R6G0;A0A054BLS4;A0A038TKA3;A0A038SYP7;A0A829C2U7;A0A046MFY1;A0A050PFN7;A0A058NB72;A0A040FEW6;A0A043NZF8;A0A039IMB9;A0A043M7E8;A0A057A7J6;A0A049ZA04;A0A044VBI1;A0A058B2V8;A0A1Q1XBK5;A0A051APS3;A0A058E696;A0A058F2E4;A0A041J9M3;A0A056WZK8;A0A041I9J9;A0A047W7H0;A0A0K1MYV8;P9WJI5;P9WJI4;A0A058I4Y0;A0A051X375;A0A1Q1RWK9;A0A044VQT9;A0A055SQC2;A0A039JSS0;A0A041E1X3;A0A1Q1U4J6;A0A056PHR2;A0A8S7LRU2;A7Y0R1;A0A041U3M8;A0A046CQS3;A0A055MFP6;A0A038NA15;A0A045ZF88;A0A043YVS5;A0A054W4Q3;A0A043AQZ9;A0A043RAH9;A0A054TSX7;A0A053AII5;A0A047FFQ4;A0A057R6S2;A0A043H6V8;A0A054DTA1;H8F069;A0A043EN19;A0A052Z672;A0A049RXS5;A0A039K1J8;A0A050SGZ4;A0A057WC07;A0A042HT60;A0A044IK36;A0A058KJA6;A0A044JZI5;X8G866;A0A042RAX1;A0A056MZT8;A0A053UZU2;A0A056SNJ6;A0A039GRD0;A0A057JQ70;A0A071QE22;A0A042EYE2;A0A055KSA3;A0A046ZC00;A0A053FB84;A0A046WU92;A0A071SJM4;A0A050TAX7;A0A051GPX4;A0A043NM20;A0A057G015;A0A1Q1YX26;A0A1Q1ZVQ1;A0A054T8R0;A0A057U411;A0A057Y8M9;A0A044R4S3;A0ABX2VE66;A0A057NMT8;A0A058FN94;A0A048FHI3;A0A053AUC5;A0A054WH54;A0A044MGR1;A0A1Q2ATW5;A0A041BNA3;A0A039DBZ2;A0A057DZB9;A0A051EJS4;A0A046JY04;A0A052ABZ8;A0A050J556;A0A049C9E4;A0A047DIW4;A0A051P6L5;A0A044IQX2;A0A049C2D2;A0A072BHI7;A0A044G0M3;A0A056H2Q7;A0A054YJN1;A0A046EX88;A0A057XLJ7;A0A045BXA9;A0A049YEB5;A0A043TZD8;A0A050VZD6;A0A1Q1QY91;A0A052B9N8;A0A053I4R3;A0A053QKJ3;A0A056INP4;A0A072AEV6;A0A055XKK9;A0A045WSW8;A0A049GK99;A0A044P9H0;A0A051Z3M2;V2WZP9;A0A044QG62;A0A050RQI4;A0A049LQN6;A0A042LUU4;A0A049E9X6;A0A050F8M5;A0A056N299;A0A039XKL6;A0A041YWD4;A0A056F462;A0A044Y511;A0A045C4X5;A0A050JZJ2;A0A041XJK0;A0A043QE39;A0A047BY46;A0A051I4U5;A0A042T2Z8;A0A041KSS3;A0A052G752;A0A055DTP1;A0A057N3D3;A0A047LR06;A0A049L7U7;A0A040KY28;A0A048Z2Q6;A0A058QFC4;A0A057HMW0;A0A040S7C9;A0A054CEH1;A0A052RI23;A0A051B060;A0A056NP95;A0A071R282;A0A040A7T1;A0A1Q1T6N2;A0A043DXE0;A0A048ZLU3;A0A050N466;A0A044CYM8;A0A041V296;A0A049A3D6;A0A049QCQ4;A0A049WDW1;P96848;A0A047SUC8;A0A054JJG7;A0A051G1A4;P96848;A0A044LGT6;A0A051QTS6;A0A039PV30;A0A054QQZ7;A0A042FEW6;A0A041FKM3;A0A048IVS2;A0A047X9S8;A0A049UWZ2;A0A042WC05;A0A050DK73;A0A040E3R4;A0A056G2T1;A0A049K707;A0A058JCN8;A0A038VQV5;A0A071RXR5;A8AU61;A0A040V4B0;A0A039VYQ8;A0A053ZZX0;A0A055BM20;A0A7U4GB25;A0A049NJ59;A0A048PMP6;A0A044ECZ1;A1QXF1;A0A038X7T2;A0A043GKQ8;A0A051NYG5;A0A046Q9L1;H8HNX6;A0A054XEQ1;A0A057MHM8;A0A048E6M9;A0A049DI47;A0A049X620;A0A039QY09;A0A042ENR2;A0A048T4A2;A0A041MU66;E1HEX4;A0A055Q105;A0A047FYB4;A0A048LUC6;A0A050NV95;A0A051BP27;A0A049F2I1;A0A053Y9C0;A0A038KMJ2;A0A049RNJ1;A0A072AV37;A0A049M242;A0A057VNF1;A0A039YAP2;A0A041DUC7;A0A057BCR1;A0A056VMH6;A0A040U2C2;A0A040ABQ0;A0A053QTY2;A0A055V651;A0A054GU07;A0A041ZV24;A0A052D801;A0A041F940;A0A042Q005;A0A054TGA6;A0A051JLS7;A0A7U9K0J6;A0A044XT81;A0A038VWM8;A0A045PQ00;A0A042BJJ2;A0A044B8M5;A0A044TWA5;A0A056RAT9;A0A071VHL9;A0A043AHY3;A0A039J430;A0A055LUE8;A0A048BIM9;A0A040XV56;A0A050HYD8;A0A040M1T1;A0A048JF44;A0A043J5W3;A0A045GHK7;W6HWQ3;A0A049ZXZ4;A0A052U360;A7Y0R6;A0A044XQJ3;A0A041PGA9;A0A039LM91;A0A047HTQ3;A0A040BFT6;A0A043XWI5;A0A052PUC8;A0A044HJR6;A0A046NHG1;A0A043X7Y5;A0A7U4G369;A0A052XK60;A0AAC8RL75;A0A046U9T1;A0A056YNU5;A0A044I063;A0A072BI39;A0A072D949;A0A041H1I2;A0A041RUI0;A0A040G981;A0A058DZX2;A0A047FKT6;A0A039UTZ9;A0A055RBH5;A0A038RQS7;A0A050SLB1;A0A1Q1TTH7;A0A054NJR0;A0A058RFJ3;A0A4U7MLW1;A0A048CQL8;A0A054VJZ8;A0A043XLS3;A0A038NLE5;A0A040QLJ8;A0A041EFV4;A0A049Q969;A0A043KCI1;A0A058HDX5;A0A071ZN76;A0A047Q8V8;A0A045XSF4;A0A044ESK4;A0A049SQ36;A0A053HWH3;A0A040DM96;A0A053KJ45;A0A057NU36;A0A045CYA9;A0A058CDU5;A0A053XV67;A0A055N9U1;A0A038ZYX1;A0A1Q1SV09;A0A058HSQ8;A0A057I795;A0A050I4S2;A0A040H9S5;A0A048UYJ4;A0A049SW94;A0A050FVS2;A0A054KD93;A0A049F0S7;A0A053UT67;A0A071WAY0;A0A045KFB3;A0A049ZJT9;A0A051XYR7;A0A051YMZ6;A0A054I3G5;A0A058EN14;A0A052LB02;A0A049K9M7;A0A055L9Q7;A0A057BYX5;A0A040MU01;A0A041D3W2;A0A046BKK7;A0A049XTE3;A0A039AYT2;A0A055DAH7;A0A046BWI6;A0A040RBG3;A0A057HAC1;A0A058DSX3;A0A053RNY3;A0A042JPB7;A0A053A2E2;A0A038N3L9;A0A039BU02;A0A045KTW5;A0A050MEP7;A0A056AAA2;A0A053X0S7;A0A049SHQ6;A0A055S664;A0A045DCJ6;A0A040WX67;X8GL06;A0A049C7G6;A0A045V5L8;A0A049L530;A0A045VW15;A0A048V341;A0A057PJK7;A0A040HHV9;A0A048P376;A0A051A258;A0A054P6U6;A0A052UZC1;A0A057CQ84;A0A042ARA7;A0A051AIY5;A0A049UBB4;A0A054D5P9;A0A7U4J5B0;A0A056T7V5;A0A045I4V0;A0A045DGX3;A0A048S724;A0A046J727;A0A055DCR4;A0A058S958;A0A039KSV1;A0A1Q1YKY9;A0A042T107;A0A044Z6N1;A0A046CH38;A0A055DP00;A0A046PBQ9;A0A038P4B9;A0A043TZL7;A0A046VVE9;A0A051U214;A0A053YN94;A0A042XWU0;A0A040B7N1;A0A042PRZ5;A0A045UCJ6;A0A055NYW3;A0AAE8WQP1;A0A1Q1UG21;A0A042KW59;A0A051MK29;A0A054D2Q1;A0A050XCH3;A0A042VMC4;A0A071VMG4;A0A057QBT6;A0A039F731;A0A043D651;A0A047XI12;A0A043V6U4;A0A057ZV22;A0A045B1G4;A0A054K9U1;A0A057JR93;A0A055ZEJ8;A0A058GM68;A0A048GA81;A0A042M1P6;A0A055EY97;V2VQ00;A0A050M5U4;A0A050BKG6;A0A039SCT5;A0A055PZR1;A0A038V538;A0A052ZZG8;A0A055UJB0;A0A043GMV2;A0A053VTS0;A0A072AF09;A0A042M412;A0A046QPQ8;A0A042GY05;A0A039LJJ5;A0A047YF46;A0A049QIE2;A0A049WPJ4;P0A5L8;A0A047K0P5;A0A042I1G2;A0A043RTQ6;A0A053L5P8;T0DIU8;A0A043T0A2;A0A045ZW52;A0A047UDU8;A0A1Q2AHS3;H8I1H0;A0A039E4Z3;A0A046RH53;A0A039YBB3;A0A040J9Y5;A0A040DJ27;A0A056X4A3;A0A042UID1;A0A047Q022;A0A047KQ89;A0A046ZK90;A0A039VB99;A0A045NV79;A0A048EIH6;A0A043S1L7;A0A058R271;A0A047UBQ4;A0A043ZLJ4;A0A056E3I1;A0A042JW93;A0A040ALQ5;A0A039PF77;X8GHI6;A0A047P4B8;A0A054ZMF1;A0A043L5G7;A0A053DJZ6;A0A051WZK3;A0A050KWK8;A0A044K8M1;A0A056XYY7;A0A049I917;A0A053WZU4;A0A055CGG7;A0A054H2M3;A0A071R5F5;A0A050ZKI6;A0A056DAX5;A0A045XWJ0;A0A048DJW2;A0A054S891;A0A048YVN3;A0A057B762;A0A042MTL0;A0A056BAU6;A0A052YU74;A0A052LWT3;A0A056C035;A0A041II88;A0A057P4Z7;A0A056FP43;A0A053SHJ0;A0A058MZM6;A0A044SUH6;A0A046AUQ4;A0A045YQC7;A0A7U4A013;A0A043SRU7;A0A049VSN6;A0A052CUL3;A0A039SUW7;A0A041Q001;A0A043L0P8;A0A047SFL9;A0A039BFY6;A0A050VAT6;A0A054JIY4;A0A057LQZ8;A0A042XZK8;A0A041CCH8;A0A044YUB2;A0A048JH89;A0A041GNA4;A0A054G2L2;A0A058S3E5;A0A038XWA4;A0A054LA35;A0A039EZ00;A0A056S160;A0A055ID46;A0A806K4V2;T5H730;A0A040PC01;A0A1Q1WP88;A0A040CDR9;A0A042UCW7;A0A055T4E2;A0A052XEJ7;A0A056CML8;A0A042Y8R6;A0A042KBB9;A0A046WYK1;A0A048U189;A0A043WAE1;A0A051RJN1;A0A052SQD8;A0A052LXX9;A0A048NNL5;A0A046YZP2;A0A047URU1;A0A071RX36;A0A053ZT11;A0A058D4R7;A0A047IW80;A0A039S0I7;A0A047NSF8;A0A051CPW2;A0A052EBK4;A0A052PQX3;A0A042XIR8;A0A049RB67;A0A047MKL6;A0A056CNU4;A0A050IIX5;A0A039G9B7;A0A038Y4S8;A0A058J796;A0A048DJX0;A0A048KWE5;A0A057FIF3;A0A050IH99;A0A058F2R7;A0A071Y1C5;A0A054XFF6;G2MYQ0;A0A038PPA7;A0A054PX99;A0A051IND0;A0A051LZ24;A0A043PM41;A0A8E0C2C8;A0A055ZB84;A0A046E3A6;A0A056ZY00;A0A057GN26;A0A042IKS1;A0A055JS66;A0A042N828;A0A043LCA9;A0A044BWK0;A0A053E1B4;A0A056W7M1;A0A071PEH2;A0A071PSP7;A0A054B8S0;A0A056TI53;A0A047GWS6;A0A056VEI9;A0A044Y745;A0A046R844;A0A058IV74;A0A052NJS1;A0A056AL34;A0A042JS95;A0A040L8E6;A0A050WRH6;A0A053BWZ4;A0A055NWN1;S5F1D1;A0A058GCS0;A0A1Q2B536;A0A051GSM9;A0A053SF13;A0A040PWU8;A0A042HD85;L0TCY1;A0A047DQQ5;A0A071TZL8;A0A045Z1Y5;A0A049BAH0;A0A071US01;A0A045T6V1;A0A057UX71;A0A046PD41;A0A038REA0;A0A041L366;A0A044E3V6;A0A054LF38;A0A047WG07;A0A079KAX4;A0A040Z995;L0NZD0;A0A042YHX1;A0A050YUH0;A0A039CYK0;A0A052W4A2;A0A051EDP0;A0A052G2L1;A0A041J9F0;A0A058PPW0;A0A051DHH8;A0A052MFZ7;A0A049DLH0;A0A055EJ41;A0A045A4E8;A0A043JB27;A0A057Z4F8;A0A071WGD7;A0A058MC39;A0A038SMY1;A0A054UF16;A0A050Q575;A0A052F143;A0A043QIC3;A0A043HH80;A0A055KEL6;A0A049G1A1;A0A050TT23;A0A043D601;A0A050YM41;A0A0H3M9E9;A0A041B7U2;A0A052CC25;A0A047VGT1;A0A045QJM3;A0A046GJZ9;A0A055P2C7;A0A045G6W7;A0A046B8T1;A0A053TYW5;A0A058Q271;A0A045MQB0;A0A050H2U5;A0A055WAQ3;A0A045B9K2;A0A042T1U4;A0A053P4W0;A0A046VCP2;A0A040S443;A0A047RGA0;A0A057JUM2;A0A053DQ15;A0A053EB83;A0A056QBK1;A0A045LSE8;A0A071Z4B3;A0A039TIH8;A0A050S2Y1;A0A049YKP5;A0A047B4Y6;A0A049IQR0;A0A041X6V5;A0A054M8D6;A0A042N757;A0A046GHA7;A0A042LEU0;A0A040GNZ7;A0A049KY91;A0A051P9J4;A0A057L643;A0A1Q1X0P7;A0A055F6Q5;A0A044WD44;A0A052EPI8;A0A046NF15;A0A053PJM6;A0A049HPR7;A0A051BMM9;A0A051B3Z6;A0A057ARR2;A0A056Z2Q1;A0A046HCD3;A0A0K2I1T4;A0A038F661;A0A039WA34;A0A041WW95;A0A039VFT0;A0A045DSW2;A0A055RQC2;A0A058JZH5;A0A047AB46;A0A1Q1US50;A0A7S8CHB4;A0A038TU09;A0A042JAV2;A0A048MWF8;A0A040UKT7;A0A051CL65;A0A046W3R9;A0A048U9X2;A0A049UMI9;A0A044T9T8;A0A048LFJ6;A0A052BE19;A0A044KBE6;A0A051KQR0;A0A057XIJ7;A0A058M9C7;A0A041CPT2;A0A045YRL8;A0A045BE68;A0A055PPE1;A0A047PND3;A0A044CWV2;A0A053D8F5;A0A041I3B1;A0A046QAF5;A0A044ATL6;A0A050IVC0;A0A056PEA9;A0A051JNY7;A0A057NLA0;A0A042UL13;A0A052NXU0;A0A050SR21;A0A049B780;A0A040NFY7;A0A0H4XVF4;A0A042IZC6;A0A045WVA8;A0A043JBK8;A0A053WDP6;A0A041SZ29;A0A049EPD0;A0A055TUL0;A0A040MVT3;A0A039F9C7;A0A045F041;A0A046LID5;A0A054PIG9;A0A053BRF3;A0A055V7S2;A0A044C472;A0A046KXY9;A0A051ZD52;A0A055XX68;A0A046T929;A0A051SC41;A0A054G9I4;A0A047ZIR4;A0A056V5A3;A0A048G1Z3;A0A051NMY7;A0A047VM67;A0A050L161;A0A043D1S9;A0A038M9R5;A0A040JQJ9;A0A040TL84;A0A040ZCR3;A0A048PPP9;A0A057INE5;A0A7U4CCY0;A0A040ISE5;A0A039D7U2;A0A044FW20;A0A050P9P7;A0A051KQZ8;A0A046AI63;A0A056Q4P6;A0A048QN77;A0A041G7V9;A0A057MGA9;A0A052KJ75;A0A044U143;A0A044WTL1;A0A046D487;A0A056TZM1;A0A058KLW0;A0A050KFK9;X2BPU6;A0A056J9T8;A0A039NU46;A0A058H8J6;A0A044NDY7;A0A047ZG75;A0A056QZH7;A0A055J509;A0A041KY43;D7EWN0;A0A052AZ48;A0A056EMV5;A0A047JT41;A0A044RMB0;A0A043M829;A0A040YI98;A0A0H4G668;A0A049T7V5;A0A042PFL2;A0A053QA22;A0A045PD48;A0A055BZY9;A0A071N986;A0A046URE8;A0A052BLK7;A0A040CM71;A0A045MS61;A0A056EHD6;A0A048MHP1;A0A039QQ04;A0A047HJN7;A0A043K641;A0A040PBU6;A0A056KCB4;A0A041BPX4;G2UQG0;A0A052WN57;A0A071MWM5;A0A046GXX4;A0A046IE79;A0A039KW79;A0AAP5F280;A0A1Q1VEV0;A0A047BVK9;A0A053M854;A0A048ACX3;A0A057H2C5;A0A041XYH6;A0A051C7U7;A0A052Y3D0;A0A046XMS0;A0A046TND3;A0A047L2U4;A0A055JUB9;A0A050CP37;A0A051IMR3;A0A058C0T5;A0A046YF47;A0A048HUJ0;A0A054AI79;A0A056ARH3;A0A040XD19;A0A043FLQ5;A0A057QWB7;A0A046TT63;A0A039MTQ9;A0A039WU03;A0A042NRH7;A0A053CN19;A0A081GCM3;A0A040FUH6;A0A047GVT6;A0A048ZRH4;A0A055YAG4;A0A042E3W1;A0A045PLX8;A0A042B7L5;A0A051Q476;A0A043WKM9;A0A039JIU6;A0A041ZPT8;A0A046NR02;A0A044GUD4;A0A051F9Q1;A4KM52;A0A056EJT4;A0A042ZB76;A0A052VYW8;A0A1Q1Y9Q9;A0A044EUW9;A0A041HIG2;A0A041NYN0;A0A042Z452;A0A045BY78;A0A056C1V6;A0A056K165;A0A071X1B7;A0A052PWK5;A0A049GU06;A0A043K4S8;A0A054RNA4;A0A040BN83;A5U8P0;A0A044XCB0;A0A051W9E7;A0A053KEF5;A0A043TLW3;A0A038QWZ8;A0A050DWA6;A0A056TW25;A0A038LJW4;A0A043MYA5;A0A053J1R5;A0A045W862;A0A051RCC3;A0A056HJR3;A0A055MV62;A0A058SE01;A0A041ZN07;A0A046K874;A0A038VRS0;A0A057TNH2;A0A050PU54;A0A053J893;A0A045SUX8;A0A040LDJ9;A0A039ADF3;A0A042P503;A0A048CUJ4;A0A047Z9B7;A0A052S0C3;A0A056V712;A0A057J4R7;A0A043ULS6;A0A054NPB0;A0A045QI43;A0A043CFJ4;A0A050W945;A0A040R947;A0A054EG39;D5ZAD9;A0A056SD77;A7Y0Q9;A0A040F1B1;A0A046FIL0;A0A041T1H3;A0A058AI03;D5Y9G4;A0A1S1B8L1;A0A046HCU2;A0A042ACQ9;A0A049M6P2;A0A055H573;A0A038ULX8;A0A044N456;A0A052V4T6;A0A048WRA9;A0A050PDN2;A0A048SED7;F7WE71;A0A053VLS5;A0A057SRK3;A0A050GMP9;A0A8S8LS77;A0A053B533;A0A056A4H5;A0A043HIH4;A0A071YYH6;A0A039SMP0;A0A047QI17;A0A058NVV7;A0A1Q2A6P3;A0A051G8T4;A0A045VER5;A0A047ES77;A0A038QGW9;A0A057UXZ2;A0A039ZGN8;A0A046MV97;A0A056VXD2;A0A039U8D5;A0A040WEG3;A0A052R2A1;A0A042R2S1;A0A039HR12;A0A044ZB40;A0A052UZ04;A0A042IKU4;A0A043EHP6;A0A044F2B7;A0A042BX68;A0A047QXK5;A0A053KJI9;A0A043UNT9;A0A041UMS7;A0A071WMS2;A0A039HJF2;A0A047F043;A0A043VI37;A0A051NFP4;A0A044M9K6;A0A047THN8;A0A047UMB6;A0A053G2I8;A0A054IKJ3;P0A5L9;A0A056NKV9;A0A052E070;A0A051T1R3;A0A040A857;A0A071TG13;A0A044V4M6;A0A071TDP7;A0A045ZY59;A0A050XXR3;A0A8E0AH22;A0A039WQ01;A0A057TMC1;A0A052TU91;A0A043ESH9;A0A055A4U2;A0A071TU09;A0A048WZZ5;A0A054AE64;H6S9G2;A0A047MZN5;A0A048H7B0;A0A044I4J8;A0A052VLC2;A0A052P5Z0;A0A054LJX5;A0A044MQ03;A0A050W8M8;A0A1Q1Z8B5;A0A042C790;A0A056LD09;W6HJY9;A0A041AS55;A0A040NYF0;A0A058AEZ0;A0A039H135;A0A050WKI0;A0A038Z876;A0A055DT55;A0A044N1Z3;A0A053CGA7;A0A046LU72;A0A055SMN4;A0A057YUT8;A0A058GUB5;A0A044H3W5;A0A051UAX7;A0A041QYK4;A0A048X7T0;A0A047LK62;A0A054ZTY9;A0A051H8S8;A0A054GDD4;A0A050Z9X5;A0A038USC6;A0A053W5R7;A0A056RYB5;A0A071YLR8;A0A041KCU1;A0A049PQ81;A0A083VST7;A0A052LAP8;A0A056BCJ3;A0A679LJP3;A0A043FXE5;A0A040MNY4;A0A053TNU4;A0A057LQG3;A0A048Q203;A0A046F9A8;A0A052QCF6;A0A043A1T3;A0A038M298;A0A056LKY7;A0A042QJ81;A0A048ALV9;A0A058MSM2;A0A052ML68;A0A047IRU7;A0A055U372;A0A051RLA7;A0A050UGH5;A0A044CDQ0;A0A055R826;A0A040LVP0;A0A048Z381;A0A042V7D3;A0A056PQ05;A0A056DA33;A0A041EZ46;A0A052APC1;A0A054IUK2;A0A052WLU5;A0A058IMS5;A0A040HW35;A0A049WZ78;A0A049ZYP2;A0A051HTC0;A0A057DZP0;A0A048T865;A0A050D1A2;A0A038SXS9;A0A038X0N5;A0A047LAP0;A0A056J9X2;A0A057SD11;A0A043XRS6;A0A048H944;A0A053PVT5;L0Q1L5;A0A042XA66;A0A044ZQ80;A0A052T7W2;A0A050FIK5;A0A049AGZ6;A0A056GJ68;A0A041H8L8;A0A058QMK5;D6EYR3;A0A056H1K9;A0A039EGZ1;A0A039YT55;A0A047YIA0;A0A050MAR2;A0A047J2C8;A0A038R4K0;A0A039QGM9;A0A046ULD5;A0A1Q1QB89;A0A049HFC7;A0A071NWC9;A0A049N157;A0A043BSJ7;C1AI24;A1KPQ1;A0A050U132;A0A041UVJ8;A0A048W8X8;A0A053XM22;A0A071VLE2;A0A047G1B7;A0A038X5Q0;A0A039IS19;A0A057ITJ1;A0A074SHG3;A0A044QV68;A0A057KFJ7;A0A047D2F8;A0A049P7N3;A0A056YX45;A0A052RF49;A0A041LF11;A0A045L2K6;A0A043M5I8;A0A058LF13;A0A058PEN3;A0A039UFU7;A0A047BQX7;A0A039NDG4;A0A3G2XMA6;A0A044J1W8;A0A048HVN9;A0A048XV97;A0A039XXJ1;A0A053V6V8;A0A049CW53;A0A041ANB8;A0A042RAI0;A0A047XRQ8;A0A051LGQ3;A0A057AIG6;A0A057CFI9;A0A056MBP7;A0A049TCW8;A0A051FBZ2;A0A050H3U7;M8DAI2;A0A052PRW5;A0A058B9X3;A0A039IDR5;A0A041PUL9;A0A041XU77;A0A057ELW9;A0A041JSI3;A0A040T0F7;G7R0W6;A0A049JB68;A0A049PJ52;A0A058LDZ2;A0A1Q2BSF8;A0A043B0I6;A0A1Q1QM40;A0A044B5F8;A0A046DZC4;A0A039TJ20;A0A043VP14;A0A054IUN3;A0A039R5A5;A0A054DXS1;A0A058JUJ5;A0AAW8I0I4;A0A044P770;A0A048JX27;A0A047JPZ2;A0A048EDH1;A0A058NSU2;A0A040ZVB4;A0A044G2V7;A0A044TCV1;A0A053F1A1;A0A0F7QH96;A0A043WV03;A0A048KXU6;A0A040FAG6;A0A054B0B0;A0A053XZ08;A0A056R2B3;A0A043DQR9;A0A042F7X2;A0A055YTJ4;A0A048RUC5;A0A050DBM1;A0A040UF86;A0A044L0U7;A0A047DQ89;A0A052BKI6;A0A051SNB8;A0A039AD82;A0A049G4D7;A0A058D0A4;A0A054UHN9;A0A056KKK0;A0A041IXM4;A0A049FLK0;A0A051XVU3;A0A1Q1SIE4;A0A056L113;A0A052TAA7;A0A055M5R5;A0A044DTF4;A0A072B5B9;A0A040S2V0;A0A039Q492;A0A042X8S3;A0A040UZ27;A0A056U9Q6;A0A071NPV9;A0A047E3D6;A0A040R1D0;A0A055WUZ6;A0A048BWL9;A0A049HE19;A0A055HP92;A0A039ZAH6;A0A047CEL0;A0A1Q1R9F8;A0A038MPU5;A0A044PVF1;A0A197IT35;A0A040C9B2;A0A048UUR5;A0A057GC25;A0A047WMT9;A0A1A9ECS7;A0A049TT42;A0A046S3C7;A0A040N0L8;A0A042B3T0;A0A071RDC6;A0A040EFF4;A0A047APS5;A0A041MQ64;A0A044KW57;A0A048Y0L3;A0A048IS18;A0A042GF60;A0A049AY02;A0A057DE03,131567,cellular organisms,Unresolved,Unresolved,False,True,False,False,9C8D98E3256D088A,0.996306479,0.9501248002052308,171
417,9C8D98E3256D088A,283,UniProtKB/TrEMBL (unreviewed representative),UPI0000031D98,A0A038ZXW9;A0A071UA93;A0A044GQ11;A0A054R4T9;A0A055LUK6;A0A055U992;A0A058LNE9;A0A042FX59;A0A056ZCT8;E2WAX9;A0A053GY08;A0A039KGR2;A0A040KNT4;A0A039CTR8;A0A050F5S3;A0A051UR08;A0A041SS86;A0A1Q1WCW4;W6GUE3;A0A046J590;A0A044WFZ1;A0A051LBJ9;A0A048VTU4;A0A071XJG6;A0A048VXC0;A0A055X9B3;A0A055FDT2;A0A043NUX9;A0A040YMY0;A0A043BTQ7;A0A043ZDI4;A0A040IK66;A0A040WYE3;A0A040YVI5;A0A050AH64;A0A046MES5;A0A053GB99;A0A054RLS1;A0A051V2X6;A0A071VJI3;A0A047RNG3;A0A056XL06;A0A048F9A8;A0A052K1B1;A0A042GRA5;A0A057QVN5;A0A043Q5K1;A0A045U8F3;A0A047AE02;A0A040W7H3;A0A047YRK3;A0A054HXG1;A0A041PED4;A0ACD3TZH6;A0A1Q1RKH2;A0A058CJ99;A0A056IJI0;A0A046R9D7;A0A046PKW4;A0A048T1D3;A0A057RJF2;A0A045CS61;A0A049VAD0;A0A071QEW6;A0A055JB37;A0A057UHU0;A0A040EMX8;A0A043HZB6;A0A054BY29;A0A044W4L2;A0A043R2B7;A8AU62;A0A049N7B7;A0A043YBT1;A0A052KK97;A0A057T047;A0A053YVZ0;A0A040K9W8;F9V152;A0A079JYL4;A0A052ZHQ4;A0A056MX46;A0A042CI47;A0A042E2V5;A0A046IFU8;A0A049K1F3;A0A043FK62;A0A053RQE9;A0A047N808;A0A044A7S3;A0A045LYU9;A0A039XH07;A0A049YV90;A0A041Y3I9;A0A057SPV8;A0A057PSQ1;A0A048GJL2;A0A052DRL9;A0A053R298;A0A038ZMQ4;A0A048CAM1;A0A057KHR9;A0A057ZT63;A0A039M4E4;A0A050J6C4;A0A057CGB6;A0A042IWI8;A0A052FE53;A0A039UH31;A0A051V2H3;A0A039G543;A0A291MEG2;A0A043ICN6;A0A048F8I9;A0A039G8G9;A0A057ZBC7;A0A1R3Y4H0;A0A057L1C7;A0A071PBD2;A0A055Z7V6;A0A048QLZ6;A0A046W6Q6;A0A050JWH1;A0A057VNQ4;A0A044AGN2;A0A051F2R0;A0A056IM54;A0A039E1G6;A0A047TPY8;A0A039NC81;A0A041TJ23;A0A038NVB0;A0A049WPD3;A0A042VX51;A0A053T2H4;A0A042L104;A0A043A836;A0A042WJB7;A0A057A159;A0A039M5P7;A0A048EA84;A0A1Q1V3Q2;A0A041F976;A0A057F4I0;A0A039C4K3;I6XHK1;A0A052DCL5;A0A058BRG4;A7Y0Q6;A0A042TJ35;A0A050EK28;A0A057GD09;A0A1Q1VQJ2;A0A050QQZ9;A0AB74LKY8;A0A049IJK7;A0A053Z9A4;A0A042DQS4;A0A048Y0F2;A0A1Q1THB3;A0A040D4T4;A0A044LIY0;A0A054HX72;A0A052FSP8;A0A071RJ94;A0A050EBA9;A0A040T7I8;A0A041VU01;F7WTA9;A0A047QM13;A0A052C6G8;A0A056I5I8;A0A058FPV0;A0A055HLM7;A0A054Q8L0;A0A040JXC1;A0A040H071;A0A041CZU0;A0A038Q7P6;A0A1Q1XZ64;A0A051ZP11;A0A043IBQ8;A0A042YXP6;A0A053LS95;A0A038YQB6;A0A040Q6R5;A0A040IB75;A0A057EMN6;A0A050SBI8;A0A056WMD0;A0A055V6B9;A0A1Q1ZJ83;A0A071ZSU6;A0A1Q1XMM2;A0A054ZEP4;A0A050L315;E2VZS6;A0A054F3T8;A0A055VPP4;A0A055WJH3;A0A098A321;A0A038WIE5;A0A048A7G2;A0A049X794;A0A057SV60;A0A050ANE4;A0A051IRR8;A0A042SF62;A0A057WAS9;A0A056M7S1;E9ZPZ7;A7Y0R4;A0A053SSC6;A0A072ENT7;A0A054TXE2;A0A042RID4;A0A043EDI8;A0A0H3LJP5;A0A050NCZ4;A0AAU0Q6W9;A0A060GH30;A0AA34UXY0;A0A046KRP4;A0A051SW23;A0A050CCC0;A0A045AH47;A0A050RD35;A0A050G8J5;A0A048TWL3;A0A050BVI8;A0A044D2B6;A0A046YWF1;A0A047MPL7;A0A047RR35;A0A039P583;A0A041BXD1;A0A053LV23;A0A048KB40;A0A047VCL8;A0A501P7F8;A0A054FLA5;A0A046E173;A0A051DC44;A0A051VXT7;A0A056H596;A0A057Y8P1;A0A039RP25;A0A048I8A4;A0A043S222;A0A052UDC8;A0A050XPJ8;A0A049J9U2;A0A055L565;A2VPX4;A0A053BDD1;A0A050VRG6;A0A057WXW9;A0A050HI35;A0A042TTE3;A0A044Q8H6;A0A053FJR9;A0A053EQK1;A0A057WW84;A0A052UCI3;A0A042R6G0;A0A054BLS4;A0A038TKA3;A0A038SYP7;A0A829C2U7;A0A046MFY1;A0A050PFN7;A0A058NB72;A0A040FEW6;A0A043NZF8;A0A039IMB9;A0A043M7E8;A0A057A7J6;A0A049ZA04;A0A044VBI1;A0A058B2V8;A0A1Q1XBK5;A0A051APS3;A0A058E696;A0A058F2E4;A0A041J9M3;A0A056WZK8;A0A041I9J9;A0A047W7H0;A0A0K1MYV8;P9WJI5;P9WJI4;A0A058I4Y0;A0A051X375;A0A1Q1RWK9;A0A044VQT9;A0A055SQC2;A0A039JSS0;A0A041E1X3;A0A1Q1U4J6;A0A056PHR2;A0A8S7LRU2;A7Y0R1;A0A041U3M8;A0A046CQS3;A0A055MFP6;A0A038NA15;A0A045ZF88;A0A043YVS5;A0A054W4Q3;A0A043AQZ9;A0A043RAH9;A0A054TSX7;A0A053AII5;A0A047FFQ4;A0A057R6S2;A0A043H6V8;A0A054DTA1;H8F069;A0A043EN19;A0A052Z672;A0A049RXS5;A0A039K1J8;A0A050SGZ4;A0A057WC07;A0A042HT60;A0A044IK36;A0A058KJA6;A0A044JZI5;X8G866;A0A042RAX1;A0A056MZT8;A0A053UZU2;A0A056SNJ6;A0A039GRD0;A0A057JQ70;A0A071QE22;A0A042EYE2;A0A055KSA3;A0A046ZC00;A0A053FB84;A0A046WU92;A0A071SJM4;A0A050TAX7;A0A051GPX4;A0A043NM20;A0A057G015;A0A1Q1YX26;A0A1Q1ZVQ1;A0A054T8R0;A0A057U411;A0A057Y8M9;A0A044R4S3;A0ABX2VE66;A0A057NMT8;A0A058FN94;A0A048FHI3;A0A053AUC5;A0A054WH54;A0A044MGR1;A0A1Q2ATW5;A0A041BNA3;A0A039DBZ2;A0A057DZB9;A0A051EJS4;A0A046JY04;A0A052ABZ8;A0A050J556;A0A049C9E4;A0A047DIW4;A0A051P6L5;A0A044IQX2;A0A049C2D2;A0A072BHI7;A0A044G0M3;A0A056H2Q7;A0A054YJN1;A0A046EX88;A0A057XLJ7;A0A045BXA9;A0A049YEB5;A0A043TZD8;A0A050VZD6;A0A1Q1QY91;A0A052B9N8;A0A053I4R3;A0A053QKJ3;A0A056INP4;A0A072AEV6;A0A055XKK9;A0A045WSW8;A0A049GK99;A0A044P9H0;A0A051Z3M2;V2WZP9;A0A044QG62;A0A050RQI4;A0A049LQN6;A0A042LUU4;A0A049E9X6;A0A050F8M5;A0A056N299;A0A039XKL6;A0A041YWD4;A0A056F462;A0A044Y511;A0A045C4X5;A0A050JZJ2;A0A041XJK0;A0A043QE39;A0A047BY46;A0A051I4U5;A0A042T2Z8;A0A041KSS3;A0A052G752;A0A055DTP1;A0A057N3D3;A0A047LR06;A0A049L7U7;A0A040KY28;A0A048Z2Q6;A0A058QFC4;A0A057HMW0;A0A040S7C9;A0A054CEH1;A0A052RI23;A0A051B060;A0A056NP95;A0A071R282;A0A040A7T1;A0A1Q1T6N2;A0A043DXE0;A0A048ZLU3;A0A050N466;A0A044CYM8;A0A041V296;A0A049A3D6;A0A049QCQ4;A0A049WDW1;P96848;A0A047SUC8;A0A054JJG7;A0A051G1A4;P96848;A0A044LGT6;A0A051QTS6;A0A039PV30;A0A054QQZ7;A0A042FEW6;A0A041FKM3;A0A048IVS2;A0A047X9S8;A0A049UWZ2;A0A042WC05;A0A050DK73;A0A040E3R4;A0A056G2T1;A0A049K707;A0A058JCN8;A0A038VQV5;A0A071RXR5;A8AU61;A0A040V4B0;A0A039VYQ8;A0A053ZZX0;A0A055BM20;A0A7U4GB25;A0A049NJ59;A0A048PMP6;A0A044ECZ1;A1QXF1;A0A038X7T2;A0A043GKQ8;A0A051NYG5;A0A046Q9L1;H8HNX6;A0A054XEQ1;A0A057MHM8;A0A048E6M9;A0A049DI47;A0A049X620;A0A039QY09;A0A042ENR2;A0A048T4A2;A0A041MU66;E1HEX4;A0A055Q105;A0A047FYB4;A0A048LUC6;A0A050NV95;A0A051BP27;A0A049F2I1;A0A053Y9C0;A0A038KMJ2;A0A049RNJ1;A0A072AV37;A0A049M242;A0A057VNF1;A0A039YAP2;A0A041DUC7;A0A057BCR1;A0A056VMH6;A0A040U2C2;A0A040ABQ0;A0A053QTY2;A0A055V651;A0A054GU07;A0A041ZV24;A0A052D801;A0A041F940;A0A042Q005;A0A054TGA6;A0A051JLS7;A0A7U9K0J6;A0A044XT81;A0A038VWM8;A0A045PQ00;A0A042BJJ2;A0A044B8M5;A0A044TWA5;A0A056RAT9;A0A071VHL9;A0A043AHY3;A0A039J430;A0A055LUE8;A0A048BIM9;A0A040XV56;A0A050HYD8;A0A040M1T1;A0A048JF44;A0A043J5W3;A0A045GHK7;W6HWQ3;A0A049ZXZ4;A0A052U360;A7Y0R6;A0A044XQJ3;A0A041PGA9;A0A039LM91;A0A047HTQ3;A0A040BFT6;A0A043XWI5;A0A052PUC8;A0A044HJR6;A0A046NHG1;A0A043X7Y5;A0A7U4G369;A0A052XK60;A0AAC8RL75;A0A046U9T1;A0A056YNU5;A0A044I063;A0A072BI39;A0A072D949;A0A041H1I2;A0A041RUI0;A0A040G981;A0A058DZX2;A0A047FKT6;A0A039UTZ9;A0A055RBH5;A0A038RQS7;A0A050SLB1;A0A1Q1TTH7;A0A054NJR0;A0A058RFJ3;A0A4U7MLW1;A0A048CQL8;A0A054VJZ8;A0A043XLS3;A0A038NLE5;A0A040QLJ8;A0A041EFV4;A0A049Q969;A0A043KCI1;A0A058HDX5;A0A071ZN76;A0A047Q8V8;A0A045XSF4;A0A044ESK4;A0A049SQ36;A0A053HWH3;A0A040DM96;A0A053KJ45;A0A057NU36;A0A045CYA9;A0A058CDU5;A0A053XV67;A0A055N9U1;A0A038ZYX1;A0A1Q1SV09;A0A058HSQ8;A0A057I795;A0A050I4S2;A0A040H9S5;A0A048UYJ4;A0A049SW94;A0A050FVS2;A0A054KD93;A0A049F0S7;A0A053UT67;A0A071WAY0;A0A045KFB3;A0A049ZJT9;A0A051XYR7;A0A051YMZ6;A0A054I3G5;A0A058EN14;A0A052LB02;A0A049K9M7;A0A055L9Q7;A0A057BYX5;A0A040MU01;A0A041D3W2;A0A046BKK7;A0A049XTE3;A0A039AYT2;A0A055DAH7;A0A046BWI6;A0A040RBG3;A0A057HAC1;A0A058DSX3;A0A053RNY3;A0A042JPB7;A0A053A2E2;A0A038N3L9;A0A039BU02;A0A045KTW5;A0A050MEP7;A0A056AAA2;A0A053X0S7;A0A049SHQ6;A0A055S664;A0A045DCJ6;A0A040WX67;X8GL06;A0A049C7G6;A0A045V5L8;A0A049L530;A0A045VW15;A0A048V341;A0A057PJK7;A0A040HHV9;A0A048P376;A0A051A258;A0A054P6U6;A0A052UZC1;A0A057CQ84;A0A042ARA7;A0A051AIY5;A0A049UBB4;A0A054D5P9;A0A7U4J5B0;A0A056T7V5;A0A045I4V0;A0A045DGX3;A0A048S724;A0A046J727;A0A055DCR4;A0A058S958;A0A039KSV1;A0A1Q1YKY9;A0A042T107;A0A044Z6N1;A0A046CH38;A0A055DP00;A0A046PBQ9;A0A038P4B9;A0A043TZL7;A0A046VVE9;A0A051U214;A0A053YN94;A0A042XWU0;A0A040B7N1;A0A042PRZ5;A0A045UCJ6;A0A055NYW3;A0AAE8WQP1;A0A1Q1UG21;A0A042KW59;A0A051MK29;A0A054D2Q1;A0A050XCH3;A0A042VMC4;A0A071VMG4;A0A057QBT6;A0A039F731;A0A043D651;A0A047XI12;A0A043V6U4;A0A057ZV22;A0A045B1G4;A0A054K9U1;A0A057JR93;A0A055ZEJ8;A0A058GM68;A0A048GA81;A0A042M1P6;A0A055EY97;V2VQ00;A0A050M5U4;A0A050BKG6;A0A039SCT5;A0A055PZR1;A0A038V538;A0A052ZZG8;A0A055UJB0;A0A043GMV2;A0A053VTS0;A0A072AF09;A0A042M412;A0A046QPQ8;A0A042GY05;A0A039LJJ5;A0A047YF46;A0A049QIE2;A0A049WPJ4;P0A5L8;A0A047K0P5;A0A042I1G2;A0A043RTQ6;A0A053L5P8;T0DIU8;A0A043T0A2;A0A045ZW52;A0A047UDU8;A0A1Q2AHS3;H8I1H0;A0A039E4Z3;A0A046RH53;A0A039YBB3;A0A040J9Y5;A0A040DJ27;A0A056X4A3;A0A042UID1;A0A047Q022;A0A047KQ89;A0A046ZK90;A0A039VB99;A0A045NV79;A0A048EIH6;A0A043S1L7;A0A058R271;A0A047UBQ4;A0A043ZLJ4;A0A056E3I1;A0A042JW93;A0A040ALQ5;A0A039PF77;X8GHI6;A0A047P4B8;A0A054ZMF1;A0A043L5G7;A0A053DJZ6;A0A051WZK3;A0A050KWK8;A0A044K8M1;A0A056XYY7;A0A049I917;A0A053WZU4;A0A055CGG7;A0A054H2M3;A0A071R5F5;A0A050ZKI6;A0A056DAX5;A0A045XWJ0;A0A048DJW2;A0A054S891;A0A048YVN3;A0A057B762;A0A042MTL0;A0A056BAU6;A0A052YU74;A0A052LWT3;A0A056C035;A0A041II88;A0A057P4Z7;A0A056FP43;A0A053SHJ0;A0A058MZM6;A0A044SUH6;A0A046AUQ4;A0A045YQC7;A0A7U4A013;A0A043SRU7;A0A049VSN6;A0A052CUL3;A0A039SUW7;A0A041Q001;A0A043L0P8;A0A047SFL9;A0A039BFY6;A0A050VAT6;A0A054JIY4;A0A057LQZ8;A0A042XZK8;A0A041CCH8;A0A044YUB2;A0A048JH89;A0A041GNA4;A0A054G2L2;A0A058S3E5;A0A038XWA4;A0A054LA35;A0A039EZ00;A0A056S160;A0A055ID46;A0A806K4V2;T5H730;A0A040PC01;A0A1Q1WP88;A0A040CDR9;A0A042UCW7;A0A055T4E2;A0A052XEJ7;A0A056CML8;A0A042Y8R6;A0A042KBB9;A0A046WYK1;A0A048U189;A0A043WAE1;A0A051RJN1;A0A052SQD8;A0A052LXX9;A0A048NNL5;A0A046YZP2;A0A047URU1;A0A071RX36;A0A053ZT11;A0A058D4R7;A0A047IW80;A0A039S0I7;A0A047NSF8;A0A051CPW2;A0A052EBK4;A0A052PQX3;A0A042XIR8;A0A049RB67;A0A047MKL6;A0A056CNU4;A0A050IIX5;A0A039G9B7;A0A038Y4S8;A0A058J796;A0A048DJX0;A0A048KWE5;A0A057FIF3;A0A050IH99;A0A058F2R7;A0A071Y1C5;A0A054XFF6;G2MYQ0;A0A038PPA7;A0A054PX99;A0A051IND0;A0A051LZ24;A0A043PM41;A0A8E0C2C8;A0A055ZB84;A0A046E3A6;A0A056ZY00;A0A057GN26;A0A042IKS1;A0A055JS66;A0A042N828;A0A043LCA9;A0A044BWK0;A0A053E1B4;A0A056W7M1;A0A071PEH2;A0A071PSP7;A0A054B8S0;A0A056TI53;A0A047GWS6;A0A056VEI9;A0A044Y745;A0A046R844;A0A058IV74;A0A052NJS1;A0A056AL34;A0A042JS95;A0A040L8E6;A0A050WRH6;A0A053BWZ4;A0A055NWN1;S5F1D1;A0A058GCS0;A0A1Q2B536;A0A051GSM9;A0A053SF13;A0A040PWU8;A0A042HD85;L0TCY1;A0A047DQQ5;A0A071TZL8;A0A045Z1Y5;A0A049BAH0;A0A071US01;A0A045T6V1;A0A057UX71;A0A046PD41;A0A038REA0;A0A041L366;A0A044E3V6;A0A054LF38;A0A047WG07;A0A079KAX4;A0A040Z995;L0NZD0;A0A042YHX1;A0A050YUH0;A0A039CYK0;A0A052W4A2;A0A051EDP0;A0A052G2L1;A0A041J9F0;A0A058PPW0;A0A051DHH8;A0A052MFZ7;A0A049DLH0;A0A055EJ41;A0A045A4E8;A0A043JB27;A0A057Z4F8;A0A071WGD7;A0A058MC39;A0A038SMY1;A0A054UF16;A0A050Q575;A0A052F143;A0A043QIC3;A0A043HH80;A0A055KEL6;A0A049G1A1;A0A050TT23;A0A043D601;A0A050YM41;A0A0H3M9E9;A0A041B7U2;A0A052CC25;A0A047VGT1;A0A045QJM3;A0A046GJZ9;A0A055P2C7;A0A045G6W7;A0A046B8T1;A0A053TYW5;A0A058Q271;A0A045MQB0;A0A050H2U5;A0A055WAQ3;A0A045B9K2;A0A042T1U4;A0A053P4W0;A0A046VCP2;A0A040S443;A0A047RGA0;A0A057JUM2;A0A053DQ15;A0A053EB83;A0A056QBK1;A0A045LSE8;A0A071Z4B3;A0A039TIH8;A0A050S2Y1;A0A049YKP5;A0A047B4Y6;A0A049IQR0;A0A041X6V5;A0A054M8D6;A0A042N757;A0A046GHA7;A0A042LEU0;A0A040GNZ7;A0A049KY91;A0A051P9J4;A0A057L643;A0A1Q1X0P7;A0A055F6Q5;A0A044WD44;A0A052EPI8;A0A046NF15;A0A053PJM6;A0A049HPR7;A0A051BMM9;A0A051B3Z6;A0A057ARR2;A0A056Z2Q1;A0A046HCD3;A0A0K2I1T4;A0A038F661;A0A039WA34;A0A041WW95;A0A039VFT0;A0A045DSW2;A0A055RQC2;A0A058JZH5;A0A047AB46;A0A1Q1US50;A0A7S8CHB4;A0A038TU09;A0A042JAV2;A0A048MWF8;A0A040UKT7;A0A051CL65;A0A046W3R9;A0A048U9X2;A0A049UMI9;A0A044T9T8;A0A048LFJ6;A0A052BE19;A0A044KBE6;A0A051KQR0;A0A057XIJ7;A0A058M9C7;A0A041CPT2;A0A045YRL8;A0A045BE68;A0A055PPE1;A0A047PND3;A0A044CWV2;A0A053D8F5;A0A041I3B1;A0A046QAF5;A0A044ATL6;A0A050IVC0;A0A056PEA9;A0A051JNY7;A0A057NLA0;A0A042UL13;A0A052NXU0;A0A050SR21;A0A049B780;A0A040NFY7;A0A0H4XVF4;A0A042IZC6;A0A045WVA8;A0A043JBK8;A0A053WDP6;A0A041SZ29;A0A049EPD0;A0A055TUL0;A0A040MVT3;A0A039F9C7;A0A045F041;A0A046LID5;A0A054PIG9;A0A053BRF3;A0A055V7S2;A0A044C472;A0A046KXY9;A0A051ZD52;A0A055XX68;A0A046T929;A0A051SC41;A0A054G9I4;A0A047ZIR4;A0A056V5A3;A0A048G1Z3;A0A051NMY7;A0A047VM67;A0A050L161;A0A043D1S9;A0A038M9R5;A0A040JQJ9;A0A040TL84;A0A040ZCR3;A0A048PPP9;A0A057INE5;A0A7U4CCY0;A0A040ISE5;A0A039D7U2;A0A044FW20;A0A050P9P7;A0A051KQZ8;A0A046AI63;A0A056Q4P6;A0A048QN77;A0A041G7V9;A0A057MGA9;A0A052KJ75;A0A044U143;A0A044WTL1;A0A046D487;A0A056TZM1;A0A058KLW0;A0A050KFK9;X2BPU6;A0A056J9T8;A0A039NU46;A0A058H8J6;A0A044NDY7;A0A047ZG75;A0A056QZH7;A0A055J509;A0A041KY43;D7EWN0;A0A052AZ48;A0A056EMV5;A0A047JT41;A0A044RMB0;A0A043M829;A0A040YI98;A0A0H4G668;A0A049T7V5;A0A042PFL2;A0A053QA22;A0A045PD48;A0A055BZY9;A0A071N986;A0A046URE8;A0A052BLK7;A0A040CM71;A0A045MS61;A0A056EHD6;A0A048MHP1;A0A039QQ04;A0A047HJN7;A0A043K641;A0A040PBU6;A0A056KCB4;A0A041BPX4;G2UQG0;A0A052WN57;A0A071MWM5;A0A046GXX4;A0A046IE79;A0A039KW79;A0AAP5F280;A0A1Q1VEV0;A0A047BVK9;A0A053M854;A0A048ACX3;A0A057H2C5;A0A041XYH6;A0A051C7U7;A0A052Y3D0;A0A046XMS0;A0A046TND3;A0A047L2U4;A0A055JUB9;A0A050CP37;A0A051IMR3;A0A058C0T5;A0A046YF47;A0A048HUJ0;A0A054AI79;A0A056ARH3;A0A040XD19;A0A043FLQ5;A0A057QWB7;A0A046TT63;A0A039MTQ9;A0A039WU03;A0A042NRH7;A0A053CN19;A0A081GCM3;A0A040FUH6;A0A047GVT6;A0A048ZRH4;A0A055YAG4;A0A042E3W1;A0A045PLX8;A0A042B7L5;A0A051Q476;A0A043WKM9;A0A039JIU6;A0A041ZPT8;A0A046NR02;A0A044GUD4;A0A051F9Q1;A4KM52;A0A056EJT4;A0A042ZB76;A0A052VYW8;A0A1Q1Y9Q9;A0A044EUW9;A0A041HIG2;A0A041NYN0;A0A042Z452;A0A045BY78;A0A056C1V6;A0A056K165;A0A071X1B7;A0A052PWK5;A0A049GU06;A0A043K4S8;A0A054RNA4;A0A040BN83;A5U8P0;A0A044XCB0;A0A051W9E7;A0A053KEF5;A0A043TLW3;A0A038QWZ8;A0A050DWA6;A0A056TW25;A0A038LJW4;A0A043MYA5;A0A053J1R5;A0A045W862;A0A051RCC3;A0A056HJR3;A0A055MV62;A0A058SE01;A0A041ZN07;A0A046K874;A0A038VRS0;A0A057TNH2;A0A050PU54;A0A053J893;A0A045SUX8;A0A040LDJ9;A0A039ADF3;A0A042P503;A0A048CUJ4;A0A047Z9B7;A0A052S0C3;A0A056V712;A0A057J4R7;A0A043ULS6;A0A054NPB0;A0A045QI43;A0A043CFJ4;A0A050W945;A0A040R947;A0A054EG39;D5ZAD9;A0A056SD77;A7Y0Q9;A0A040F1B1;A0A046FIL0;A0A041T1H3;A0A058AI03;D5Y9G4;A0A1S1B8L1;A0A046HCU2;A0A042ACQ9;A0A049M6P2;A0A055H573;A0A038ULX8;A0A044N456;A0A052V4T6;A0A048WRA9;A0A050PDN2;A0A048SED7;F7WE71;A0A053VLS5;A0A057SRK3;A0A050GMP9;A0A8S8LS77;A0A053B533;A0A056A4H5;A0A043HIH4;A0A071YYH6;A0A039SMP0;A0A047QI17;A0A058NVV7;A0A1Q2A6P3;A0A051G8T4;A0A045VER5;A0A047ES77;A0A038QGW9;A0A057UXZ2;A0A039ZGN8;A0A046MV97;A0A056VXD2;A0A039U8D5;A0A040WEG3;A0A052R2A1;A0A042R2S1;A0A039HR12;A0A044ZB40;A0A052UZ04;A0A042IKU4;A0A043EHP6;A0A044F2B7;A0A042BX68;A0A047QXK5;A0A053KJI9;A0A043UNT9;A0A041UMS7;A0A071WMS2;A0A039HJF2;A0A047F043;A0A043VI37;A0A051NFP4;A0A044M9K6;A0A047THN8;A0A047UMB6;A0A053G2I8;A0A054IKJ3;P0A5L9;A0A056NKV9;A0A052E070;A0A051T1R3;A0A040A857;A0A071TG13;A0A044V4M6;A0A071TDP7;A0A045ZY59;A0A050XXR3;A0A8E0AH22;A0A039WQ01;A0A057TMC1;A0A052TU91;A0A043ESH9;A0A055A4U2;A0A071TU09;A0A048WZZ5;A0A054AE64;H6S9G2;A0A047MZN5;A0A048H7B0;A0A044I4J8;A0A052VLC2;A0A052P5Z0;A0A054LJX5;A0A044MQ03;A0A050W8M8;A0A1Q1Z8B5;A0A042C790;A0A056LD09;W6HJY9;A0A041AS55;A0A040NYF0;A0A058AEZ0;A0A039H135;A0A050WKI0;A0A038Z876;A0A055DT55;A0A044N1Z3;A0A053CGA7;A0A046LU72;A0A055SMN4;A0A057YUT8;A0A058GUB5;A0A044H3W5;A0A051UAX7;A0A041QYK4;A0A048X7T0;A0A047LK62;A0A054ZTY9;A0A051H8S8;A0A054GDD4;A0A050Z9X5;A0A038USC6;A0A053W5R7;A0A056RYB5;A0A071YLR8;A0A041KCU1;A0A049PQ81;A0A083VST7;A0A052LAP8;A0A056BCJ3;A0A679LJP3;A0A043FXE5;A0A040MNY4;A0A053TNU4;A0A057LQG3;A0A048Q203;A0A046F9A8;A0A052QCF6;A0A043A1T3;A0A038M298;A0A056LKY7;A0A042QJ81;A0A048ALV9;A0A058MSM2;A0A052ML68;A0A047IRU7;A0A055U372;A0A051RLA7;A0A050UGH5;A0A044CDQ0;A0A055R826;A0A040LVP0;A0A048Z381;A0A042V7D3;A0A056PQ05;A0A056DA33;A0A041EZ46;A0A052APC1;A0A054IUK2;A0A052WLU5;A0A058IMS5;A0A040HW35;A0A049WZ78;A0A049ZYP2;A0A051HTC0;A0A057DZP0;A0A048T865;A0A050D1A2;A0A038SXS9;A0A038X0N5;A0A047LAP0;A0A056J9X2;A0A057SD11;A0A043XRS6;A0A048H944;A0A053PVT5;L0Q1L5;A0A042XA66;A0A044ZQ80;A0A052T7W2;A0A050FIK5;A0A049AGZ6;A0A056GJ68;A0A041H8L8;A0A058QMK5;D6EYR3;A0A056H1K9;A0A039EGZ1;A0A039YT55;A0A047YIA0;A0A050MAR2;A0A047J2C8;A0A038R4K0;A0A039QGM9;A0A046ULD5;A0A1Q1QB89;A0A049HFC7;A0A071NWC9;A0A049N157;A0A043BSJ7;C1AI24;A1KPQ1;A0A050U132;A0A041UVJ8;A0A048W8X8;A0A053XM22;A0A071VLE2;A0A047G1B7;A0A038X5Q0;A0A039IS19;A0A057ITJ1;A0A074SHG3;A0A044QV68;A0A057KFJ7;A0A047D2F8;A0A049P7N3;A0A056YX45;A0A052RF49;A0A041LF11;A0A045L2K6;A0A043M5I8;A0A058LF13;A0A058PEN3;A0A039UFU7;A0A047BQX7;A0A039NDG4;A0A3G2XMA6;A0A044J1W8;A0A048HVN9;A0A048XV97;A0A039XXJ1;A0A053V6V8;A0A049CW53;A0A041ANB8;A0A042RAI0;A0A047XRQ8;A0A051LGQ3;A0A057AIG6;A0A057CFI9;A0A056MBP7;A0A049TCW8;A0A051FBZ2;A0A050H3U7;M8DAI2;A0A052PRW5;A0A058B9X3;A0A039IDR5;A0A041PUL9;A0A041XU77;A0A057ELW9;A0A041JSI3;A0A040T0F7;G7R0W6;A0A049JB68;A0A049PJ52;A0A058LDZ2;A0A1Q2BSF8;A0A043B0I6;A0A1Q1QM40;A0A044B5F8;A0A046DZC4;A0A039TJ20;A0A043VP14;A0A054IUN3;A0A039R5A5;A0A054DXS1;A0A058JUJ5;A0AAW8I0I4;A0A044P770;A0A048JX27;A0A047JPZ2;A0A048EDH1;A0A058NSU2;A0A040ZVB4;A0A044G2V7;A0A044TCV1;A0A053F1A1;A0A0F7QH96;A0A043WV03;A0A048KXU6;A0A040FAG6;A0A054B0B0;A0A053XZ08;A0A056R2B3;A0A043DQR9;A0A042F7X2;A0A055YTJ4;A0A048RUC5;A0A050DBM1;A0A040UF86;A0A044L0U7;A0A047DQ89;A0A052BKI6;A0A051SNB8;A0A039AD82;A0A049G4D7;A0A058D0A4;A0A054UHN9;A0A056KKK0;A0A041IXM4;A0A049FLK0;A0A051XVU3;A0A1Q1SIE4;A0A056L113;A0A052TAA7;A0A055M5R5;A0A044DTF4;A0A072B5B9;A0A040S2V0;A0A039Q492;A0A042X8S3;A0A040UZ27;A0A056U9Q6;A0A071NPV9;A0A047E3D6;A0A040R1D0;A0A055WUZ6;A0A048BWL9;A0A049HE19;A0A055HP92;A0A039ZAH6;A0A047CEL0;A0A1Q1R9F8;A0A038MPU5;A0A044PVF1;A0A197IT35;A0A040C9B2;A0A048UUR5;A0A057GC25;A0A047WMT9;A0A1A9ECS7;A0A049TT42;A0A046S3C7;A0A040N0L8;A0A042B3T0;A0A071RDC6;A0A040EFF4;A0A047APS5;A0A041MQ64;A0A044KW57;A0A048Y0L3;A0A048IS18;A0A042GF60;A0A049AY02;A0A057DE03,131567,cellular organisms,Unresolved,Unresolved,False,True,False,False,9C8D98E3256D088A,0.996306479,0.9501248002052308,171
7968,06FA01BE9DC7BEB9,195,UniProtKB/Swiss-Prot (reviewed representative),UPI0000139BDA,Q98M84;A0A7R7BP88;Q98M84,68287,Mesorhizobium,Bacteria,Pseudomonadota,False,False,False,False,06FA01BE9DC7BEB9,0.99403888,0.950118362903595,172
7107,52E28C641101DBAF,211,UniProtKB/TrEMBL (unreviewed representative),UPI00003B231A,W3TSH8;Q6FZS3;A0A067WP07;W3TR98;W3TZJ9;A0A067WW87;Q6FZS3;W3U2Z2;A0A067X6R9;A0A067XDE9;W3U568;A0A067X722;A0A067XCZ3;A0ABR4SSR6;A0A067WUK9;A0A2X4ALN8,803,Bartonella quintana,Bacteria,Pseudomonadota,False,True,False,False,52E28C641101DBAF,0.993889987,0.9499363303184508,173
103,433C816243C141B2,4151,UniProtKB/TrEMBL (unreviewed representative),UPI00026E0EF7,A0A050JR77;A0A051Y7H6;A0A056ML83;A0A055N7P5;A0A1Q1XV14;A0A1Q1ZR94;A0A053EFX0;A0A1Q1WJQ0;I6XD69;A0A049I3Q3;A0A1Q1X701;A0A1Q1R576;A0A051J6J4;A0A7U5Q7Q5;A0A051WGF2;A0A6B8Z7J6;A0A056AIR9;A0A071TX55;A0A057GYU4;I6XD69;A0A052WF02;A0A040MDV7;A0A055KUM5;A0A038XZH4;A0A7U4J2F8;A0A1Q1T1W2;A0A0Y0XPK2;A0A040SDU4;A0A047CQI3;A0A058G156;A0A057XWH5;A0A052WMP2;A0A055L2T2;A0A055VFT6;A0A1Q2ADJ3;A0A049TNE3;A0A039J452;A0A055S086;A0A7M0Q731;A0A2C5SG93;A0A054QZT7;A0A051MEI2;A0A056L9K0;A0A055SGL8;A0A7H5N0N1;A0A055HY93;A0A055IVH6;L0TA10;A0A1Q1QHZ3;A0A1Q1XI70,1773,Mycobacterium tuberculosis,Bacteria,Actinomycetota,True,True,True,False,433C816243C141B2,-0.005301282,0.9498345255851746,174
7538,37464809AA96FBFD,370,UniProtKB/TrEMBL (unreviewed representative),UPI0000007D1B,E1RR65;A0A6G9ZJG0;A0AAJ5QYS8;Q87BG9;A0A1M5MFW9;A0A7G4RSL7;B2I700;A0A0E3C681;A0A432KPM8;B2I700;F7N8T8;A0A0A0CHC2;A0A396SGJ0,2371,Xylella fastidiosa,Bacteria,Pseudomonadota,False,True,False,False,37464809AA96FBFD,0.697122157,0.9497937560081482,175
3951,37464809AA96FBFD,370,UniProtKB/TrEMBL (unreviewed representative),UPI0000007D1B,E1RR65;A0A6G9ZJG0;A0AAJ5QYS8;Q87BG9;A0A1M5MFW9;A0A7G4RSL7;B2I700;A0A0E3C681;A0A432KPM8;B2I700;F7N8T8;A0A0A0CHC2;A0A396SGJ0,2371,Xylella fastidiosa,Bacteria,Pseudomonadota,False,True,False,False,37464809AA96FBFD,0.697122157,0.9497937560081482,175
1201,91783CF0F64A5F8C,2451,UniProtKB/Swiss-Prot (reviewed representative),UPI00091977B1,A0A1L7U4V5;A0A1L7U4V5,192010,Fusarium mangiferae,Eukaryota,Ascomycota,False,True,False,False,91783CF0F64A5F8C,-0.004763331,0.949551284313202,176
5991,1F08E3E0E930FEF9,313,UniProtKB/Swiss-Prot (reviewed representative),UPI00006C0045,Q28PU4;Q28PU4,290400,Jannaschia sp. (strain CCS1),Bacteria,Pseudomonadota,True,True,True,False,1F08E3E0E930FEF9,0.995094836,0.9493367075920104,177
1253,9A7A31D360C2BAFD,3977,UniProtKB/Swiss-Prot (reviewed representative),UPI001C7670FB,A0A8F4S8Q3;A0A8F4S8Q3,5077,Penicillium citrinum,Eukaryota,Ascomycota,True,True,True,False,9A7A31D360C2BAFD,-0.004785636,0.9492189288139344,178
3584,5747A91861E032EB,309,UniProtKB/Swiss-Prot (reviewed representative),UPI0000E7A857,A8GKF8;A0A409RU15;A0IUX0;A0A379ZRK7;A8GKF8,702656,compost metagenome,Unresolved,Unresolved,True,True,True,False,5747A91861E032EB,0.996091425,0.9487292766571044,179
5674,2F2E4C88726D2E2E,309,UniProtKB/TrEMBL (unreviewed representative),UPI000018FA95,F5QBF8;A0A5C2EKV7;I6CSQ3;A0A222RMG6;E3Y439;F5PWK1;I6G952;F5PH95;J2YWM0;I0VJI7;D2AD85;A0A0C7MXW6;A0A226KH09;A0A0G3KT24;A0A200LB93;F5MT71;A0A4P7TRD9;Q7UBA4;A0A822PNF6;F5R480;Q0SXZ2;A0A127GS96;A0A2Y3BFZ4;A0A7G6JM28;A0A0F6MJT5;Q0SXZ2;F5QPN6;A0AB36PLZ9;A0A2Y3A8W4,543,Enterobacteriaceae,Bacteria,Pseudomonadota,True,True,True,False,2F2E4C88726D2E2E,0.996483386,0.947976291179657,180
4500,17A33A3FEEF5B7DA,309,UniProtKB/TrEMBL (unreviewed representative),UPI000191A926,A0AAE5AP17;B9JUF7;A0A7K1QK04;A0ABD6H624;A0A202EZN7;B9JUF7;A0A1S2EM91,227290,Rhizobium/Agrobacterium group,Bacteria,Pseudomonadota,True,True,True,False,17A33A3FEEF5B7DA,0.995925963,0.947734832763672,181
1686,DE7716C383776851,3812,UniProtKB/Swiss-Prot (reviewed representative),UPI00022857AE,G0REX6;G0REX6,431241,Trichoderma reesei (strain QM6a),Eukaryota,Ascomycota,True,True,True,False,DE7716C383776851,-0.004395316,0.9474616050720216,182
2808,D21CD254CC08FDA1,308,UniProtKB/Swiss-Prot (reviewed representative),UPI0000554E3C,A1BAL9;A0A510YY96;A1BAL9;Q3PCQ3;A0A3R5UPP9,265,Paracoccus,Bacteria,Pseudomonadota,True,True,True,False,D21CD254CC08FDA1,0.995882213,0.9472541809082032,183
4329,11C3AC89B4ADBB08,309,UniProtKB/TrEMBL (unreviewed representative),UPI00005EEE43,A0A070SZA7;H5IBK9;K3PKE7;J2XFP2;A0A027WTP7;A0A833K168;K4XY11;A0A8E0KSK7;L1VUK1;L4AMP1;A0A8F2TV08;N3MM31;A0A7U8SZ77;A0A070J6G6;A0A062YWX4;N4RS26;A0A026FDV4;E7HV35;A0A1Z3ZGV4;G5WDU3;V5FE34;V2QKQ6;A0A2S1VU51;A0A073W0Z4;L2B6T2;A0A026Q8F7;A0A031PAV4;I4RQP2;A0A556YH49;V0XJ07;M8KCW0;I2PFQ3;F9I5M7;A0A025ZJI3;V4XFS8;I2X1M7;E8Y5L3;A0A0E1H272;A0A028D0E1;A0AAD1LRE3;H5BG38;A0A070G7I5;N1T8W4;M8TI47;B3IGK2;A0A026MKX8;A0AAN1SA28;A0AAN4CIC1;A0AB33Y277;A0A028MXZ1;A0A031N218;A0A070YY19;A0A027WVZ2;A0A031PGR2;A0A070QS19;A0A025AZP6;H5HXH9;M5HVN9;A0A026AAY4;N3LHW6;A0A028SDM1;A0AAE5ZVL3;A0A064PSV6;N4IDD9;M9KWP4;I2TXB5;T7GEM2;H4FQR5;N3BAQ8;V6NAT2;L4PKS7;W1EY38;A0A017MD35;A0A031N610;H5A514;A0AAD2UBW6;H5FMN4;A0A029PVF3;A0A028LGR2;A0A028NC57;H4XTN9;A0AAE6AGU5;L1WYJ0;N3MV75;L5D3Y6;L1ZH93;A0A070WR76;H4Y9F5;A0A028SVN8;A0A7U9J0B3;M8QYW3;G5U5C0;A0A028REN7;A0A4P8BHX2;M7VD88;A0A074DNT2;I4RSP0;H5DSG6;A0A070LX90;U1I126;G1ZCR0;T5YAW4;H5LV09;H5F7B2;A0A028BPQ9;A0A0H4S5B0;A0AAP7VR33;M8KGB5;A0A069X3T3;L1WXV5;A0A025BFI5;N3VNQ5;N4SZB7;A0A080DEH8;H5R2K8;E7UIR6;A0A070M0T7;A0A062YJP2;L1ZAP0;A0A4S7V5G4;A0A8A5IVI8;H5IS09;N4K0C8;A0AAJ3ZJ93;A0A074HIU0;K4VEI9;H5K6S3;N2D8X6;M8SJL1;A0A028UX38;A0A0F6VCG7;A0A331AXM2;M9EAJ4;N3K5U1;B3WJ73;F8YNE2;A0A070D3U8;H5RHY6;A0A074A6U9;V2QM33;A0A3W3LNC1;I4NL56;K4WV07;A0A070FJA4;A0A9P2VTK0;A0A028QZ98;I4S896;A0A236APR6;A0A029NL69;E0MD89;N4KV61;A0A028CDU6;A0A028NPK5;H5N1V5;N4P5P9;N3WRA3;A7ZUM6;A0A027VY81;F8X8J5;A0A026RI46;I2VG01;I4QFW6;N2X2W4;N4K3Z2;T8XA40;A0A026G8S9;F4NJT2;A0A070Q0H2;A0A7U8QNY1;M9BWG0;A0A7Z6M276;W0ZJW7;B7M7R7;T9L3L7;M9HEH7;G5UFS0;A0A025UB59;T7CDB7;A0A0A8UHI1;N3BZ30;N3T6A6;A0A026GEP0;A0A070NCT0;A0A028AJI0;A0A9P2IET2;L3I1H2;A0A028U9F9;S4ALE4;H5JBV8;A0A080D2K8;E1I918;H5CUU3;A0A070XNN2;H5B2J4;A0A073PQX3;A0A7U8N631;T2G485;T9XPL5;L4C7I2;T7V253;A0A7U8P3H8;H1F4H0;N3C933;D6I3Q1;A0A028MHE3;A8A7A9;I2THS2;N2NRQ9;A0A026UW21;A0A027UI64;T7FDW1;A0A026E5D3;H4WZ96;M5HAM4;N3AMN1;D7YQT7;L1YDL6;H5M8V1;U9Z754;A0A026JM62;E7IU61;I4NDU6;G5TR54;L4NBV8;A0A026UAG9;M9C858;N1SRH6;A0AA35AQS7;N2LEV3;N3UL02;A0A1H0I9S6;G5WLS4;L5HPB7;A0A025XZD3;H5NXM8;A0A071EAX8;A0AAN3M8J5;A0A073QCI0;L5C852;M8P9E4;N3WTP7;I4Q8T6;A0A026IQN8;A0A029M0C8;A0A1X3KV59;G5YA95;M9JQH7;A0A097GDB1;S1BA02;A0A078Z9H9;N2L156;A0A028KMM2;G2A7D4;N4M0D9;A0A070F0D3;I2UCC0;A0A8B3K957;A0A071DGU2;L2VS74;N2L691;A0A0C3RJB6;H4Z497;M9HBV4;A0A027TEG9;G5YVH6;A0A028Q266;U1HLK6;A0A025YUX4;V8F0P2;A0A4Y9I4K1;M9K434;M5IJY1;A0A027VAT6;L2D6S8;A0A070KYD9;A0A6B8WG21;N3IL26;N4JEJ0;A0A025A2Y3;A0A070DXT1;N3PSP7;A0A3R0G029;K4Y3L5;N4NAH9;A0A079D6H0;M9IN57;E0J0I6;N3F545;H5QMB5;I2T1C5;M8QEB4;M8W9C3;A0A028R6T5;T6V220;A0A510H665;A0A8E0HSW6;N2K8Q9;N3WHY9;T7TEC6;G5UZG8;L1VPT3;A0A070S2Y7;A0A026S4D9;L2CSA1;T9BHB9;N3UFU4;A0A0C3LZ46;G2BX71;A0A025YQX6;G5XKG2;H5PCF9;D8EV98;G5X1D7;A0A026QIN5;H5J9L2;A0A071FQ30;I4TKA9;A0A829CN67;M9F8N2;A0A026GSB9;A0A028T7Y3;V6N898;V0T774;M8TW41;A0A078VJC4;A0A027U916;A0A069TWW2;H5HFI9;A0A7H8SQH8;H5GZY9;A0A028FD70;I6FR34;N3RKT9;A0A3D2T3U5;K4X1J7;A0A028S7C6;A0A3W2RDA6;A0A1S0UP78;A0AAD2ZAB9;H5PSX1;H5L1R3;T6XGM1;A0A025RXM4;C8TMP8;A0A026HJS1;L2BG47;T5RTC5;L1VQX6;A0A026CAZ4;A0A6C8HB08;A0A7L7XAQ9;N3SAP5;M9GNG2;N4LCX4;A7ZUM6;M9A6L8;A0A028CAM6;N2SCP5;A0A1X3HWY4;N2JRL5;N3VDJ7;A0A064RPG3;A0A026IN13;U0M3A7;N3LXS3;A0A029FSK8;M8WB43;N3QJ87;N4JVN2;A0A028B3X9;A0A079GNL2;H5Q8V6;L2DNW2;N3XGU8;S0S8T4;S4ATL1;A0A7U5LXN9;M8JTA5;A0A4P8AMK1;N2ZNI4;A0A026X9A8;L2CFM8;A0A070DI99;A0A026B811;L4I171;E9W141;A0A026JCS7;A0A079HN93;A0A027VWU3;I0VXZ1;A0A029PWY5;I2RRF9;A0A031NMT9;H5D0W2;A0A079HVM0;N3J704;A0A0E2U9W8;I4UL19;A0A028LCY9;D8EA64;L3EKD3;I3A681;L1Y934;M7UMF6;N3S1Y7;E9X8C2;A0A025T1E4;L2BWY7;K0BF55;M9AUH1;J7QTW5;N2PZR2;N2YUP2;U0E818;A0A079JNL7;N2XB02;A0A025AP71;T8P178;A0A7U5WUV8;M8TM37;G1ZTU7;B3HER1;U0ZUW1;N3Y032;F4VLZ6;A0A1R1UQP1;U9VD60;J9ZSJ0;A0A028AXR5;L2ACR1;H5ALR7;A0A073G5M5;N2GNT5;A0A028PZU0;A0A026PJT1;G5VHJ9;N4HES6;V6Q1T1;A0A9Q5U9N8;T6L4R3;A0A026SY32;I4QGE2;A0A064M778;A0A7U9B800;A0A222QT15;M9L319;F9CQT8;A0A026RU87;A0AAN3IWJ3;H5KM07;B3I344;V0XEJ3;A0A026KHG4;H5C4G3;I2UZ18;A0A028NPY5;A0A0T5JMB7;A0A358K7P8;L4F3Y7;N3ETA4;V4BPM2;A0A0N2DF32;N4SNE0;A0A070HS17;M8UEZ9;N2YWQ1;A0A028DT65;A0A080I5Q8;M8X1A3;A0A080CS02;G5ZEZ4;A0A3W4P2S8;A0A025G505;H5GK43;L2E443;N6WEP7;M8Z6I1;N3BTZ6;A0A064TF76;A0A0B5K3G8;G2ANQ4;A0A070BQ47;A0A2S1VAH2;I2SR67;A0A2A2XQQ1;G5Y4J9;A0A7U8N2A8;A0A836N8X6;G1YH58;A0A026YX50;C8UKR0;A0A070J1F4;A0A828URP9;N3T0U9;A0A070FTA9;A0A1X8VQ74;F4UW01;A0A074EH30;N3NFR6;A0A070K6S8;A0A026UAH0;A0A365Q6S1;I6GCW2;K4Y5S3;I2XPU4;C8TZU0;A0A073ZG47;E6BLY0;A0AAN3V8Z8;A0AAD0NV71;A0A026HQC7;K4Y764;M9CHN8;K4X3Q8;L1YEI9;A0AAC9ZJK6;K0AV36;A0A1S6TIF7;V6WMV0;A0A5B7PMV7;H5NHG3;A0A028Q324;A0A6H2GK06;B7LAV1;A0A073XV23;A8A7A9;A0A074GZT2;A0AAE6EA33;E1IS92;A0A080EQ55;A0AAE6AJ79;A0A029HKZ3;T8KHI1;U9YGS3;J7QAX9;H5EA63;A0A080FHB2;M8VXX8;T8FXV5;N3VNT4;A0A027Z2B5;A0A028M872;A0A0E2A1X1;T6U9M9;A0A028EIW5;A0A027YPH0;N4IV72;A0A026NFE6;A0A7U8MHK4;L4ZF23;N4N7W7;E1J2Z2;A0A073FZ82;A0A080EC94;I2S7N8;M2N2S8;G5VWY9;A0A027W604;E7JBJ4;V5G158;A0A028U494;M8X4J7;H5MN87;A0A024Z7X8;A0A074UCV0;L1X3C9;N3U8B9;A0A3D8XDZ4;M4JGM5;N2P0B6;V8FFH7;A0A028TQY7;K3JX07;A0A0E0XTW8;K3U3X8;B7M7R7;G5ZUL0;A0A028KE89;A0A0E0Y5K6;H4YP06;L2AIA7;A0A070GPV7;M8QRM5;N2EPG0;M9CGL6;V6FRV7;I1B768;A0AA92GEE5;A0A070BP33;L4FN28;A0A029GNF9;S1BF36;W1SWW8;A0A8E0G182;A0A026V433;A0A078YE31;M9DQ39;L3UFT5;M9II23;A0A029J4K9;A0A027UVK3;A0A028DJU9;A0A7Z8DQM4;A0A070XET5;L1ZPK3;A0A8A5I5Z8;H5ES61;I2WGP6;H5BYZ0;L4HCS0;H5G534;B7LAV1;A0A028AM58;A0A079BYZ3;A0A073QAE6;A0AAD2ZEZ7,543,Enterobacteriaceae,Bacteria,Pseudomonadota,True,True,True,False,11C3AC89B4ADBB08,0.996898353,0.946924328804016,184
4351,11C3AC89B4ADBB08,309,UniProtKB/TrEMBL (unreviewed representative),UPI00005EEE43,A0A070SZA7;H5IBK9;K3PKE7;J2XFP2;A0A027WTP7;A0A833K168;K4XY11;A0A8E0KSK7;L1VUK1;L4AMP1;A0A8F2TV08;N3MM31;A0A7U8SZ77;A0A070J6G6;A0A062YWX4;N4RS26;A0A026FDV4;E7HV35;A0A1Z3ZGV4;G5WDU3;V5FE34;V2QKQ6;A0A2S1VU51;A0A073W0Z4;L2B6T2;A0A026Q8F7;A0A031PAV4;I4RQP2;A0A556YH49;V0XJ07;M8KCW0;I2PFQ3;F9I5M7;A0A025ZJI3;V4XFS8;I2X1M7;E8Y5L3;A0A0E1H272;A0A028D0E1;A0AAD1LRE3;H5BG38;A0A070G7I5;N1T8W4;M8TI47;B3IGK2;A0A026MKX8;A0AAN1SA28;A0AAN4CIC1;A0AB33Y277;A0A028MXZ1;A0A031N218;A0A070YY19;A0A027WVZ2;A0A031PGR2;A0A070QS19;A0A025AZP6;H5HXH9;M5HVN9;A0A026AAY4;N3LHW6;A0A028SDM1;A0AAE5ZVL3;A0A064PSV6;N4IDD9;M9KWP4;I2TXB5;T7GEM2;H4FQR5;N3BAQ8;V6NAT2;L4PKS7;W1EY38;A0A017MD35;A0A031N610;H5A514;A0AAD2UBW6;H5FMN4;A0A029PVF3;A0A028LGR2;A0A028NC57;H4XTN9;A0AAE6AGU5;L1WYJ0;N3MV75;L5D3Y6;L1ZH93;A0A070WR76;H4Y9F5;A0A028SVN8;A0A7U9J0B3;M8QYW3;G5U5C0;A0A028REN7;A0A4P8BHX2;M7VD88;A0A074DNT2;I4RSP0;H5DSG6;A0A070LX90;U1I126;G1ZCR0;T5YAW4;H5LV09;H5F7B2;A0A028BPQ9;A0A0H4S5B0;A0AAP7VR33;M8KGB5;A0A069X3T3;L1WXV5;A0A025BFI5;N3VNQ5;N4SZB7;A0A080DEH8;H5R2K8;E7UIR6;A0A070M0T7;A0A062YJP2;L1ZAP0;A0A4S7V5G4;A0A8A5IVI8;H5IS09;N4K0C8;A0AAJ3ZJ93;A0A074HIU0;K4VEI9;H5K6S3;N2D8X6;M8SJL1;A0A028UX38;A0A0F6VCG7;A0A331AXM2;M9EAJ4;N3K5U1;B3WJ73;F8YNE2;A0A070D3U8;H5RHY6;A0A074A6U9;V2QM33;A0A3W3LNC1;I4NL56;K4WV07;A0A070FJA4;A0A9P2VTK0;A0A028QZ98;I4S896;A0A236APR6;A0A029NL69;E0MD89;N4KV61;A0A028CDU6;A0A028NPK5;H5N1V5;N4P5P9;N3WRA3;A7ZUM6;A0A027VY81;F8X8J5;A0A026RI46;I2VG01;I4QFW6;N2X2W4;N4K3Z2;T8XA40;A0A026G8S9;F4NJT2;A0A070Q0H2;A0A7U8QNY1;M9BWG0;A0A7Z6M276;W0ZJW7;B7M7R7;T9L3L7;M9HEH7;G5UFS0;A0A025UB59;T7CDB7;A0A0A8UHI1;N3BZ30;N3T6A6;A0A026GEP0;A0A070NCT0;A0A028AJI0;A0A9P2IET2;L3I1H2;A0A028U9F9;S4ALE4;H5JBV8;A0A080D2K8;E1I918;H5CUU3;A0A070XNN2;H5B2J4;A0A073PQX3;A0A7U8N631;T2G485;T9XPL5;L4C7I2;T7V253;A0A7U8P3H8;H1F4H0;N3C933;D6I3Q1;A0A028MHE3;A8A7A9;I2THS2;N2NRQ9;A0A026UW21;A0A027UI64;T7FDW1;A0A026E5D3;H4WZ96;M5HAM4;N3AMN1;D7YQT7;L1YDL6;H5M8V1;U9Z754;A0A026JM62;E7IU61;I4NDU6;G5TR54;L4NBV8;A0A026UAG9;M9C858;N1SRH6;A0AA35AQS7;N2LEV3;N3UL02;A0A1H0I9S6;G5WLS4;L5HPB7;A0A025XZD3;H5NXM8;A0A071EAX8;A0AAN3M8J5;A0A073QCI0;L5C852;M8P9E4;N3WTP7;I4Q8T6;A0A026IQN8;A0A029M0C8;A0A1X3KV59;G5YA95;M9JQH7;A0A097GDB1;S1BA02;A0A078Z9H9;N2L156;A0A028KMM2;G2A7D4;N4M0D9;A0A070F0D3;I2UCC0;A0A8B3K957;A0A071DGU2;L2VS74;N2L691;A0A0C3RJB6;H4Z497;M9HBV4;A0A027TEG9;G5YVH6;A0A028Q266;U1HLK6;A0A025YUX4;V8F0P2;A0A4Y9I4K1;M9K434;M5IJY1;A0A027VAT6;L2D6S8;A0A070KYD9;A0A6B8WG21;N3IL26;N4JEJ0;A0A025A2Y3;A0A070DXT1;N3PSP7;A0A3R0G029;K4Y3L5;N4NAH9;A0A079D6H0;M9IN57;E0J0I6;N3F545;H5QMB5;I2T1C5;M8QEB4;M8W9C3;A0A028R6T5;T6V220;A0A510H665;A0A8E0HSW6;N2K8Q9;N3WHY9;T7TEC6;G5UZG8;L1VPT3;A0A070S2Y7;A0A026S4D9;L2CSA1;T9BHB9;N3UFU4;A0A0C3LZ46;G2BX71;A0A025YQX6;G5XKG2;H5PCF9;D8EV98;G5X1D7;A0A026QIN5;H5J9L2;A0A071FQ30;I4TKA9;A0A829CN67;M9F8N2;A0A026GSB9;A0A028T7Y3;V6N898;V0T774;M8TW41;A0A078VJC4;A0A027U916;A0A069TWW2;H5HFI9;A0A7H8SQH8;H5GZY9;A0A028FD70;I6FR34;N3RKT9;A0A3D2T3U5;K4X1J7;A0A028S7C6;A0A3W2RDA6;A0A1S0UP78;A0AAD2ZAB9;H5PSX1;H5L1R3;T6XGM1;A0A025RXM4;C8TMP8;A0A026HJS1;L2BG47;T5RTC5;L1VQX6;A0A026CAZ4;A0A6C8HB08;A0A7L7XAQ9;N3SAP5;M9GNG2;N4LCX4;A7ZUM6;M9A6L8;A0A028CAM6;N2SCP5;A0A1X3HWY4;N2JRL5;N3VDJ7;A0A064RPG3;A0A026IN13;U0M3A7;N3LXS3;A0A029FSK8;M8WB43;N3QJ87;N4JVN2;A0A028B3X9;A0A079GNL2;H5Q8V6;L2DNW2;N3XGU8;S0S8T4;S4ATL1;A0A7U5LXN9;M8JTA5;A0A4P8AMK1;N2ZNI4;A0A026X9A8;L2CFM8;A0A070DI99;A0A026B811;L4I171;E9W141;A0A026JCS7;A0A079HN93;A0A027VWU3;I0VXZ1;A0A029PWY5;I2RRF9;A0A031NMT9;H5D0W2;A0A079HVM0;N3J704;A0A0E2U9W8;I4UL19;A0A028LCY9;D8EA64;L3EKD3;I3A681;L1Y934;M7UMF6;N3S1Y7;E9X8C2;A0A025T1E4;L2BWY7;K0BF55;M9AUH1;J7QTW5;N2PZR2;N2YUP2;U0E818;A0A079JNL7;N2XB02;A0A025AP71;T8P178;A0A7U5WUV8;M8TM37;G1ZTU7;B3HER1;U0ZUW1;N3Y032;F4VLZ6;A0A1R1UQP1;U9VD60;J9ZSJ0;A0A028AXR5;L2ACR1;H5ALR7;A0A073G5M5;N2GNT5;A0A028PZU0;A0A026PJT1;G5VHJ9;N4HES6;V6Q1T1;A0A9Q5U9N8;T6L4R3;A0A026SY32;I4QGE2;A0A064M778;A0A7U9B800;A0A222QT15;M9L319;F9CQT8;A0A026RU87;A0AAN3IWJ3;H5KM07;B3I344;V0XEJ3;A0A026KHG4;H5C4G3;I2UZ18;A0A028NPY5;A0A0T5JMB7;A0A358K7P8;L4F3Y7;N3ETA4;V4BPM2;A0A0N2DF32;N4SNE0;A0A070HS17;M8UEZ9;N2YWQ1;A0A028DT65;A0A080I5Q8;M8X1A3;A0A080CS02;G5ZEZ4;A0A3W4P2S8;A0A025G505;H5GK43;L2E443;N6WEP7;M8Z6I1;N3BTZ6;A0A064TF76;A0A0B5K3G8;G2ANQ4;A0A070BQ47;A0A2S1VAH2;I2SR67;A0A2A2XQQ1;G5Y4J9;A0A7U8N2A8;A0A836N8X6;G1YH58;A0A026YX50;C8UKR0;A0A070J1F4;A0A828URP9;N3T0U9;A0A070FTA9;A0A1X8VQ74;F4UW01;A0A074EH30;N3NFR6;A0A070K6S8;A0A026UAH0;A0A365Q6S1;I6GCW2;K4Y5S3;I2XPU4;C8TZU0;A0A073ZG47;E6BLY0;A0AAN3V8Z8;A0AAD0NV71;A0A026HQC7;K4Y764;M9CHN8;K4X3Q8;L1YEI9;A0AAC9ZJK6;K0AV36;A0A1S6TIF7;V6WMV0;A0A5B7PMV7;H5NHG3;A0A028Q324;A0A6H2GK06;B7LAV1;A0A073XV23;A8A7A9;A0A074GZT2;A0AAE6EA33;E1IS92;A0A080EQ55;A0AAE6AJ79;A0A029HKZ3;T8KHI1;U9YGS3;J7QAX9;H5EA63;A0A080FHB2;M8VXX8;T8FXV5;N3VNT4;A0A027Z2B5;A0A028M872;A0A0E2A1X1;T6U9M9;A0A028EIW5;A0A027YPH0;N4IV72;A0A026NFE6;A0A7U8MHK4;L4ZF23;N4N7W7;E1J2Z2;A0A073FZ82;A0A080EC94;I2S7N8;M2N2S8;G5VWY9;A0A027W604;E7JBJ4;V5G158;A0A028U494;M8X4J7;H5MN87;A0A024Z7X8;A0A074UCV0;L1X3C9;N3U8B9;A0A3D8XDZ4;M4JGM5;N2P0B6;V8FFH7;A0A028TQY7;K3JX07;A0A0E0XTW8;K3U3X8;B7M7R7;G5ZUL0;A0A028KE89;A0A0E0Y5K6;H4YP06;L2AIA7;A0A070GPV7;M8QRM5;N2EPG0;M9CGL6;V6FRV7;I1B768;A0AA92GEE5;A0A070BP33;L4FN28;A0A029GNF9;S1BF36;W1SWW8;A0A8E0G182;A0A026V433;A0A078YE31;M9DQ39;L3UFT5;M9II23;A0A029J4K9;A0A027UVK3;A0A028DJU9;A0A7Z8DQM4;A0A070XET5;L1ZPK3;A0A8A5I5Z8;H5ES61;I2WGP6;H5BYZ0;L4HCS0;H5G534;B7LAV1;A0A028AM58;A0A079BYZ3;A0A073QAE6;A0AAD2ZEZ7,543,Enterobacteriaceae,Bacteria,Pseudomonadota,True,True,True,False,11C3AC89B4ADBB08,0.996898353,0.946924328804016,184
3512,11C3AC89B4ADBB08,309,UniProtKB/TrEMBL (unreviewed representative),UPI00005EEE43,A0A070SZA7;H5IBK9;K3PKE7;J2XFP2;A0A027WTP7;A0A833K168;K4XY11;A0A8E0KSK7;L1VUK1;L4AMP1;A0A8F2TV08;N3MM31;A0A7U8SZ77;A0A070J6G6;A0A062YWX4;N4RS26;A0A026FDV4;E7HV35;A0A1Z3ZGV4;G5WDU3;V5FE34;V2QKQ6;A0A2S1VU51;A0A073W0Z4;L2B6T2;A0A026Q8F7;A0A031PAV4;I4RQP2;A0A556YH49;V0XJ07;M8KCW0;I2PFQ3;F9I5M7;A0A025ZJI3;V4XFS8;I2X1M7;E8Y5L3;A0A0E1H272;A0A028D0E1;A0AAD1LRE3;H5BG38;A0A070G7I5;N1T8W4;M8TI47;B3IGK2;A0A026MKX8;A0AAN1SA28;A0AAN4CIC1;A0AB33Y277;A0A028MXZ1;A0A031N218;A0A070YY19;A0A027WVZ2;A0A031PGR2;A0A070QS19;A0A025AZP6;H5HXH9;M5HVN9;A0A026AAY4;N3LHW6;A0A028SDM1;A0AAE5ZVL3;A0A064PSV6;N4IDD9;M9KWP4;I2TXB5;T7GEM2;H4FQR5;N3BAQ8;V6NAT2;L4PKS7;W1EY38;A0A017MD35;A0A031N610;H5A514;A0AAD2UBW6;H5FMN4;A0A029PVF3;A0A028LGR2;A0A028NC57;H4XTN9;A0AAE6AGU5;L1WYJ0;N3MV75;L5D3Y6;L1ZH93;A0A070WR76;H4Y9F5;A0A028SVN8;A0A7U9J0B3;M8QYW3;G5U5C0;A0A028REN7;A0A4P8BHX2;M7VD88;A0A074DNT2;I4RSP0;H5DSG6;A0A070LX90;U1I126;G1ZCR0;T5YAW4;H5LV09;H5F7B2;A0A028BPQ9;A0A0H4S5B0;A0AAP7VR33;M8KGB5;A0A069X3T3;L1WXV5;A0A025BFI5;N3VNQ5;N4SZB7;A0A080DEH8;H5R2K8;E7UIR6;A0A070M0T7;A0A062YJP2;L1ZAP0;A0A4S7V5G4;A0A8A5IVI8;H5IS09;N4K0C8;A0AAJ3ZJ93;A0A074HIU0;K4VEI9;H5K6S3;N2D8X6;M8SJL1;A0A028UX38;A0A0F6VCG7;A0A331AXM2;M9EAJ4;N3K5U1;B3WJ73;F8YNE2;A0A070D3U8;H5RHY6;A0A074A6U9;V2QM33;A0A3W3LNC1;I4NL56;K4WV07;A0A070FJA4;A0A9P2VTK0;A0A028QZ98;I4S896;A0A236APR6;A0A029NL69;E0MD89;N4KV61;A0A028CDU6;A0A028NPK5;H5N1V5;N4P5P9;N3WRA3;A7ZUM6;A0A027VY81;F8X8J5;A0A026RI46;I2VG01;I4QFW6;N2X2W4;N4K3Z2;T8XA40;A0A026G8S9;F4NJT2;A0A070Q0H2;A0A7U8QNY1;M9BWG0;A0A7Z6M276;W0ZJW7;B7M7R7;T9L3L7;M9HEH7;G5UFS0;A0A025UB59;T7CDB7;A0A0A8UHI1;N3BZ30;N3T6A6;A0A026GEP0;A0A070NCT0;A0A028AJI0;A0A9P2IET2;L3I1H2;A0A028U9F9;S4ALE4;H5JBV8;A0A080D2K8;E1I918;H5CUU3;A0A070XNN2;H5B2J4;A0A073PQX3;A0A7U8N631;T2G485;T9XPL5;L4C7I2;T7V253;A0A7U8P3H8;H1F4H0;N3C933;D6I3Q1;A0A028MHE3;A8A7A9;I2THS2;N2NRQ9;A0A026UW21;A0A027UI64;T7FDW1;A0A026E5D3;H4WZ96;M5HAM4;N3AMN1;D7YQT7;L1YDL6;H5M8V1;U9Z754;A0A026JM62;E7IU61;I4NDU6;G5TR54;L4NBV8;A0A026UAG9;M9C858;N1SRH6;A0AA35AQS7;N2LEV3;N3UL02;A0A1H0I9S6;G5WLS4;L5HPB7;A0A025XZD3;H5NXM8;A0A071EAX8;A0AAN3M8J5;A0A073QCI0;L5C852;M8P9E4;N3WTP7;I4Q8T6;A0A026IQN8;A0A029M0C8;A0A1X3KV59;G5YA95;M9JQH7;A0A097GDB1;S1BA02;A0A078Z9H9;N2L156;A0A028KMM2;G2A7D4;N4M0D9;A0A070F0D3;I2UCC0;A0A8B3K957;A0A071DGU2;L2VS74;N2L691;A0A0C3RJB6;H4Z497;M9HBV4;A0A027TEG9;G5YVH6;A0A028Q266;U1HLK6;A0A025YUX4;V8F0P2;A0A4Y9I4K1;M9K434;M5IJY1;A0A027VAT6;L2D6S8;A0A070KYD9;A0A6B8WG21;N3IL26;N4JEJ0;A0A025A2Y3;A0A070DXT1;N3PSP7;A0A3R0G029;K4Y3L5;N4NAH9;A0A079D6H0;M9IN57;E0J0I6;N3F545;H5QMB5;I2T1C5;M8QEB4;M8W9C3;A0A028R6T5;T6V220;A0A510H665;A0A8E0HSW6;N2K8Q9;N3WHY9;T7TEC6;G5UZG8;L1VPT3;A0A070S2Y7;A0A026S4D9;L2CSA1;T9BHB9;N3UFU4;A0A0C3LZ46;G2BX71;A0A025YQX6;G5XKG2;H5PCF9;D8EV98;G5X1D7;A0A026QIN5;H5J9L2;A0A071FQ30;I4TKA9;A0A829CN67;M9F8N2;A0A026GSB9;A0A028T7Y3;V6N898;V0T774;M8TW41;A0A078VJC4;A0A027U916;A0A069TWW2;H5HFI9;A0A7H8SQH8;H5GZY9;A0A028FD70;I6FR34;N3RKT9;A0A3D2T3U5;K4X1J7;A0A028S7C6;A0A3W2RDA6;A0A1S0UP78;A0AAD2ZAB9;H5PSX1;H5L1R3;T6XGM1;A0A025RXM4;C8TMP8;A0A026HJS1;L2BG47;T5RTC5;L1VQX6;A0A026CAZ4;A0A6C8HB08;A0A7L7XAQ9;N3SAP5;M9GNG2;N4LCX4;A7ZUM6;M9A6L8;A0A028CAM6;N2SCP5;A0A1X3HWY4;N2JRL5;N3VDJ7;A0A064RPG3;A0A026IN13;U0M3A7;N3LXS3;A0A029FSK8;M8WB43;N3QJ87;N4JVN2;A0A028B3X9;A0A079GNL2;H5Q8V6;L2DNW2;N3XGU8;S0S8T4;S4ATL1;A0A7U5LXN9;M8JTA5;A0A4P8AMK1;N2ZNI4;A0A026X9A8;L2CFM8;A0A070DI99;A0A026B811;L4I171;E9W141;A0A026JCS7;A0A079HN93;A0A027VWU3;I0VXZ1;A0A029PWY5;I2RRF9;A0A031NMT9;H5D0W2;A0A079HVM0;N3J704;A0A0E2U9W8;I4UL19;A0A028LCY9;D8EA64;L3EKD3;I3A681;L1Y934;M7UMF6;N3S1Y7;E9X8C2;A0A025T1E4;L2BWY7;K0BF55;M9AUH1;J7QTW5;N2PZR2;N2YUP2;U0E818;A0A079JNL7;N2XB02;A0A025AP71;T8P178;A0A7U5WUV8;M8TM37;G1ZTU7;B3HER1;U0ZUW1;N3Y032;F4VLZ6;A0A1R1UQP1;U9VD60;J9ZSJ0;A0A028AXR5;L2ACR1;H5ALR7;A0A073G5M5;N2GNT5;A0A028PZU0;A0A026PJT1;G5VHJ9;N4HES6;V6Q1T1;A0A9Q5U9N8;T6L4R3;A0A026SY32;I4QGE2;A0A064M778;A0A7U9B800;A0A222QT15;M9L319;F9CQT8;A0A026RU87;A0AAN3IWJ3;H5KM07;B3I344;V0XEJ3;A0A026KHG4;H5C4G3;I2UZ18;A0A028NPY5;A0A0T5JMB7;A0A358K7P8;L4F3Y7;N3ETA4;V4BPM2;A0A0N2DF32;N4SNE0;A0A070HS17;M8UEZ9;N2YWQ1;A0A028DT65;A0A080I5Q8;M8X1A3;A0A080CS02;G5ZEZ4;A0A3W4P2S8;A0A025G505;H5GK43;L2E443;N6WEP7;M8Z6I1;N3BTZ6;A0A064TF76;A0A0B5K3G8;G2ANQ4;A0A070BQ47;A0A2S1VAH2;I2SR67;A0A2A2XQQ1;G5Y4J9;A0A7U8N2A8;A0A836N8X6;G1YH58;A0A026YX50;C8UKR0;A0A070J1F4;A0A828URP9;N3T0U9;A0A070FTA9;A0A1X8VQ74;F4UW01;A0A074EH30;N3NFR6;A0A070K6S8;A0A026UAH0;A0A365Q6S1;I6GCW2;K4Y5S3;I2XPU4;C8TZU0;A0A073ZG47;E6BLY0;A0AAN3V8Z8;A0AAD0NV71;A0A026HQC7;K4Y764;M9CHN8;K4X3Q8;L1YEI9;A0AAC9ZJK6;K0AV36;A0A1S6TIF7;V6WMV0;A0A5B7PMV7;H5NHG3;A0A028Q324;A0A6H2GK06;B7LAV1;A0A073XV23;A8A7A9;A0A074GZT2;A0AAE6EA33;E1IS92;A0A080EQ55;A0AAE6AJ79;A0A029HKZ3;T8KHI1;U9YGS3;J7QAX9;H5EA63;A0A080FHB2;M8VXX8;T8FXV5;N3VNT4;A0A027Z2B5;A0A028M872;A0A0E2A1X1;T6U9M9;A0A028EIW5;A0A027YPH0;N4IV72;A0A026NFE6;A0A7U8MHK4;L4ZF23;N4N7W7;E1J2Z2;A0A073FZ82;A0A080EC94;I2S7N8;M2N2S8;G5VWY9;A0A027W604;E7JBJ4;V5G158;A0A028U494;M8X4J7;H5MN87;A0A024Z7X8;A0A074UCV0;L1X3C9;N3U8B9;A0A3D8XDZ4;M4JGM5;N2P0B6;V8FFH7;A0A028TQY7;K3JX07;A0A0E0XTW8;K3U3X8;B7M7R7;G5ZUL0;A0A028KE89;A0A0E0Y5K6;H4YP06;L2AIA7;A0A070GPV7;M8QRM5;N2EPG0;M9CGL6;V6FRV7;I1B768;A0AA92GEE5;A0A070BP33;L4FN28;A0A029GNF9;S1BF36;W1SWW8;A0A8E0G182;A0A026V433;A0A078YE31;M9DQ39;L3UFT5;M9II23;A0A029J4K9;A0A027UVK3;A0A028DJU9;A0A7Z8DQM4;A0A070XET5;L1ZPK3;A0A8A5I5Z8;H5ES61;I2WGP6;H5BYZ0;L4HCS0;H5G534;B7LAV1;A0A028AM58;A0A079BYZ3;A0A073QAE6;A0AAD2ZEZ7,543,Enterobacteriaceae,Bacteria,Pseudomonadota,True,True,True,False,11C3AC89B4ADBB08,0.996898353,0.946924328804016,184
3523,11C3AC89B4ADBB08,309,UniProtKB/TrEMBL (unreviewed representative),UPI00005EEE43,A0A070SZA7;H5IBK9;K3PKE7;J2XFP2;A0A027WTP7;A0A833K168;K4XY11;A0A8E0KSK7;L1VUK1;L4AMP1;A0A8F2TV08;N3MM31;A0A7U8SZ77;A0A070J6G6;A0A062YWX4;N4RS26;A0A026FDV4;E7HV35;A0A1Z3ZGV4;G5WDU3;V5FE34;V2QKQ6;A0A2S1VU51;A0A073W0Z4;L2B6T2;A0A026Q8F7;A0A031PAV4;I4RQP2;A0A556YH49;V0XJ07;M8KCW0;I2PFQ3;F9I5M7;A0A025ZJI3;V4XFS8;I2X1M7;E8Y5L3;A0A0E1H272;A0A028D0E1;A0AAD1LRE3;H5BG38;A0A070G7I5;N1T8W4;M8TI47;B3IGK2;A0A026MKX8;A0AAN1SA28;A0AAN4CIC1;A0AB33Y277;A0A028MXZ1;A0A031N218;A0A070YY19;A0A027WVZ2;A0A031PGR2;A0A070QS19;A0A025AZP6;H5HXH9;M5HVN9;A0A026AAY4;N3LHW6;A0A028SDM1;A0AAE5ZVL3;A0A064PSV6;N4IDD9;M9KWP4;I2TXB5;T7GEM2;H4FQR5;N3BAQ8;V6NAT2;L4PKS7;W1EY38;A0A017MD35;A0A031N610;H5A514;A0AAD2UBW6;H5FMN4;A0A029PVF3;A0A028LGR2;A0A028NC57;H4XTN9;A0AAE6AGU5;L1WYJ0;N3MV75;L5D3Y6;L1ZH93;A0A070WR76;H4Y9F5;A0A028SVN8;A0A7U9J0B3;M8QYW3;G5U5C0;A0A028REN7;A0A4P8BHX2;M7VD88;A0A074DNT2;I4RSP0;H5DSG6;A0A070LX90;U1I126;G1ZCR0;T5YAW4;H5LV09;H5F7B2;A0A028BPQ9;A0A0H4S5B0;A0AAP7VR33;M8KGB5;A0A069X3T3;L1WXV5;A0A025BFI5;N3VNQ5;N4SZB7;A0A080DEH8;H5R2K8;E7UIR6;A0A070M0T7;A0A062YJP2;L1ZAP0;A0A4S7V5G4;A0A8A5IVI8;H5IS09;N4K0C8;A0AAJ3ZJ93;A0A074HIU0;K4VEI9;H5K6S3;N2D8X6;M8SJL1;A0A028UX38;A0A0F6VCG7;A0A331AXM2;M9EAJ4;N3K5U1;B3WJ73;F8YNE2;A0A070D3U8;H5RHY6;A0A074A6U9;V2QM33;A0A3W3LNC1;I4NL56;K4WV07;A0A070FJA4;A0A9P2VTK0;A0A028QZ98;I4S896;A0A236APR6;A0A029NL69;E0MD89;N4KV61;A0A028CDU6;A0A028NPK5;H5N1V5;N4P5P9;N3WRA3;A7ZUM6;A0A027VY81;F8X8J5;A0A026RI46;I2VG01;I4QFW6;N2X2W4;N4K3Z2;T8XA40;A0A026G8S9;F4NJT2;A0A070Q0H2;A0A7U8QNY1;M9BWG0;A0A7Z6M276;W0ZJW7;B7M7R7;T9L3L7;M9HEH7;G5UFS0;A0A025UB59;T7CDB7;A0A0A8UHI1;N3BZ30;N3T6A6;A0A026GEP0;A0A070NCT0;A0A028AJI0;A0A9P2IET2;L3I1H2;A0A028U9F9;S4ALE4;H5JBV8;A0A080D2K8;E1I918;H5CUU3;A0A070XNN2;H5B2J4;A0A073PQX3;A0A7U8N631;T2G485;T9XPL5;L4C7I2;T7V253;A0A7U8P3H8;H1F4H0;N3C933;D6I3Q1;A0A028MHE3;A8A7A9;I2THS2;N2NRQ9;A0A026UW21;A0A027UI64;T7FDW1;A0A026E5D3;H4WZ96;M5HAM4;N3AMN1;D7YQT7;L1YDL6;H5M8V1;U9Z754;A0A026JM62;E7IU61;I4NDU6;G5TR54;L4NBV8;A0A026UAG9;M9C858;N1SRH6;A0AA35AQS7;N2LEV3;N3UL02;A0A1H0I9S6;G5WLS4;L5HPB7;A0A025XZD3;H5NXM8;A0A071EAX8;A0AAN3M8J5;A0A073QCI0;L5C852;M8P9E4;N3WTP7;I4Q8T6;A0A026IQN8;A0A029M0C8;A0A1X3KV59;G5YA95;M9JQH7;A0A097GDB1;S1BA02;A0A078Z9H9;N2L156;A0A028KMM2;G2A7D4;N4M0D9;A0A070F0D3;I2UCC0;A0A8B3K957;A0A071DGU2;L2VS74;N2L691;A0A0C3RJB6;H4Z497;M9HBV4;A0A027TEG9;G5YVH6;A0A028Q266;U1HLK6;A0A025YUX4;V8F0P2;A0A4Y9I4K1;M9K434;M5IJY1;A0A027VAT6;L2D6S8;A0A070KYD9;A0A6B8WG21;N3IL26;N4JEJ0;A0A025A2Y3;A0A070DXT1;N3PSP7;A0A3R0G029;K4Y3L5;N4NAH9;A0A079D6H0;M9IN57;E0J0I6;N3F545;H5QMB5;I2T1C5;M8QEB4;M8W9C3;A0A028R6T5;T6V220;A0A510H665;A0A8E0HSW6;N2K8Q9;N3WHY9;T7TEC6;G5UZG8;L1VPT3;A0A070S2Y7;A0A026S4D9;L2CSA1;T9BHB9;N3UFU4;A0A0C3LZ46;G2BX71;A0A025YQX6;G5XKG2;H5PCF9;D8EV98;G5X1D7;A0A026QIN5;H5J9L2;A0A071FQ30;I4TKA9;A0A829CN67;M9F8N2;A0A026GSB9;A0A028T7Y3;V6N898;V0T774;M8TW41;A0A078VJC4;A0A027U916;A0A069TWW2;H5HFI9;A0A7H8SQH8;H5GZY9;A0A028FD70;I6FR34;N3RKT9;A0A3D2T3U5;K4X1J7;A0A028S7C6;A0A3W2RDA6;A0A1S0UP78;A0AAD2ZAB9;H5PSX1;H5L1R3;T6XGM1;A0A025RXM4;C8TMP8;A0A026HJS1;L2BG47;T5RTC5;L1VQX6;A0A026CAZ4;A0A6C8HB08;A0A7L7XAQ9;N3SAP5;M9GNG2;N4LCX4;A7ZUM6;M9A6L8;A0A028CAM6;N2SCP5;A0A1X3HWY4;N2JRL5;N3VDJ7;A0A064RPG3;A0A026IN13;U0M3A7;N3LXS3;A0A029FSK8;M8WB43;N3QJ87;N4JVN2;A0A028B3X9;A0A079GNL2;H5Q8V6;L2DNW2;N3XGU8;S0S8T4;S4ATL1;A0A7U5LXN9;M8JTA5;A0A4P8AMK1;N2ZNI4;A0A026X9A8;L2CFM8;A0A070DI99;A0A026B811;L4I171;E9W141;A0A026JCS7;A0A079HN93;A0A027VWU3;I0VXZ1;A0A029PWY5;I2RRF9;A0A031NMT9;H5D0W2;A0A079HVM0;N3J704;A0A0E2U9W8;I4UL19;A0A028LCY9;D8EA64;L3EKD3;I3A681;L1Y934;M7UMF6;N3S1Y7;E9X8C2;A0A025T1E4;L2BWY7;K0BF55;M9AUH1;J7QTW5;N2PZR2;N2YUP2;U0E818;A0A079JNL7;N2XB02;A0A025AP71;T8P178;A0A7U5WUV8;M8TM37;G1ZTU7;B3HER1;U0ZUW1;N3Y032;F4VLZ6;A0A1R1UQP1;U9VD60;J9ZSJ0;A0A028AXR5;L2ACR1;H5ALR7;A0A073G5M5;N2GNT5;A0A028PZU0;A0A026PJT1;G5VHJ9;N4HES6;V6Q1T1;A0A9Q5U9N8;T6L4R3;A0A026SY32;I4QGE2;A0A064M778;A0A7U9B800;A0A222QT15;M9L319;F9CQT8;A0A026RU87;A0AAN3IWJ3;H5KM07;B3I344;V0XEJ3;A0A026KHG4;H5C4G3;I2UZ18;A0A028NPY5;A0A0T5JMB7;A0A358K7P8;L4F3Y7;N3ETA4;V4BPM2;A0A0N2DF32;N4SNE0;A0A070HS17;M8UEZ9;N2YWQ1;A0A028DT65;A0A080I5Q8;M8X1A3;A0A080CS02;G5ZEZ4;A0A3W4P2S8;A0A025G505;H5GK43;L2E443;N6WEP7;M8Z6I1;N3BTZ6;A0A064TF76;A0A0B5K3G8;G2ANQ4;A0A070BQ47;A0A2S1VAH2;I2SR67;A0A2A2XQQ1;G5Y4J9;A0A7U8N2A8;A0A836N8X6;G1YH58;A0A026YX50;C8UKR0;A0A070J1F4;A0A828URP9;N3T0U9;A0A070FTA9;A0A1X8VQ74;F4UW01;A0A074EH30;N3NFR6;A0A070K6S8;A0A026UAH0;A0A365Q6S1;I6GCW2;K4Y5S3;I2XPU4;C8TZU0;A0A073ZG47;E6BLY0;A0AAN3V8Z8;A0AAD0NV71;A0A026HQC7;K4Y764;M9CHN8;K4X3Q8;L1YEI9;A0AAC9ZJK6;K0AV36;A0A1S6TIF7;V6WMV0;A0A5B7PMV7;H5NHG3;A0A028Q324;A0A6H2GK06;B7LAV1;A0A073XV23;A8A7A9;A0A074GZT2;A0AAE6EA33;E1IS92;A0A080EQ55;A0AAE6AJ79;A0A029HKZ3;T8KHI1;U9YGS3;J7QAX9;H5EA63;A0A080FHB2;M8VXX8;T8FXV5;N3VNT4;A0A027Z2B5;A0A028M872;A0A0E2A1X1;T6U9M9;A0A028EIW5;A0A027YPH0;N4IV72;A0A026NFE6;A0A7U8MHK4;L4ZF23;N4N7W7;E1J2Z2;A0A073FZ82;A0A080EC94;I2S7N8;M2N2S8;G5VWY9;A0A027W604;E7JBJ4;V5G158;A0A028U494;M8X4J7;H5MN87;A0A024Z7X8;A0A074UCV0;L1X3C9;N3U8B9;A0A3D8XDZ4;M4JGM5;N2P0B6;V8FFH7;A0A028TQY7;K3JX07;A0A0E0XTW8;K3U3X8;B7M7R7;G5ZUL0;A0A028KE89;A0A0E0Y5K6;H4YP06;L2AIA7;A0A070GPV7;M8QRM5;N2EPG0;M9CGL6;V6FRV7;I1B768;A0AA92GEE5;A0A070BP33;L4FN28;A0A029GNF9;S1BF36;W1SWW8;A0A8E0G182;A0A026V433;A0A078YE31;M9DQ39;L3UFT5;M9II23;A0A029J4K9;A0A027UVK3;A0A028DJU9;A0A7Z8DQM4;A0A070XET5;L1ZPK3;A0A8A5I5Z8;H5ES61;I2WGP6;H5BYZ0;L4HCS0;H5G534;B7LAV1;A0A028AM58;A0A079BYZ3;A0A073QAE6;A0AAD2ZEZ7,543,Enterobacteriaceae,Bacteria,Pseudomonadota,True,True,True,False,11C3AC89B4ADBB08,0.996898353,0.946924328804016,184
5615,C97068FF439F0DFF,305,UniProtKB/Swiss-Prot (reviewed representative),UPI0000E1393A,Q0BX37;Q0BX37;A0A059FN48,81032,Hyphomonas neptunium,Bacteria,Pseudomonadota,True,True,True,False,C97068FF439F0DFF,0.9959113,0.9465222358703612,185
3795,54131D11D311A3E3,370,UniProtKB/TrEMBL (unreviewed representative),UPI00003590BA,A0A9Q4MHL5;Q3R298;A0A084NU72;A0A443T0D3;U2AKU7;A0A1R2D7F8;B0U3V7;Q3RDA7;B0U3V7,32644,unidentified,Unresolved,Unresolved,False,True,False,False,54131D11D311A3E3,0.633697093,0.9459778666496276,186
323,AE3588676F5D5777,3744,UniProtKB/TrEMBL (unreviewed representative),UPI000013B2B9,D3DL49;A0A0D4J618;A0A0D4J7B4;A0A023ZHW2;A0A0D4J714;N1P137;A0A0D4IL47;A0A0D4IAN1;A0A0D4S2W1;A0A0D4ICS6;A0A0D4S764;A0A0D4HUU3;A0A0D4HUW5;A0A0D4IUM8;A0A0D4I3C5;A0A0D4J9Y2;A0A0D4S9M0;P38811;A0A0D4IN85;A0A0D4S0S0;A0A0D4J2M6;A0A6A5PXA4;A0A8H4F9W4;A0A0D4JAL6;A0A0D4JAL8;A0A0D4HWE4;A0A0D4J3W4;A0A0D4JBV1,1969575,Saccharomyces cerevisiae synthetic construct,Unresolved,Unresolved,True,True,True,False,AE3588676F5D5777,0.362064004,0.9456806778907776,187
1886,DE1169DC4B9C2E17,3861,UniProtKB/TrEMBL (unreviewed representative),UPI001272CC64,A0A8H3MN15;A0A5M3YSW6;P9WEZ4,33178,Aspergillus terreus,Eukaryota,Ascomycota,True,True,True,False,DE1169DC4B9C2E17,-0.004926333,0.9452223181724548,188
4806,AF1BC62EE1612778,185,UniProtKB/Swiss-Prot (reviewed representative),UPI0001E76C5C,E3DK69;E3DK69,215689,Erwinia sp. (strain Ejp617),Bacteria,Pseudomonadota,False,True,False,False,AF1BC62EE1612778,0.993582785,0.9447613954544068,189
1252,1CDC98EAAEFD7017,4194,UniProtKB/Swiss-Prot (reviewed representative),UPI001C77D6DC,A0A8F4S6Z6;A0A8F4S6Z6,2046025,Acremonium sp.,Eukaryota,Ascomycota,True,True,True,False,1CDC98EAAEFD7017,-0.00396271,0.9443275332450868,190
4785,35753DE090A9A7D6,483,UniProtKB/Swiss-Prot (reviewed representative),UPI0001CFCB81,D5E9R7;D5E9R7,2176,Methanohalophilus mahii,Archaea,Methanobacteriota,True,True,True,False,35753DE090A9A7D6,0.048561484,0.9440926909446716,191
6421,341E378B56091813,390,UniProtKB/Swiss-Prot (reviewed representative),UPI000039F0FC,Q476W5;Q476W5,106589,Cupriavidus,Bacteria,Pseudomonadota,False,True,False,False,341E378B56091813,0.488867462,0.943809986114502,192
4763,FF4DEB063C01276E,185,UniProtKB/Swiss-Prot (reviewed representative),UPI0001961244,D2T3S6;D0FUE8;D2T3S6;A0A2L0GTY5;A0ABY5X4X2;D0FUE8,79967,Erwinia pyrifoliae,Bacteria,Pseudomonadota,False,True,False,False,FF4DEB063C01276E,0.995620668,0.9436972737312316,193
4747,FF4DEB063C01276E,185,UniProtKB/Swiss-Prot (reviewed representative),UPI0001961244,D2T3S6;D0FUE8;D2T3S6;A0A2L0GTY5;A0ABY5X4X2;D0FUE8,79967,Erwinia pyrifoliae,Bacteria,Pseudomonadota,False,True,False,False,FF4DEB063C01276E,0.995620668,0.9436972737312316,193
1808,B4BCBD253788737B,144,UniProtKB/TrEMBL (unreviewed representative),UPI00001319A4,A0A023YPU9;A0A069UAI2;A0A079XXU8;A0AAN4AGP0;A0A027WFP6;N4NIB5;A0AAN3W907;T7WT68;E7ID91;T8X9R2;A0A9P2SSB0;W0ZKH3;A0A026TMK3;A0A7U6AKL2;I2XFS2;B1ITW6;G4PNU2;A0A028KCD8;A0A080AE79;A0A025F9L3;A0A070YP63;A0A070U8L9;H5BZC7;A0A024ZXS9;T8SHG7;N4A270;A0A017HZZ5;A0A079JWF0;A0A075JDN1;A0A6M6PCF0;N3BB04;A0A026E6J5;A0A1X3KVD2;A0A079CD74;A0A6H2GJK4;A0AAE6EAC7;A0A5F1F767;N1SE00;A0A026C6W2;A0A028LDX0;A0A070SWN0;A0A5W6BKL1;V4DIR7;A0A031PN11;M8SJS9;A0A064SRR2;N3AYE6;A0A070MSX1;A0A069Z3Z5;A0A078UWP6;F9QYZ6;A0A074CXA8;A0A1R1UV67;I3A9K1;I2HYK1;V6FC79;A0A6L7DMR5;T9Y9G7;U6NHU0;A0A659LKI2;I1BEZ6;K4Y7F7;A0A029JBX6;A0A7U8RXR9;A0A073X738;A0A078WFS7;A0A656P851;V6N366;M8TRM7;A0A070LL43;A0A064IK67;T8X1U6;G5X1L9;T9IVY9;A0A028RD65;A0A1J0HI76;N4C5F9;A0A025YIQ3;N4DM79;U0M3I8;V8F2Y0;F4LYM9;H4ZMF4;A0A026BS97;L2CH34;S1J3H5;A0A027YPG8;L4C5V4;N3NXQ2;A0A071CLI2;H5R2V7;V6FS07;A0A1L8ZYC9;W1BID1;G2BH34;E0J0A5;A0A070WJ02;A0A0E0XRT5;H5IBV7;A0A070CDD0;N2J4C5;A0A026YD53;N4B2Q4;A0A025C8T1;A0A2A2XIT2;G5ZF77;K5GJ71;A0A0P8CZN0;V6NXM4;A0A073VYQ1;M7UGN4;A0A026YPJ4;I4NE37;A0A078VT40;A0A4S5WNK6;A0A8E0G0Y9;M5ICF6;N3J777;A0A026FYT3;A0A080EHB2;A0A5Q3TG42;A0A3W2RDW0;A0A025DYA3;T7HHK1;A0A028SDD2;C1NAY3;H5NXY4;A0A1X3HW58;A0A9Q6V395;A0A071A0T8;J7RXI9;A0A6I4KKH2;U0AIZ3;A0A080BBV7;A0A4P8C7T2;N2LLK2;A0A029HL00;A0A028NQA8;A0A028ALW8;A0A080ELU0;E9XRU1;G5ZUU4;A0A029L3G1;N4CUB6;A0A026A6E3;A0A071AQ89;A0A071D653;H5H0B4;B7NSQ6;A0A073QA44;A0A080HYL9;A0A1Z3ZHI2;A0A028CEN9;A0A069YP44;A0A979H2H4;A0A028DTM2;A0A073R3R2;L2ZW08;L2AE66;L4K0P2;T7PSY8;T7X7Y4;C4VWE8;I2X003;D6IH35;G2F7W3;A0A365Q7Y0;L2VEH6;L4MPN7;M9HHS2;M8PEL9;N3C402;B3WJ26;C6UK91;A0A0G3HSX9;G2A7L0;A0A1X3L9M7;K3J1G2;A0A8A5IEG5;T7F1D7;A0A8E0I220;A0A069T3T8;A0A659K7L0;A0A7D4MAW9;A0A027UZ78;H5PCQ6;A0A029M0N7;A0A070K9D3;N3QA11;A0A064Q7W9;A0A070GQ91;A0A064M2R6;A0A028PZ31;N3DZM8;M8L1W9;A0A027TPH7;N6WG23;A0A031NN43;H5Q954;L3X9W5;A0A0G3KAC2;N2ITF4;M9AKC8;N3RL19;H5A5A8;V2ZTK1;A0A073PR18;A0A073U9Y0;A0A026GF77;A0A1X8VQP3;L1WYG8;M9AH68;A0A074C4N0;A0A028LFV5;A0A078XW89;A0A026KKW3;T6M471;A0A829FKC1;Q2M6L0;H4USE4;A0A829CL17;A0A7U8QZ52;L2B6R5;N3QWX5;A0A023Z6D4;A0A025F6H1;N2D9Z3;A0A8A5ITB6;I4UK82;T7Q320;N2NXI0;A0A026QFB3;N3EI37;N2MRU4;G2B2V2;N4RRB7;A0A079J276;A0A2S1VT96;L4PMK5;U5SRN8;K0BCZ5;A0A029JZ29;G0DBU6;L4HYS1;C6ED30;U7BW11;L4PSJ2;A0A0F6GVR9;A0A4P8AMC7;N2JQW9;A0A070QTC8;A0A074EF16;L2DPS7;L3I3D5;A0A079A5N7;V6PW78;A0A080IAK4;L3U2C1;W1GC05;A0A556YGL6;T9F7Q4;H5GKV6;A0A027VX30;E6B404;N3DAY2;V0ZUA7;A0A073F531;A0AAN3NIE2;A0A070I830;A0A0B5JSY4;A0A064KE84;E7IWU9;W0KP33;A0A069WU01;A0A070IZ01;A0A8A5HJY3;A0A031NBA4;V8FL92;A0A142V4K7;A0A026SLU1;V5E3E3;A0A1X3IDA6;U1HCM3;H5CE76;U1HWK4;W1DBD3;A0A222QUF0;I0VXQ5;A7ZUW3;A0A025DID6;A0A026FEE1;L1YED4;A0A387D339;A0A026MI73;A0A080D2Q5;I4QUD6;N4NUX4;A0A1R1T1J1;T6CWC9;L2AIH4;S1ESY6;A0A7U8N8X1;N3N746;F1ZQK9;A0A079DTU1;C5WBX4;L3UGD5;L5AQ65;A0AB33Y1M2;E1HIA6;H5M940;A0A062YJY9;F4UW93;K4Y0K7;T6UPV6;L2BF38;U5M607;A0A029L6P2;A0A073S701;A0A027T426;A0A073ZQZ7;I4PRK9;H5CVB1;A0A073RY72;A0A3W4P0P5;L8C3S2;A0A028MGU6;L3UUK2;H5ISH5;A0A026Q8M7;V0ACE3;A0A3D8XHN6;A0A0A7L6I4;A0A028NC08;A0A078YT18;A0A5F1H6B9;H5KMD4;I4Q914;A0A031NV42;A0A0F6S6B2;H5BIN6;X7JLW9;I2RRX3;A0A5C0FRT9;F7N498;L3L9F0;T7EWA5;T8C310;T8FY36;D7YIY1;A0A1R1UBP2;N2FPE3;A0A4Z0I771;E7HCZ2;G5WDP2;H5DBI5;V1BCH9;A0A028CTG5;A0A028U877;T7CA71;A0A0E1T528;N4F9Y2;W1ST33;K5H6E4;A0A017J726;A0A078Y6T9;A0A8E0KT13;N3ASP8;N4CNR6;U0BR17;A0A7G7L4E8;A0A349FUD1;A0A071BHU9;A0A073QGQ9;H5QML8;L1YFM2;A0A070T162;M9HRF4;T7MRC2;A0A7Z6M2Z5;B3I3D1;E8Y4R1;A0A070GFE1;M8U0L2;N2SC03;A0A330ZI48;I0ZLA3;W1C611;G5UG02;A0ABD7FFK1;V2ZWJ7;A0A0N7HCL3;A0A125XAK1;L2E3B6;A0A659LXV3;E9W1C4;E9YWR5;A0A080EV15;W8ZS89;A0A0H3MN67;K3HPI9;A0A0E1ADA2;H5B304;A0A079HAC2;A0A070BZK4;A0A0H3XCC3;C9QUA4;A0A073TN54;A0A829AJY9;A0ABM9FAE1;A0A026ILM4;H4V918;V4VMC6;G2BXQ3;A0A074EGJ5;A0AAN3IUB4;G5UZQ0;A0A070UT70;H5DSS0;A0A028AXC7;A0A025EYM8;A0A064JPN4;F8YNN5;D8B5R8;S1MAG5;H4VPI2;I2WGN0;U9XUG4;A0A0E1H2C0;N2S0M1;G5YVC5;L4AA34;N4R563;A0A024ZWI8;M9JBA2;A0A071FDN8;A0A2S1VAV9;V0X514;S0SPT5;M2M911;A0A5B7PKR5;A0A027C7C8;G2AP01;A0A0E0U6L3;K3KE10;L1WZW9;H5HFU0;A0A192CFQ1;K4UV21;N4GEQ8;A0A5K7WJC9;L0M9V0;I4S7N9;A0A025ZJI0;A0A028DIZ4;I4PWA2;M9HES2;V0SB23;A0A0K9TK12;S1LGI2;A0A028R728;A0A069X3P0;N4CVQ4;A0A070MNY5;A0A071GK18;A0A0E0VEF9;A0A026K9T5;I4QWC1;A0A080AEH0;A0A070Q2G3;A0AAP7VR91;L4F658;A0A074U9D7;A0A070Z7I0;A0A069XRM7;A0A073RDU3;A0A025AV78;A0A025SNE5;M9GHF1;N4HUD1;A0A079IPD4;M5HWJ4;T9LVV4;A0A7U9LNW6;K4VP26;D6I3X5;A0A071F1B7;B3IGT6;M7UVD7;H4W4M2;N4EXS5;A0A5V7SFD0;B7LB36;H5HXT1;M8LTB4;A0AAD1GG27;N4AXU3;A0A074IVV1;A0A829JU45;A0A026Q1N3;A0A025T6A2;H5JA29;A0A025U5Q4;D8EDA2;L1Y8S0;I2Y3X8;H5RHS9;A0A027Z5N0;M5HLV8;N3INZ6;M9FW76;A0A028MYT1;A0A070V6C3;I2TPD8;A0A074BDP6;A0A0A7JDG3;A0A7U8M9H3;G5WM08;A0A029JXY7;A0A028TRP2;H5LEU4;B2N275;U9VL76;K0ARS1;A0A026RI42;A0A028UVP5;A0A071FJS7;A0A028BXY0;N2GAB2;A0A027UWU1;A0A026VNH4;A0A0C3MXL2;A0A028QAY1;A0A099YQP3;A0A080B1H9;L4RKY9;T9JYK8;A0A9P2VTM2;N3BZ33;A0A073TES9;A0A079B0V0;M9DHZ0;A0A7H1FMI0;A0A826ICC3;A0A1R1TED4;L3FMJ8;A0A7W4PTA3;A0A7B5MGP7;T9N9Q4;I2ZK77;G5VHE8;H5N246;H5FMY3;N3F4F4;T8ZDI3;E7UI81;T9TPG8;A0A079D059;P16691;H5G5M1;A0A026XB03;A0A025D4I2;H4Z4K4;A0A4U9LXE7;E3PD13;E2X289;N1SS80;A0A066QQA6;T9T186;M8NHS0;I2R8E5;A0A064MIC9;A0A029PTU2;I2RDX6;L8CDU8;M7VY68;N4GE23;L3XMU9;H5EAG5;V8RR65;T7THC4;T8N164;M8XCU2;A0A070WYB8;T9J008;G2CT02;A0A3W4ADF0;N2EFR5;M8XNE7;A0A029QMF2;A0A5F1GQ11;T9ANL7;A0A028BP72;A0A028S727;L1ZGB2;A0A064IC52;A0A0E1M4J4;M8PVR8;A0AAE6AAG2;A0A3R0HXC9;A0A4P8BJQ3;A0A5F1F4Y5;E0MHL0;M8S9C9;N3F1E9;A0A070K787;A0A079Z5W2;A0A097GDJ0;A0A070Y2V7;B1XCX8;N3NPI3;A0A026H5D5;M8N748;L4ZWX8;A0A025AHU3;A0A064SG84;E9WY98;A0A026HD16;A0A074GJ79;V2Q3A6;N3SES4;M8XFE4;A0A078XC15;H4WIW7;G5VX71;A0A028NXH6;A0A833KUL6;N2QB86;A0A028QZC7;A0A0B4KWD2;B6I5W5;A0A064P3J5;N4F9Y9;L4MNJ6;A0A028FE08;A0A0B4JR27;H4FRU4;A0A080CS98;D2NFL4;A0A070FBB2;A0A7U8SZJ7;A0AAD0K5Y0;A0A8F9I2X0;E9TK49;A0A070F2G4;A0A070RAR8;H4XCV8;N4R720;A0A079AEF4;V5E4F5;A0A080GH85;D8AHW1;A0A4Y9I1F0;G5U5K2;T8Z7C4;V3HWI4;C8TMX8;U0ZF57;N2G0G2;N2MJL6;T5QWN7;A0A025B039;N2RPR4;H1F488;A0A828S0W8;A0A079BN02;N4B1Q1;A0A064MTR6;A0A3G4X673;N2D8F6;N3ZK05;A0A062ZTK8;L1VQS2;A0A071B2A8;W0L1D7;A0A0T5JMQ0;A0A142GXZ9;U3G4L7;A0A7U8R7H4;A0A0T5K518;U0BUC3;A0A071CBL5;A0ABY3S9J1;H5ESG1;A0A028H8M9;A0A027UKY3;A0A1Q8MEP1;A0A026PJ96;I2TWZ3;A0A064QT41;A0A070JB53;A0A7U8QPA7;U9ZB98;H1DRQ9;A0A833K561;A0A070GGG8;A0AA36L2P0;H5K786;A0A071GR15;A0A1R1URR7;A0A7L7XC40;M8Q8G4;N2LHR7;A0A0D6K968;B3XCL3;A0A025YPJ9;A0A079H811;A0A2U8YIP3;H5PT70;D7ZZM7;A0AAC9ZJY7;A0A1H0IH05;A0A025CRG4;K3T704;A0A028T8A7;A0A069ZE66;A0A2S8E8L9;A0A828UUV5;A0A8F9NDY3;N2D7V0;A0A074FHL6;A0A029FW07;M8Q4B3;A0A026JK57;A0A070NC43;H5MNH8;A0A062YMI5;L3W5Q8;L4FM68;A0A3R0G4A8;A0A025Y1P8;A0A026HGI8;L2D6I9;A0A070Z1U4;A0A8F9HAG7;A2UFN2;A0A079Y5F3;A0A070PGD7;G2CCG7;A0A064J6H2;A0A028M8A7;T9P0W5;M9DJZ7;A0A0M7MUW5;A0A236B2M9;V0T9S5;V0XI97;V6P737;A0A0E1ZRX9;L4ZF29;A0AA86XJD1;T6V399;I4RCW4;A0A8F8DKB1;T7YUM7;B1LPR2;A0A079EY51;S1IMP6;A0A070RTY4;A0A0E3MYX1;N2R333;N3PMD5;A0A079DDI1;N3CM57;U0AEY6;A0A071CWM6;T9I115;A0A064PK06;A0A027WUV6;H0QFV7;A0A080CBD2;A0A027ZW54;N3YZR6;A0A064NU96;A0A0A8UHD5;T6MKB7;A0A064RTL3;L3VX55;A0A029JW27;A0A079F1R0;F9I2Y6;T9UZ06;A0A029GMK0;A0A071FYK2;A0A080H6N5;A0A140NFB2;S0UZA5;A0A079GNV2;A0A0E2U5C6;L4HE66;A0A026JX71;A0A070FS32;A0A5F1EAP5;H5NHX2;U5B800;L1X3U9;A0A017MBT3;A0AAN4NQU0;I2YEG8;A0A026VC22;A0A070J3Q3;A0A070MP71;L1ZNJ7;L1VTY1;K4VU74;M8ZP00;I6GD64;A0A070BNZ7;A0A071AD66;L1ZAW5;A0A027VR50;A0A028KMA5;A0A862ZP26;K4XI62;A0A062ZZC1;A0A074A729;A0A8H0XI10;A0A1S9JJC9;W1BZD4;F9CPS8;A0A0N1WWF2;N2MLY8;A0A079G0A2;S1KRM0;A0A7H8SQJ9;A0A0A7NQB5;A0A029NM72;G5Y4T1;M8KTK2;G0F4Q0;M4JJG2;M7UF13;A0A026UDE4;C5A187;N3YPV4;V1BSK9;A0A071H9Y2;A0A074BJA0;G5YAH8;A0A078WZ37;V1A7X4;A0A063AJD0;T9SQR3;A0A074G625;A0A080J5J6;L5FN75;A0A510H6K9;F4VM82;A0A078V5A2;H1FJ30;M8Y894;E9WK03;A0A080H410;N3N4W2;K4Y250;A0A062Y522;A0A079ZN91;L3LTW8;A0A073SRU7;A0A402ZT80;X7PLB3;M8SJ34;E1IVA2;I2XLM6;D3GTX3;T7IYS0;A0A026I6N3;A0A5F1H2A0;A0A8B3KGU9;A0AAN1SAC4;S1BDP9;N3K1Y6;U9Y3H4;A0A074CVU3;V0X108;S1CF45;X7JXJ9;A0A1X3J9P3;C8ULU2;A0A069TX75;G1ZS04;A0A1N7VC72;S1F5D2;H5JRQ6;A0AAD2UBT4;M8JQV0;A0A5C0L655;N3JSF9;N1NES7;B3HJP4;J9ZU68;A0A8A5GPE9;M9KS69;A0A028SVY7;N1T6U1;A0A070KXH5;A0A829DNY2;A0A079BBX8;A0A0X8TYW8;G1ZD55;J7QYT7;A0A025F221;L3EKQ1;E1I8S5;N4EFT9;V4FB08;T2G4M2;N4GDC4;W3UWG5;A0AAD2ZBG3;A0A5A4SV19;L3R5U7;A0A029FT58;A0A0E0Y559;H5LV03;L1VPN5;T6KKS6;A0A7U9B8C2;N3D9N9;M8RMV7;A0A017J555;A0A0H4S1Y9;I2UGL0;M8V101;M9K5P9;V0TTC3;A0A026JJP7;A0A025JCX1;A0A026NS77;N3RH71;A0A025GC75;A0A031MZ71;K3QHE4;A0A5A7D3C6;A0A026V3V7;A0A064RAL9;L4W5I7;N4MWI0;A0A069W5J9;A0A069Y498;A0AA92GE73;U0D5M5;M8KC87;A0A024LHJ2;A0ACC5TYD2;A0A079EQP0;A0A028CAC4;M2M736;T8F7M3;L2BVK9;A0A078ZV74;A0A659KEF4;A0A7Z8DP51;A0A029LND3;M8MJG6;A0A073XRC8;A0A074DXL0;A0A073SUX2;A0A399ATE0;A0A1S0UNE3;M8X1L1;H5L205;A0A073G469;N4MNT3;A0A025RND8;L3KQT3;A0A828R4H6;F4TNZ6;V0SHB1;G5XKP5;A0A064JBG3;A0ACD5GI53;L3EMJ3;A0A088M8B3;A0A7U5RJD4;L2CR12;A0A385WV04;D8BS47;A0A078UR46;V0A071;A0AAE6AI33;C8U021;A0A026XLN3;A0ABC8A0Y0;L2VR02;A0A079FB49;A0A074CRD5;A0A027WDR0;A0A028AI84;I2V7C6;A0A5R8U4Y6;A0A029PY83;I4JER4;V0Y643;G5TR03;A0A8F2TUY2;M9G1A1;A0A078ZR45;A0A5F1FFD2;A0A074HIM1;A0A070CWY9;F4NK91;A0A078W715;A0AA35FA04;L3VST7;N2KFD5;T7BVL6;A0AAD2VJN7,2,Bacteria,Unresolved,Unresolved,False,True,False,False,B4BCBD253788737B,0.994969666,0.9436622262001038,194
1176,805C6A1E291F3155,2497,UniProtKB/Swiss-Prot (reviewed representative),UPI0006BD5B91,A0A0M4L8I7;A0A0M4L8I7,240499,Calcarisporium arbuscula,Eukaryota,Ascomycota,True,True,True,False,805C6A1E291F3155,-0.00568833,0.9435584545135498,195
1232,B24DC3B1259E294E,2592,UniProtKB/Swiss-Prot (reviewed representative),UPI000F699C01,A0A3G9GQ29;A0A3G9GQ29,198730,Talaromyces verruculosus,Eukaryota,Ascomycota,True,True,True,False,B24DC3B1259E294E,-0.002433974,0.9433565735816956,196
1954,B9E3139B43D3A125,2620,UniProtKB/Swiss-Prot (reviewed representative),UPI0000E2AC8D,Q0CS88;Q0CS88,341663,Aspergillus terreus (strain NIH 2624 / FGSC A1156),Eukaryota,Ascomycota,True,True,True,False,B9E3139B43D3A125,-0.004161038,0.9428265690803528,197
1738,1EA0D0F91C78FDDD,5488,UniProtKB/TrEMBL (unreviewed representative),UPI00019602D3,A0AA44P6H1;A0A6M3ZII4;A0AAU8VC28;M1UFS7;A0A7Z2CD76;A0A1Z3CEK1;A0A3E1U566;A0AAE4BAC0;A0A7H8W2Y4;A0AAX1EWR5;A0A1V0AZE1;A0A410R7R3;A0A5Q3BIB6;A0A7G9PIK1;A0A270P572;O31782;O31782;A0A7Z1EDT7;A0A2V2R159;A0AAP5KYB9;A0A6H0H9F1;A0AAE2SJB0;A0A386VMG7;A0A2Z5P0R3,186817,Bacillaceae,Bacteria,Bacillota,True,True,True,False,1EA0D0F91C78FDDD,0.047009379,0.9425525069236756,198
1885,CB17C1804281EDFD,2521,UniProtKB/Swiss-Prot (reviewed representative),UPI000982C0F4,P9WEV0,1955450,Shuttle vector AtFAC9J20,Unresolved,Unresolved,True,True,True,False,CB17C1804281EDFD,-0.004770085,0.9424890875816344,199
4179,2AAEC9C333C953F5,313,UniProtKB/TrEMBL (unreviewed representative),UPI000160D377,H1R124;B5FA49;A0AAV3EUB4;A0A1B9PGH2;B5FA49;A9IAH4;A0A0E1Z1L0,511678,Aliivibrio,Bacteria,Pseudomonadota,True,True,True,False,2AAEC9C333C953F5,0.994875133,0.942373275756836,200
8120,15FA1F4BB98BB395,370,UniProtKB/Swiss-Prot (reviewed representative),UPI000012F01B,Q9PAN0;A0A1L2AC80;Q9PAN0,2371,Xylella fastidiosa,Bacteria,Pseudomonadota,False,True,False,False,15FA1F4BB98BB395,0.647790968,0.9420839548110962,201
4374,E2C0AC89B4AFF065,309,UniProtKB/TrEMBL (unreviewed representative),UPI00005E429E,K0X4J2;A0A1S9JTE8;D6III0;L4MN57;T8IZA5;A0A3T2V0I9;T6KWQ4;T6KZ35;T6EII5;T6G0U1;S1A6Z2;A0A027EA42;T9YNT8;L3U7W0;L3H3S3;G1YJP4;A0A7U9FDY8;A0AAN4H3J5;T6VQ04;L3RX44;A0A029M2L7;A0A0D7GQ53;B2TWJ5;A0A070U4D2;S1MJP4;E7T7C5;T6AHW6;T6AYS2;L3DUP9;T7GQ18;T7RGI6;B7NFU9;T7NB82;A0A6N3QTQ5;S1LG40;A0A1Q8MCF8;A0A070TRQ7;L5HY57;T7YYB9;L3CJF2;T7NCL2;E7SEM8;A0A1Q8PEJ2;I6DF80;L5GKD0;S1CQR5;V0ADA0;L3R481;T6R7G4;T7BJN0;L4XCR9;T7DZR4;T7IBC3;F3W576;T6ST34;L2XSU0;A0AAN4NE63;A0A3U1VUN1;L5ELE2;V0V232;A0A186CND7;I6FFU1;L4CP00;T5SZL2;A0A2K0Q3U1;T7ABN9;I6BFM8;T5VE62;S1KJP6;S0U1V1;A0A1E5HQC5;T6A3X3;A0A1S9JC39;A0A1S9KR68;A0A079CMA4;Q31TY9;L3IJY7;T5PM08;L4XFW9;V0ZWJ2;A0A6N3QW65;B2TWJ5;T7A788;Q31TY9;S1QVK6;U0BN11;D7JI21;L4TH23;L4KHG2;A0A1Q8ND03;S1PPM3;A0A2S8DAA9;V0WU39;T6RAL4;A0A403DZ51;A0A8E0J5A8;T7Y693;A0A2S8DWL5;T8D1U1;A0A074QH06;L3EWW5;T8AFA2;L4IA34;A0A829LVJ7;A0A200MYK3;A0A1W2M545;V0WIG2;L4WF71;T7LMC1;B7NFU9;L4QCU2;A0A6N3RBB4;V0ZKR7;A0A078YJG3;T7JCI5;T8KDQ6;D7XBB3;I4TNA4;L2ZY30;A0A7U8W6Y8;F4UH02;T8IS68;T7C7J7;A0A829J168;T6WNJ0;V4BWE6;S1M4U7;T6YXV7;A0A064RGF8;L2USH7;A0A0G2XFX2;A0A7U9AYM8,543,Enterobacteriaceae,Bacteria,Pseudomonadota,True,True,True,False,E2C0AC89B4AFF065,0.996944368,0.9417805075645448,202
4009,E2C0AC89B4AFF065,309,UniProtKB/TrEMBL (unreviewed representative),UPI00005E429E,K0X4J2;A0A1S9JTE8;D6III0;L4MN57;T8IZA5;A0A3T2V0I9;T6KWQ4;T6KZ35;T6EII5;T6G0U1;S1A6Z2;A0A027EA42;T9YNT8;L3U7W0;L3H3S3;G1YJP4;A0A7U9FDY8;A0AAN4H3J5;T6VQ04;L3RX44;A0A029M2L7;A0A0D7GQ53;B2TWJ5;A0A070U4D2;S1MJP4;E7T7C5;T6AHW6;T6AYS2;L3DUP9;T7GQ18;T7RGI6;B7NFU9;T7NB82;A0A6N3QTQ5;S1LG40;A0A1Q8MCF8;A0A070TRQ7;L5HY57;T7YYB9;L3CJF2;T7NCL2;E7SEM8;A0A1Q8PEJ2;I6DF80;L5GKD0;S1CQR5;V0ADA0;L3R481;T6R7G4;T7BJN0;L4XCR9;T7DZR4;T7IBC3;F3W576;T6ST34;L2XSU0;A0AAN4NE63;A0A3U1VUN1;L5ELE2;V0V232;A0A186CND7;I6FFU1;L4CP00;T5SZL2;A0A2K0Q3U1;T7ABN9;I6BFM8;T5VE62;S1KJP6;S0U1V1;A0A1E5HQC5;T6A3X3;A0A1S9JC39;A0A1S9KR68;A0A079CMA4;Q31TY9;L3IJY7;T5PM08;L4XFW9;V0ZWJ2;A0A6N3QW65;B2TWJ5;T7A788;Q31TY9;S1QVK6;U0BN11;D7JI21;L4TH23;L4KHG2;A0A1Q8ND03;S1PPM3;A0A2S8DAA9;V0WU39;T6RAL4;A0A403DZ51;A0A8E0J5A8;T7Y693;A0A2S8DWL5;T8D1U1;A0A074QH06;L3EWW5;T8AFA2;L4IA34;A0A829LVJ7;A0A200MYK3;A0A1W2M545;V0WIG2;L4WF71;T7LMC1;B7NFU9;L4QCU2;A0A6N3RBB4;V0ZKR7;A0A078YJG3;T7JCI5;T8KDQ6;D7XBB3;I4TNA4;L2ZY30;A0A7U8W6Y8;F4UH02;T8IS68;T7C7J7;A0A829J168;T6WNJ0;V4BWE6;S1M4U7;T6YXV7;A0A064RGF8;L2USH7;A0A0G2XFX2;A0A7U9AYM8,543,Enterobacteriaceae,Bacteria,Pseudomonadota,True,True,True,False,E2C0AC89B4AFF065,0.996944368,0.9417805075645448,202
6203,E2C0AC89B4AFF065,309,UniProtKB/TrEMBL (unreviewed representative),UPI00005E429E,K0X4J2;A0A1S9JTE8;D6III0;L4MN57;T8IZA5;A0A3T2V0I9;T6KWQ4;T6KZ35;T6EII5;T6G0U1;S1A6Z2;A0A027EA42;T9YNT8;L3U7W0;L3H3S3;G1YJP4;A0A7U9FDY8;A0AAN4H3J5;T6VQ04;L3RX44;A0A029M2L7;A0A0D7GQ53;B2TWJ5;A0A070U4D2;S1MJP4;E7T7C5;T6AHW6;T6AYS2;L3DUP9;T7GQ18;T7RGI6;B7NFU9;T7NB82;A0A6N3QTQ5;S1LG40;A0A1Q8MCF8;A0A070TRQ7;L5HY57;T7YYB9;L3CJF2;T7NCL2;E7SEM8;A0A1Q8PEJ2;I6DF80;L5GKD0;S1CQR5;V0ADA0;L3R481;T6R7G4;T7BJN0;L4XCR9;T7DZR4;T7IBC3;F3W576;T6ST34;L2XSU0;A0AAN4NE63;A0A3U1VUN1;L5ELE2;V0V232;A0A186CND7;I6FFU1;L4CP00;T5SZL2;A0A2K0Q3U1;T7ABN9;I6BFM8;T5VE62;S1KJP6;S0U1V1;A0A1E5HQC5;T6A3X3;A0A1S9JC39;A0A1S9KR68;A0A079CMA4;Q31TY9;L3IJY7;T5PM08;L4XFW9;V0ZWJ2;A0A6N3QW65;B2TWJ5;T7A788;Q31TY9;S1QVK6;U0BN11;D7JI21;L4TH23;L4KHG2;A0A1Q8ND03;S1PPM3;A0A2S8DAA9;V0WU39;T6RAL4;A0A403DZ51;A0A8E0J5A8;T7Y693;A0A2S8DWL5;T8D1U1;A0A074QH06;L3EWW5;T8AFA2;L4IA34;A0A829LVJ7;A0A200MYK3;A0A1W2M545;V0WIG2;L4WF71;T7LMC1;B7NFU9;L4QCU2;A0A6N3RBB4;V0ZKR7;A0A078YJG3;T7JCI5;T8KDQ6;D7XBB3;I4TNA4;L2ZY30;A0A7U8W6Y8;F4UH02;T8IS68;T7C7J7;A0A829J168;T6WNJ0;V4BWE6;S1M4U7;T6YXV7;A0A064RGF8;L2USH7;A0A0G2XFX2;A0A7U9AYM8,543,Enterobacteriaceae,Bacteria,Pseudomonadota,True,True,True,False,E2C0AC89B4AFF065,0.996944368,0.9417805075645448,202
5687,E2C0AC8872749C15,309,UniProtKB/TrEMBL (unreviewed representative),UPI00000DF367,L3H3F4;T6RXF3;T8DH17;T6EGF1;G7RH76;L4FAF7;L8CS02;T6NMU3;T7DDY1;L5C3A5;T8HLA4;V0URT7;V4EMQ9;L5E786;T7TJ36;T9DCB5;L4R1W0;T5Z2J0;T8MAS1;T9M8U1;L3ZFC7;T9F9E6;S1SFY0;T5ZN53;H4LKC2;L4KT18;L4QC90;T5MAR4;T6GX59;A0A073WXB8;L3AMZ6;T8GWG9;T9PEE0;A0A0A7X176;T6T3W6;T6D3P1;T6NJN0;A0A8E2J681;T8X933;T8LUP6;T5Y6F5;A0A8F2QKC9;T8VKS5;L3M0G7;A0A079XFB3;C2DTM9;T8PEG9;L2Y4H1;A0AAI9IRF1;T8HML4;T9UPG5;T7H8F0;A0A9Y1DN76;T6C5F2;T7ZTR4;L2U1D3;H4KYU2;L5FF18;V8S9L8;E3XJI6;T9I3Y6;E6ADC7;L3LCT2;T7KKA2;L3SRJ8;T5LZJ3;T5X7Z8;A0A0G3J2X6;T8KY11;U1EK10;V0RHM2;L3XH13;E4P5N4;T6VCS1;B7MRD7;L4GQL6;A0A064LBQ2;B7MIZ5;L5HZR1;T5P7E8;A0A8F2PT30;L5ASL6;T6SY51;T7UBH1;T5WT45;T9VYH1;L4XPE4;T9BVP9;L4SJU0;S0X2C9;T7PW74;T6PXM9;E1RYC3;I4SM64;A0A080FRG1;T7NXS0;L3ZLT4;T8R1V0;T9K6N2;L5DCR6;L4WE72;L2WZQ3;A0A3Y4JTM9;T5V9B7;L2UR43;E9VDE1;A0A0H3EPT3;A0A073E9T1;S0UWA8;T9UQC9;T7JX40;T9YZ19;T7FXY0;T5XES1;T9W1U2;H4JV99;L3BFE6;F4U1V6;L4T331;V1CZC8;V8S887;T2MYH7;A0A9P2GKL9;T5QI14;L3DFG8;B7MRD7;A0A080DZV6;Q0TA56;T6ZET4;T9LVU7;I4V2L3;T6SHH0;V4DKC8;L3G834;T7KBM9;T5RUX8;A0A079JJI5;T8W6F0;T6YZM0;L4RP88;V8TBL1;T7B1T9;A0A064LXZ6;A0A2D0NXX7;U0AHP0;T7L7D8;T6PW25;T5NUZ5;T6GPW9;H4JGB0;T5MCU0;L3MV56;A0A074FE00;T7U8J2;T9DXP5;A0A3B7LLP7;T7I665;T5QI80;V1B843;B7UPG4;T8QQC7;T8EQ64;V8JGJ6;L2XMP5;T6Y0V6;A0A7U2ZA18;D8C9R3;T8X4M8;T5U545;L5A477;L4H0R7;A0A029IGH1;S1ANU9;T8V452;V0UWZ4;T7DGI6;T5W8U2;S0TKV1;T7ZAW3;T9R9H1;U0AVN6;A0A073D0S8;L3PCG0;H1ENP6;T9D9J2;H4KQ64;T9GM27;T9RGY2;R9EAT6;T9FHR6;T9ZES7;T9L1S8;T7U2J1;T6HMM9;T9R5N0;A0A1X3KM34;A0A029HCC5;I2ZCE4;L3CSA4;E9VVL8;L4B0M0;V2RKA2;T7XSY2;T9PZ53;A0A022HG67;E9UBS2;S0TGM5;T6DT58;S1R2N8;T5RQ69;A0A0K8KES6;L5BXL0;T8YR66;L4AC01;L5GSK5;T8PWQ8;L2YJ94;T6EU98;D7Z523;T6GLF6;T9J497;T8UF96;E0R4Z5;T8GKB3;L3YUQ9;L3RY53;L4T291;Q8FB64;A0A403KQF9;A0A064KIH4;T6L4E2;T6RDR9;L4DSH4;T6ITW6;T8Q4G1;L4BES9;T9TV12;T8S7R2;L4YXB2;T9Z1I1;V8SVQ8;L4DNX4;T5YMK5;T7VC37;T8T3A1;T9N9U5;T8N1F3;T6V4R9;T6FZH0;L3NND2;L3CYV3;T6ZFT2;T7WJB5;E1PBL0;D5D6K3;T5N3N2;S0YY52;T7UDS4;Q0TA56;T8Q678;L4TR32;T9F6X2;A0A7U9FSG9;T8BL63;T9QS26;A0A073WPZ6;L3SP45;A0A073YLP9;T7SJL5;A0A5A5ZB89;E7UC20;L4ISJ3;T8DPB9;T6RXE8;T6Y2U4;V2RB30;A0A0W3CMY0;T5SRB7;T8AKH7;L4NCK0;T8TNA0;A0A0G2SHH4;C1HQ25;N2BR25;T9FAU3;A0A069V4G3;Q1R3T4;T6DYQ6;T7S7R8;L5BA65;T6BTB6;A1AII3;T8NWG1;E2QJ35;T9YWL8;L4YGG5;V4BD89;V4FCC2;E5ZSR4;U0D6A3;T6Q1P8;T9NJ03;T6B923;T9M2C0;V2SGP9;T9ZFE7;L2WAD4;G5KVH8;L3MXP7;S1PSJ5;A0A0E2LCR0;T8V4Z5;T5T6C4;T6JW03;H4I490;T9C5Q1;L3AQH8;L4A820;L5FDQ6;E6AHW9;B7MIZ5;T6VII3;H4IJ97;T7S1C5;A0A5C0H607;V1C1F8;L3WJ77;V2SFK3;T7W9B0;Q8FB64;T9RFQ2;Q1R3T4;H8DFY2;B3HRN1;L3GGF9;T7DDQ2;A0A7D6UT35;L4V169;T6IEE8;L4DMB2;A0A0A6FFE5;G7R8Q2;A0A026TAA1;L3PIH1;E7JIT4;T5VNJ8;A0A828U8V3;D8BF83;T7BIR8;T8C9F8;H4KAL7;R6UP49;T8GSG5;T6NB12;T9GI59;T9TTV1;T6W6P9;S1Q4U4;L4QQX1;T9W2I4;T8EXC0;H4J081;L3NQ51;A0A8E0IVE6;T8IUP0;L4T416;A0A009EJF5;T9AYP0;T8Z4C4;V4BJF7;E9TTC9;A0A084Z109;H3KWV1;K3ICF3;T8CGS6;T9BQ05;S1FT68;A0A073H815;A0A073ZBC6;T5UL54;L3FZS3;T7M7L2;L5IWN0;T7MFB9;T9CT74;A0A0D8VYX0;S1PEE6;T8BDR0;T7GR25;A0A031QRL6;A1AII3;L5J813;L5D6R0;T5PCR1;L5EBE2;I2Z219;X7PYY2;L3AJB9;L4YR46;X7Q9C3;A0A080ARG7;A0A074AZ06;A0A3G2UF97;A0A1S7CT94;L5GSY4;L4TG16;B7UPG4;T8UFU1;T8B2X8,543,Enterobacteriaceae,Bacteria,Pseudomonadota,True,True,True,False,E2C0AC8872749C15,0.996931136,0.9414005875587464,203
4357,E2C0AC8872749C15,309,UniProtKB/TrEMBL (unreviewed representative),UPI00000DF367,L3H3F4;T6RXF3;T8DH17;T6EGF1;G7RH76;L4FAF7;L8CS02;T6NMU3;T7DDY1;L5C3A5;T8HLA4;V0URT7;V4EMQ9;L5E786;T7TJ36;T9DCB5;L4R1W0;T5Z2J0;T8MAS1;T9M8U1;L3ZFC7;T9F9E6;S1SFY0;T5ZN53;H4LKC2;L4KT18;L4QC90;T5MAR4;T6GX59;A0A073WXB8;L3AMZ6;T8GWG9;T9PEE0;A0A0A7X176;T6T3W6;T6D3P1;T6NJN0;A0A8E2J681;T8X933;T8LUP6;T5Y6F5;A0A8F2QKC9;T8VKS5;L3M0G7;A0A079XFB3;C2DTM9;T8PEG9;L2Y4H1;A0AAI9IRF1;T8HML4;T9UPG5;T7H8F0;A0A9Y1DN76;T6C5F2;T7ZTR4;L2U1D3;H4KYU2;L5FF18;V8S9L8;E3XJI6;T9I3Y6;E6ADC7;L3LCT2;T7KKA2;L3SRJ8;T5LZJ3;T5X7Z8;A0A0G3J2X6;T8KY11;U1EK10;V0RHM2;L3XH13;E4P5N4;T6VCS1;B7MRD7;L4GQL6;A0A064LBQ2;B7MIZ5;L5HZR1;T5P7E8;A0A8F2PT30;L5ASL6;T6SY51;T7UBH1;T5WT45;T9VYH1;L4XPE4;T9BVP9;L4SJU0;S0X2C9;T7PW74;T6PXM9;E1RYC3;I4SM64;A0A080FRG1;T7NXS0;L3ZLT4;T8R1V0;T9K6N2;L5DCR6;L4WE72;L2WZQ3;A0A3Y4JTM9;T5V9B7;L2UR43;E9VDE1;A0A0H3EPT3;A0A073E9T1;S0UWA8;T9UQC9;T7JX40;T9YZ19;T7FXY0;T5XES1;T9W1U2;H4JV99;L3BFE6;F4U1V6;L4T331;V1CZC8;V8S887;T2MYH7;A0A9P2GKL9;T5QI14;L3DFG8;B7MRD7;A0A080DZV6;Q0TA56;T6ZET4;T9LVU7;I4V2L3;T6SHH0;V4DKC8;L3G834;T7KBM9;T5RUX8;A0A079JJI5;T8W6F0;T6YZM0;L4RP88;V8TBL1;T7B1T9;A0A064LXZ6;A0A2D0NXX7;U0AHP0;T7L7D8;T6PW25;T5NUZ5;T6GPW9;H4JGB0;T5MCU0;L3MV56;A0A074FE00;T7U8J2;T9DXP5;A0A3B7LLP7;T7I665;T5QI80;V1B843;B7UPG4;T8QQC7;T8EQ64;V8JGJ6;L2XMP5;T6Y0V6;A0A7U2ZA18;D8C9R3;T8X4M8;T5U545;L5A477;L4H0R7;A0A029IGH1;S1ANU9;T8V452;V0UWZ4;T7DGI6;T5W8U2;S0TKV1;T7ZAW3;T9R9H1;U0AVN6;A0A073D0S8;L3PCG0;H1ENP6;T9D9J2;H4KQ64;T9GM27;T9RGY2;R9EAT6;T9FHR6;T9ZES7;T9L1S8;T7U2J1;T6HMM9;T9R5N0;A0A1X3KM34;A0A029HCC5;I2ZCE4;L3CSA4;E9VVL8;L4B0M0;V2RKA2;T7XSY2;T9PZ53;A0A022HG67;E9UBS2;S0TGM5;T6DT58;S1R2N8;T5RQ69;A0A0K8KES6;L5BXL0;T8YR66;L4AC01;L5GSK5;T8PWQ8;L2YJ94;T6EU98;D7Z523;T6GLF6;T9J497;T8UF96;E0R4Z5;T8GKB3;L3YUQ9;L3RY53;L4T291;Q8FB64;A0A403KQF9;A0A064KIH4;T6L4E2;T6RDR9;L4DSH4;T6ITW6;T8Q4G1;L4BES9;T9TV12;T8S7R2;L4YXB2;T9Z1I1;V8SVQ8;L4DNX4;T5YMK5;T7VC37;T8T3A1;T9N9U5;T8N1F3;T6V4R9;T6FZH0;L3NND2;L3CYV3;T6ZFT2;T7WJB5;E1PBL0;D5D6K3;T5N3N2;S0YY52;T7UDS4;Q0TA56;T8Q678;L4TR32;T9F6X2;A0A7U9FSG9;T8BL63;T9QS26;A0A073WPZ6;L3SP45;A0A073YLP9;T7SJL5;A0A5A5ZB89;E7UC20;L4ISJ3;T8DPB9;T6RXE8;T6Y2U4;V2RB30;A0A0W3CMY0;T5SRB7;T8AKH7;L4NCK0;T8TNA0;A0A0G2SHH4;C1HQ25;N2BR25;T9FAU3;A0A069V4G3;Q1R3T4;T6DYQ6;T7S7R8;L5BA65;T6BTB6;A1AII3;T8NWG1;E2QJ35;T9YWL8;L4YGG5;V4BD89;V4FCC2;E5ZSR4;U0D6A3;T6Q1P8;T9NJ03;T6B923;T9M2C0;V2SGP9;T9ZFE7;L2WAD4;G5KVH8;L3MXP7;S1PSJ5;A0A0E2LCR0;T8V4Z5;T5T6C4;T6JW03;H4I490;T9C5Q1;L3AQH8;L4A820;L5FDQ6;E6AHW9;B7MIZ5;T6VII3;H4IJ97;T7S1C5;A0A5C0H607;V1C1F8;L3WJ77;V2SFK3;T7W9B0;Q8FB64;T9RFQ2;Q1R3T4;H8DFY2;B3HRN1;L3GGF9;T7DDQ2;A0A7D6UT35;L4V169;T6IEE8;L4DMB2;A0A0A6FFE5;G7R8Q2;A0A026TAA1;L3PIH1;E7JIT4;T5VNJ8;A0A828U8V3;D8BF83;T7BIR8;T8C9F8;H4KAL7;R6UP49;T8GSG5;T6NB12;T9GI59;T9TTV1;T6W6P9;S1Q4U4;L4QQX1;T9W2I4;T8EXC0;H4J081;L3NQ51;A0A8E0IVE6;T8IUP0;L4T416;A0A009EJF5;T9AYP0;T8Z4C4;V4BJF7;E9TTC9;A0A084Z109;H3KWV1;K3ICF3;T8CGS6;T9BQ05;S1FT68;A0A073H815;A0A073ZBC6;T5UL54;L3FZS3;T7M7L2;L5IWN0;T7MFB9;T9CT74;A0A0D8VYX0;S1PEE6;T8BDR0;T7GR25;A0A031QRL6;A1AII3;L5J813;L5D6R0;T5PCR1;L5EBE2;I2Z219;X7PYY2;L3AJB9;L4YR46;X7Q9C3;A0A080ARG7;A0A074AZ06;A0A3G2UF97;A0A1S7CT94;L5GSY4;L4TG16;B7UPG4;T8UFU1;T8B2X8,543,Enterobacteriaceae,Bacteria,Pseudomonadota,True,True,True,False,E2C0AC8872749C15,0.996931136,0.9414005875587464,203
7695,E2C0AC8872749C15,309,UniProtKB/TrEMBL (unreviewed representative),UPI00000DF367,L3H3F4;T6RXF3;T8DH17;T6EGF1;G7RH76;L4FAF7;L8CS02;T6NMU3;T7DDY1;L5C3A5;T8HLA4;V0URT7;V4EMQ9;L5E786;T7TJ36;T9DCB5;L4R1W0;T5Z2J0;T8MAS1;T9M8U1;L3ZFC7;T9F9E6;S1SFY0;T5ZN53;H4LKC2;L4KT18;L4QC90;T5MAR4;T6GX59;A0A073WXB8;L3AMZ6;T8GWG9;T9PEE0;A0A0A7X176;T6T3W6;T6D3P1;T6NJN0;A0A8E2J681;T8X933;T8LUP6;T5Y6F5;A0A8F2QKC9;T8VKS5;L3M0G7;A0A079XFB3;C2DTM9;T8PEG9;L2Y4H1;A0AAI9IRF1;T8HML4;T9UPG5;T7H8F0;A0A9Y1DN76;T6C5F2;T7ZTR4;L2U1D3;H4KYU2;L5FF18;V8S9L8;E3XJI6;T9I3Y6;E6ADC7;L3LCT2;T7KKA2;L3SRJ8;T5LZJ3;T5X7Z8;A0A0G3J2X6;T8KY11;U1EK10;V0RHM2;L3XH13;E4P5N4;T6VCS1;B7MRD7;L4GQL6;A0A064LBQ2;B7MIZ5;L5HZR1;T5P7E8;A0A8F2PT30;L5ASL6;T6SY51;T7UBH1;T5WT45;T9VYH1;L4XPE4;T9BVP9;L4SJU0;S0X2C9;T7PW74;T6PXM9;E1RYC3;I4SM64;A0A080FRG1;T7NXS0;L3ZLT4;T8R1V0;T9K6N2;L5DCR6;L4WE72;L2WZQ3;A0A3Y4JTM9;T5V9B7;L2UR43;E9VDE1;A0A0H3EPT3;A0A073E9T1;S0UWA8;T9UQC9;T7JX40;T9YZ19;T7FXY0;T5XES1;T9W1U2;H4JV99;L3BFE6;F4U1V6;L4T331;V1CZC8;V8S887;T2MYH7;A0A9P2GKL9;T5QI14;L3DFG8;B7MRD7;A0A080DZV6;Q0TA56;T6ZET4;T9LVU7;I4V2L3;T6SHH0;V4DKC8;L3G834;T7KBM9;T5RUX8;A0A079JJI5;T8W6F0;T6YZM0;L4RP88;V8TBL1;T7B1T9;A0A064LXZ6;A0A2D0NXX7;U0AHP0;T7L7D8;T6PW25;T5NUZ5;T6GPW9;H4JGB0;T5MCU0;L3MV56;A0A074FE00;T7U8J2;T9DXP5;A0A3B7LLP7;T7I665;T5QI80;V1B843;B7UPG4;T8QQC7;T8EQ64;V8JGJ6;L2XMP5;T6Y0V6;A0A7U2ZA18;D8C9R3;T8X4M8;T5U545;L5A477;L4H0R7;A0A029IGH1;S1ANU9;T8V452;V0UWZ4;T7DGI6;T5W8U2;S0TKV1;T7ZAW3;T9R9H1;U0AVN6;A0A073D0S8;L3PCG0;H1ENP6;T9D9J2;H4KQ64;T9GM27;T9RGY2;R9EAT6;T9FHR6;T9ZES7;T9L1S8;T7U2J1;T6HMM9;T9R5N0;A0A1X3KM34;A0A029HCC5;I2ZCE4;L3CSA4;E9VVL8;L4B0M0;V2RKA2;T7XSY2;T9PZ53;A0A022HG67;E9UBS2;S0TGM5;T6DT58;S1R2N8;T5RQ69;A0A0K8KES6;L5BXL0;T8YR66;L4AC01;L5GSK5;T8PWQ8;L2YJ94;T6EU98;D7Z523;T6GLF6;T9J497;T8UF96;E0R4Z5;T8GKB3;L3YUQ9;L3RY53;L4T291;Q8FB64;A0A403KQF9;A0A064KIH4;T6L4E2;T6RDR9;L4DSH4;T6ITW6;T8Q4G1;L4BES9;T9TV12;T8S7R2;L4YXB2;T9Z1I1;V8SVQ8;L4DNX4;T5YMK5;T7VC37;T8T3A1;T9N9U5;T8N1F3;T6V4R9;T6FZH0;L3NND2;L3CYV3;T6ZFT2;T7WJB5;E1PBL0;D5D6K3;T5N3N2;S0YY52;T7UDS4;Q0TA56;T8Q678;L4TR32;T9F6X2;A0A7U9FSG9;T8BL63;T9QS26;A0A073WPZ6;L3SP45;A0A073YLP9;T7SJL5;A0A5A5ZB89;E7UC20;L4ISJ3;T8DPB9;T6RXE8;T6Y2U4;V2RB30;A0A0W3CMY0;T5SRB7;T8AKH7;L4NCK0;T8TNA0;A0A0G2SHH4;C1HQ25;N2BR25;T9FAU3;A0A069V4G3;Q1R3T4;T6DYQ6;T7S7R8;L5BA65;T6BTB6;A1AII3;T8NWG1;E2QJ35;T9YWL8;L4YGG5;V4BD89;V4FCC2;E5ZSR4;U0D6A3;T6Q1P8;T9NJ03;T6B923;T9M2C0;V2SGP9;T9ZFE7;L2WAD4;G5KVH8;L3MXP7;S1PSJ5;A0A0E2LCR0;T8V4Z5;T5T6C4;T6JW03;H4I490;T9C5Q1;L3AQH8;L4A820;L5FDQ6;E6AHW9;B7MIZ5;T6VII3;H4IJ97;T7S1C5;A0A5C0H607;V1C1F8;L3WJ77;V2SFK3;T7W9B0;Q8FB64;T9RFQ2;Q1R3T4;H8DFY2;B3HRN1;L3GGF9;T7DDQ2;A0A7D6UT35;L4V169;T6IEE8;L4DMB2;A0A0A6FFE5;G7R8Q2;A0A026TAA1;L3PIH1;E7JIT4;T5VNJ8;A0A828U8V3;D8BF83;T7BIR8;T8C9F8;H4KAL7;R6UP49;T8GSG5;T6NB12;T9GI59;T9TTV1;T6W6P9;S1Q4U4;L4QQX1;T9W2I4;T8EXC0;H4J081;L3NQ51;A0A8E0IVE6;T8IUP0;L4T416;A0A009EJF5;T9AYP0;T8Z4C4;V4BJF7;E9TTC9;A0A084Z109;H3KWV1;K3ICF3;T8CGS6;T9BQ05;S1FT68;A0A073H815;A0A073ZBC6;T5UL54;L3FZS3;T7M7L2;L5IWN0;T7MFB9;T9CT74;A0A0D8VYX0;S1PEE6;T8BDR0;T7GR25;A0A031QRL6;A1AII3;L5J813;L5D6R0;T5PCR1;L5EBE2;I2Z219;X7PYY2;L3AJB9;L4YR46;X7Q9C3;A0A080ARG7;A0A074AZ06;A0A3G2UF97;A0A1S7CT94;L5GSY4;L4TG16;B7UPG4;T8UFU1;T8B2X8,543,Enterobacteriaceae,Bacteria,Pseudomonadota,True,True,True,False,E2C0AC8872749C15,0.996931136,0.9414005875587464,203
4392,E2C0AC8872749C15,309,UniProtKB/TrEMBL (unreviewed representative),UPI00000DF367,L3H3F4;T6RXF3;T8DH17;T6EGF1;G7RH76;L4FAF7;L8CS02;T6NMU3;T7DDY1;L5C3A5;T8HLA4;V0URT7;V4EMQ9;L5E786;T7TJ36;T9DCB5;L4R1W0;T5Z2J0;T8MAS1;T9M8U1;L3ZFC7;T9F9E6;S1SFY0;T5ZN53;H4LKC2;L4KT18;L4QC90;T5MAR4;T6GX59;A0A073WXB8;L3AMZ6;T8GWG9;T9PEE0;A0A0A7X176;T6T3W6;T6D3P1;T6NJN0;A0A8E2J681;T8X933;T8LUP6;T5Y6F5;A0A8F2QKC9;T8VKS5;L3M0G7;A0A079XFB3;C2DTM9;T8PEG9;L2Y4H1;A0AAI9IRF1;T8HML4;T9UPG5;T7H8F0;A0A9Y1DN76;T6C5F2;T7ZTR4;L2U1D3;H4KYU2;L5FF18;V8S9L8;E3XJI6;T9I3Y6;E6ADC7;L3LCT2;T7KKA2;L3SRJ8;T5LZJ3;T5X7Z8;A0A0G3J2X6;T8KY11;U1EK10;V0RHM2;L3XH13;E4P5N4;T6VCS1;B7MRD7;L4GQL6;A0A064LBQ2;B7MIZ5;L5HZR1;T5P7E8;A0A8F2PT30;L5ASL6;T6SY51;T7UBH1;T5WT45;T9VYH1;L4XPE4;T9BVP9;L4SJU0;S0X2C9;T7PW74;T6PXM9;E1RYC3;I4SM64;A0A080FRG1;T7NXS0;L3ZLT4;T8R1V0;T9K6N2;L5DCR6;L4WE72;L2WZQ3;A0A3Y4JTM9;T5V9B7;L2UR43;E9VDE1;A0A0H3EPT3;A0A073E9T1;S0UWA8;T9UQC9;T7JX40;T9YZ19;T7FXY0;T5XES1;T9W1U2;H4JV99;L3BFE6;F4U1V6;L4T331;V1CZC8;V8S887;T2MYH7;A0A9P2GKL9;T5QI14;L3DFG8;B7MRD7;A0A080DZV6;Q0TA56;T6ZET4;T9LVU7;I4V2L3;T6SHH0;V4DKC8;L3G834;T7KBM9;T5RUX8;A0A079JJI5;T8W6F0;T6YZM0;L4RP88;V8TBL1;T7B1T9;A0A064LXZ6;A0A2D0NXX7;U0AHP0;T7L7D8;T6PW25;T5NUZ5;T6GPW9;H4JGB0;T5MCU0;L3MV56;A0A074FE00;T7U8J2;T9DXP5;A0A3B7LLP7;T7I665;T5QI80;V1B843;B7UPG4;T8QQC7;T8EQ64;V8JGJ6;L2XMP5;T6Y0V6;A0A7U2ZA18;D8C9R3;T8X4M8;T5U545;L5A477;L4H0R7;A0A029IGH1;S1ANU9;T8V452;V0UWZ4;T7DGI6;T5W8U2;S0TKV1;T7ZAW3;T9R9H1;U0AVN6;A0A073D0S8;L3PCG0;H1ENP6;T9D9J2;H4KQ64;T9GM27;T9RGY2;R9EAT6;T9FHR6;T9ZES7;T9L1S8;T7U2J1;T6HMM9;T9R5N0;A0A1X3KM34;A0A029HCC5;I2ZCE4;L3CSA4;E9VVL8;L4B0M0;V2RKA2;T7XSY2;T9PZ53;A0A022HG67;E9UBS2;S0TGM5;T6DT58;S1R2N8;T5RQ69;A0A0K8KES6;L5BXL0;T8YR66;L4AC01;L5GSK5;T8PWQ8;L2YJ94;T6EU98;D7Z523;T6GLF6;T9J497;T8UF96;E0R4Z5;T8GKB3;L3YUQ9;L3RY53;L4T291;Q8FB64;A0A403KQF9;A0A064KIH4;T6L4E2;T6RDR9;L4DSH4;T6ITW6;T8Q4G1;L4BES9;T9TV12;T8S7R2;L4YXB2;T9Z1I1;V8SVQ8;L4DNX4;T5YMK5;T7VC37;T8T3A1;T9N9U5;T8N1F3;T6V4R9;T6FZH0;L3NND2;L3CYV3;T6ZFT2;T7WJB5;E1PBL0;D5D6K3;T5N3N2;S0YY52;T7UDS4;Q0TA56;T8Q678;L4TR32;T9F6X2;A0A7U9FSG9;T8BL63;T9QS26;A0A073WPZ6;L3SP45;A0A073YLP9;T7SJL5;A0A5A5ZB89;E7UC20;L4ISJ3;T8DPB9;T6RXE8;T6Y2U4;V2RB30;A0A0W3CMY0;T5SRB7;T8AKH7;L4NCK0;T8TNA0;A0A0G2SHH4;C1HQ25;N2BR25;T9FAU3;A0A069V4G3;Q1R3T4;T6DYQ6;T7S7R8;L5BA65;T6BTB6;A1AII3;T8NWG1;E2QJ35;T9YWL8;L4YGG5;V4BD89;V4FCC2;E5ZSR4;U0D6A3;T6Q1P8;T9NJ03;T6B923;T9M2C0;V2SGP9;T9ZFE7;L2WAD4;G5KVH8;L3MXP7;S1PSJ5;A0A0E2LCR0;T8V4Z5;T5T6C4;T6JW03;H4I490;T9C5Q1;L3AQH8;L4A820;L5FDQ6;E6AHW9;B7MIZ5;T6VII3;H4IJ97;T7S1C5;A0A5C0H607;V1C1F8;L3WJ77;V2SFK3;T7W9B0;Q8FB64;T9RFQ2;Q1R3T4;H8DFY2;B3HRN1;L3GGF9;T7DDQ2;A0A7D6UT35;L4V169;T6IEE8;L4DMB2;A0A0A6FFE5;G7R8Q2;A0A026TAA1;L3PIH1;E7JIT4;T5VNJ8;A0A828U8V3;D8BF83;T7BIR8;T8C9F8;H4KAL7;R6UP49;T8GSG5;T6NB12;T9GI59;T9TTV1;T6W6P9;S1Q4U4;L4QQX1;T9W2I4;T8EXC0;H4J081;L3NQ51;A0A8E0IVE6;T8IUP0;L4T416;A0A009EJF5;T9AYP0;T8Z4C4;V4BJF7;E9TTC9;A0A084Z109;H3KWV1;K3ICF3;T8CGS6;T9BQ05;S1FT68;A0A073H815;A0A073ZBC6;T5UL54;L3FZS3;T7M7L2;L5IWN0;T7MFB9;T9CT74;A0A0D8VYX0;S1PEE6;T8BDR0;T7GR25;A0A031QRL6;A1AII3;L5J813;L5D6R0;T5PCR1;L5EBE2;I2Z219;X7PYY2;L3AJB9;L4YR46;X7Q9C3;A0A080ARG7;A0A074AZ06;A0A3G2UF97;A0A1S7CT94;L5GSY4;L4TG16;B7UPG4;T8UFU1;T8B2X8,543,Enterobacteriaceae,Bacteria,Pseudomonadota,True,True,True,False,E2C0AC8872749C15,0.996931136,0.9414005875587464,203
2793,E2C0AC8872749C15,309,UniProtKB/TrEMBL (unreviewed representative),UPI00000DF367,L3H3F4;T6RXF3;T8DH17;T6EGF1;G7RH76;L4FAF7;L8CS02;T6NMU3;T7DDY1;L5C3A5;T8HLA4;V0URT7;V4EMQ9;L5E786;T7TJ36;T9DCB5;L4R1W0;T5Z2J0;T8MAS1;T9M8U1;L3ZFC7;T9F9E6;S1SFY0;T5ZN53;H4LKC2;L4KT18;L4QC90;T5MAR4;T6GX59;A0A073WXB8;L3AMZ6;T8GWG9;T9PEE0;A0A0A7X176;T6T3W6;T6D3P1;T6NJN0;A0A8E2J681;T8X933;T8LUP6;T5Y6F5;A0A8F2QKC9;T8VKS5;L3M0G7;A0A079XFB3;C2DTM9;T8PEG9;L2Y4H1;A0AAI9IRF1;T8HML4;T9UPG5;T7H8F0;A0A9Y1DN76;T6C5F2;T7ZTR4;L2U1D3;H4KYU2;L5FF18;V8S9L8;E3XJI6;T9I3Y6;E6ADC7;L3LCT2;T7KKA2;L3SRJ8;T5LZJ3;T5X7Z8;A0A0G3J2X6;T8KY11;U1EK10;V0RHM2;L3XH13;E4P5N4;T6VCS1;B7MRD7;L4GQL6;A0A064LBQ2;B7MIZ5;L5HZR1;T5P7E8;A0A8F2PT30;L5ASL6;T6SY51;T7UBH1;T5WT45;T9VYH1;L4XPE4;T9BVP9;L4SJU0;S0X2C9;T7PW74;T6PXM9;E1RYC3;I4SM64;A0A080FRG1;T7NXS0;L3ZLT4;T8R1V0;T9K6N2;L5DCR6;L4WE72;L2WZQ3;A0A3Y4JTM9;T5V9B7;L2UR43;E9VDE1;A0A0H3EPT3;A0A073E9T1;S0UWA8;T9UQC9;T7JX40;T9YZ19;T7FXY0;T5XES1;T9W1U2;H4JV99;L3BFE6;F4U1V6;L4T331;V1CZC8;V8S887;T2MYH7;A0A9P2GKL9;T5QI14;L3DFG8;B7MRD7;A0A080DZV6;Q0TA56;T6ZET4;T9LVU7;I4V2L3;T6SHH0;V4DKC8;L3G834;T7KBM9;T5RUX8;A0A079JJI5;T8W6F0;T6YZM0;L4RP88;V8TBL1;T7B1T9;A0A064LXZ6;A0A2D0NXX7;U0AHP0;T7L7D8;T6PW25;T5NUZ5;T6GPW9;H4JGB0;T5MCU0;L3MV56;A0A074FE00;T7U8J2;T9DXP5;A0A3B7LLP7;T7I665;T5QI80;V1B843;B7UPG4;T8QQC7;T8EQ64;V8JGJ6;L2XMP5;T6Y0V6;A0A7U2ZA18;D8C9R3;T8X4M8;T5U545;L5A477;L4H0R7;A0A029IGH1;S1ANU9;T8V452;V0UWZ4;T7DGI6;T5W8U2;S0TKV1;T7ZAW3;T9R9H1;U0AVN6;A0A073D0S8;L3PCG0;H1ENP6;T9D9J2;H4KQ64;T9GM27;T9RGY2;R9EAT6;T9FHR6;T9ZES7;T9L1S8;T7U2J1;T6HMM9;T9R5N0;A0A1X3KM34;A0A029HCC5;I2ZCE4;L3CSA4;E9VVL8;L4B0M0;V2RKA2;T7XSY2;T9PZ53;A0A022HG67;E9UBS2;S0TGM5;T6DT58;S1R2N8;T5RQ69;A0A0K8KES6;L5BXL0;T8YR66;L4AC01;L5GSK5;T8PWQ8;L2YJ94;T6EU98;D7Z523;T6GLF6;T9J497;T8UF96;E0R4Z5;T8GKB3;L3YUQ9;L3RY53;L4T291;Q8FB64;A0A403KQF9;A0A064KIH4;T6L4E2;T6RDR9;L4DSH4;T6ITW6;T8Q4G1;L4BES9;T9TV12;T8S7R2;L4YXB2;T9Z1I1;V8SVQ8;L4DNX4;T5YMK5;T7VC37;T8T3A1;T9N9U5;T8N1F3;T6V4R9;T6FZH0;L3NND2;L3CYV3;T6ZFT2;T7WJB5;E1PBL0;D5D6K3;T5N3N2;S0YY52;T7UDS4;Q0TA56;T8Q678;L4TR32;T9F6X2;A0A7U9FSG9;T8BL63;T9QS26;A0A073WPZ6;L3SP45;A0A073YLP9;T7SJL5;A0A5A5ZB89;E7UC20;L4ISJ3;T8DPB9;T6RXE8;T6Y2U4;V2RB30;A0A0W3CMY0;T5SRB7;T8AKH7;L4NCK0;T8TNA0;A0A0G2SHH4;C1HQ25;N2BR25;T9FAU3;A0A069V4G3;Q1R3T4;T6DYQ6;T7S7R8;L5BA65;T6BTB6;A1AII3;T8NWG1;E2QJ35;T9YWL8;L4YGG5;V4BD89;V4FCC2;E5ZSR4;U0D6A3;T6Q1P8;T9NJ03;T6B923;T9M2C0;V2SGP9;T9ZFE7;L2WAD4;G5KVH8;L3MXP7;S1PSJ5;A0A0E2LCR0;T8V4Z5;T5T6C4;T6JW03;H4I490;T9C5Q1;L3AQH8;L4A820;L5FDQ6;E6AHW9;B7MIZ5;T6VII3;H4IJ97;T7S1C5;A0A5C0H607;V1C1F8;L3WJ77;V2SFK3;T7W9B0;Q8FB64;T9RFQ2;Q1R3T4;H8DFY2;B3HRN1;L3GGF9;T7DDQ2;A0A7D6UT35;L4V169;T6IEE8;L4DMB2;A0A0A6FFE5;G7R8Q2;A0A026TAA1;L3PIH1;E7JIT4;T5VNJ8;A0A828U8V3;D8BF83;T7BIR8;T8C9F8;H4KAL7;R6UP49;T8GSG5;T6NB12;T9GI59;T9TTV1;T6W6P9;S1Q4U4;L4QQX1;T9W2I4;T8EXC0;H4J081;L3NQ51;A0A8E0IVE6;T8IUP0;L4T416;A0A009EJF5;T9AYP0;T8Z4C4;V4BJF7;E9TTC9;A0A084Z109;H3KWV1;K3ICF3;T8CGS6;T9BQ05;S1FT68;A0A073H815;A0A073ZBC6;T5UL54;L3FZS3;T7M7L2;L5IWN0;T7MFB9;T9CT74;A0A0D8VYX0;S1PEE6;T8BDR0;T7GR25;A0A031QRL6;A1AII3;L5J813;L5D6R0;T5PCR1;L5EBE2;I2Z219;X7PYY2;L3AJB9;L4YR46;X7Q9C3;A0A080ARG7;A0A074AZ06;A0A3G2UF97;A0A1S7CT94;L5GSY4;L4TG16;B7UPG4;T8UFU1;T8B2X8,543,Enterobacteriaceae,Bacteria,Pseudomonadota,True,True,True,False,E2C0AC8872749C15,0.996931136,0.9414005875587464,203
5935,E2C0AC8872749C15,309,UniProtKB/TrEMBL (unreviewed representative),UPI00000DF367,L3H3F4;T6RXF3;T8DH17;T6EGF1;G7RH76;L4FAF7;L8CS02;T6NMU3;T7DDY1;L5C3A5;T8HLA4;V0URT7;V4EMQ9;L5E786;T7TJ36;T9DCB5;L4R1W0;T5Z2J0;T8MAS1;T9M8U1;L3ZFC7;T9F9E6;S1SFY0;T5ZN53;H4LKC2;L4KT18;L4QC90;T5MAR4;T6GX59;A0A073WXB8;L3AMZ6;T8GWG9;T9PEE0;A0A0A7X176;T6T3W6;T6D3P1;T6NJN0;A0A8E2J681;T8X933;T8LUP6;T5Y6F5;A0A8F2QKC9;T8VKS5;L3M0G7;A0A079XFB3;C2DTM9;T8PEG9;L2Y4H1;A0AAI9IRF1;T8HML4;T9UPG5;T7H8F0;A0A9Y1DN76;T6C5F2;T7ZTR4;L2U1D3;H4KYU2;L5FF18;V8S9L8;E3XJI6;T9I3Y6;E6ADC7;L3LCT2;T7KKA2;L3SRJ8;T5LZJ3;T5X7Z8;A0A0G3J2X6;T8KY11;U1EK10;V0RHM2;L3XH13;E4P5N4;T6VCS1;B7MRD7;L4GQL6;A0A064LBQ2;B7MIZ5;L5HZR1;T5P7E8;A0A8F2PT30;L5ASL6;T6SY51;T7UBH1;T5WT45;T9VYH1;L4XPE4;T9BVP9;L4SJU0;S0X2C9;T7PW74;T6PXM9;E1RYC3;I4SM64;A0A080FRG1;T7NXS0;L3ZLT4;T8R1V0;T9K6N2;L5DCR6;L4WE72;L2WZQ3;A0A3Y4JTM9;T5V9B7;L2UR43;E9VDE1;A0A0H3EPT3;A0A073E9T1;S0UWA8;T9UQC9;T7JX40;T9YZ19;T7FXY0;T5XES1;T9W1U2;H4JV99;L3BFE6;F4U1V6;L4T331;V1CZC8;V8S887;T2MYH7;A0A9P2GKL9;T5QI14;L3DFG8;B7MRD7;A0A080DZV6;Q0TA56;T6ZET4;T9LVU7;I4V2L3;T6SHH0;V4DKC8;L3G834;T7KBM9;T5RUX8;A0A079JJI5;T8W6F0;T6YZM0;L4RP88;V8TBL1;T7B1T9;A0A064LXZ6;A0A2D0NXX7;U0AHP0;T7L7D8;T6PW25;T5NUZ5;T6GPW9;H4JGB0;T5MCU0;L3MV56;A0A074FE00;T7U8J2;T9DXP5;A0A3B7LLP7;T7I665;T5QI80;V1B843;B7UPG4;T8QQC7;T8EQ64;V8JGJ6;L2XMP5;T6Y0V6;A0A7U2ZA18;D8C9R3;T8X4M8;T5U545;L5A477;L4H0R7;A0A029IGH1;S1ANU9;T8V452;V0UWZ4;T7DGI6;T5W8U2;S0TKV1;T7ZAW3;T9R9H1;U0AVN6;A0A073D0S8;L3PCG0;H1ENP6;T9D9J2;H4KQ64;T9GM27;T9RGY2;R9EAT6;T9FHR6;T9ZES7;T9L1S8;T7U2J1;T6HMM9;T9R5N0;A0A1X3KM34;A0A029HCC5;I2ZCE4;L3CSA4;E9VVL8;L4B0M0;V2RKA2;T7XSY2;T9PZ53;A0A022HG67;E9UBS2;S0TGM5;T6DT58;S1R2N8;T5RQ69;A0A0K8KES6;L5BXL0;T8YR66;L4AC01;L5GSK5;T8PWQ8;L2YJ94;T6EU98;D7Z523;T6GLF6;T9J497;T8UF96;E0R4Z5;T8GKB3;L3YUQ9;L3RY53;L4T291;Q8FB64;A0A403KQF9;A0A064KIH4;T6L4E2;T6RDR9;L4DSH4;T6ITW6;T8Q4G1;L4BES9;T9TV12;T8S7R2;L4YXB2;T9Z1I1;V8SVQ8;L4DNX4;T5YMK5;T7VC37;T8T3A1;T9N9U5;T8N1F3;T6V4R9;T6FZH0;L3NND2;L3CYV3;T6ZFT2;T7WJB5;E1PBL0;D5D6K3;T5N3N2;S0YY52;T7UDS4;Q0TA56;T8Q678;L4TR32;T9F6X2;A0A7U9FSG9;T8BL63;T9QS26;A0A073WPZ6;L3SP45;A0A073YLP9;T7SJL5;A0A5A5ZB89;E7UC20;L4ISJ3;T8DPB9;T6RXE8;T6Y2U4;V2RB30;A0A0W3CMY0;T5SRB7;T8AKH7;L4NCK0;T8TNA0;A0A0G2SHH4;C1HQ25;N2BR25;T9FAU3;A0A069V4G3;Q1R3T4;T6DYQ6;T7S7R8;L5BA65;T6BTB6;A1AII3;T8NWG1;E2QJ35;T9YWL8;L4YGG5;V4BD89;V4FCC2;E5ZSR4;U0D6A3;T6Q1P8;T9NJ03;T6B923;T9M2C0;V2SGP9;T9ZFE7;L2WAD4;G5KVH8;L3MXP7;S1PSJ5;A0A0E2LCR0;T8V4Z5;T5T6C4;T6JW03;H4I490;T9C5Q1;L3AQH8;L4A820;L5FDQ6;E6AHW9;B7MIZ5;T6VII3;H4IJ97;T7S1C5;A0A5C0H607;V1C1F8;L3WJ77;V2SFK3;T7W9B0;Q8FB64;T9RFQ2;Q1R3T4;H8DFY2;B3HRN1;L3GGF9;T7DDQ2;A0A7D6UT35;L4V169;T6IEE8;L4DMB2;A0A0A6FFE5;G7R8Q2;A0A026TAA1;L3PIH1;E7JIT4;T5VNJ8;A0A828U8V3;D8BF83;T7BIR8;T8C9F8;H4KAL7;R6UP49;T8GSG5;T6NB12;T9GI59;T9TTV1;T6W6P9;S1Q4U4;L4QQX1;T9W2I4;T8EXC0;H4J081;L3NQ51;A0A8E0IVE6;T8IUP0;L4T416;A0A009EJF5;T9AYP0;T8Z4C4;V4BJF7;E9TTC9;A0A084Z109;H3KWV1;K3ICF3;T8CGS6;T9BQ05;S1FT68;A0A073H815;A0A073ZBC6;T5UL54;L3FZS3;T7M7L2;L5IWN0;T7MFB9;T9CT74;A0A0D8VYX0;S1PEE6;T8BDR0;T7GR25;A0A031QRL6;A1AII3;L5J813;L5D6R0;T5PCR1;L5EBE2;I2Z219;X7PYY2;L3AJB9;L4YR46;X7Q9C3;A0A080ARG7;A0A074AZ06;A0A3G2UF97;A0A1S7CT94;L5GSY4;L4TG16;B7UPG4;T8UFU1;T8B2X8,543,Enterobacteriaceae,Bacteria,Pseudomonadota,True,True,True,False,E2C0AC8872749C15,0.996931136,0.9414005875587464,203
4361,E2C0AC8872749C15,309,UniProtKB/TrEMBL (unreviewed representative),UPI00000DF367,L3H3F4;T6RXF3;T8DH17;T6EGF1;G7RH76;L4FAF7;L8CS02;T6NMU3;T7DDY1;L5C3A5;T8HLA4;V0URT7;V4EMQ9;L5E786;T7TJ36;T9DCB5;L4R1W0;T5Z2J0;T8MAS1;T9M8U1;L3ZFC7;T9F9E6;S1SFY0;T5ZN53;H4LKC2;L4KT18;L4QC90;T5MAR4;T6GX59;A0A073WXB8;L3AMZ6;T8GWG9;T9PEE0;A0A0A7X176;T6T3W6;T6D3P1;T6NJN0;A0A8E2J681;T8X933;T8LUP6;T5Y6F5;A0A8F2QKC9;T8VKS5;L3M0G7;A0A079XFB3;C2DTM9;T8PEG9;L2Y4H1;A0AAI9IRF1;T8HML4;T9UPG5;T7H8F0;A0A9Y1DN76;T6C5F2;T7ZTR4;L2U1D3;H4KYU2;L5FF18;V8S9L8;E3XJI6;T9I3Y6;E6ADC7;L3LCT2;T7KKA2;L3SRJ8;T5LZJ3;T5X7Z8;A0A0G3J2X6;T8KY11;U1EK10;V0RHM2;L3XH13;E4P5N4;T6VCS1;B7MRD7;L4GQL6;A0A064LBQ2;B7MIZ5;L5HZR1;T5P7E8;A0A8F2PT30;L5ASL6;T6SY51;T7UBH1;T5WT45;T9VYH1;L4XPE4;T9BVP9;L4SJU0;S0X2C9;T7PW74;T6PXM9;E1RYC3;I4SM64;A0A080FRG1;T7NXS0;L3ZLT4;T8R1V0;T9K6N2;L5DCR6;L4WE72;L2WZQ3;A0A3Y4JTM9;T5V9B7;L2UR43;E9VDE1;A0A0H3EPT3;A0A073E9T1;S0UWA8;T9UQC9;T7JX40;T9YZ19;T7FXY0;T5XES1;T9W1U2;H4JV99;L3BFE6;F4U1V6;L4T331;V1CZC8;V8S887;T2MYH7;A0A9P2GKL9;T5QI14;L3DFG8;B7MRD7;A0A080DZV6;Q0TA56;T6ZET4;T9LVU7;I4V2L3;T6SHH0;V4DKC8;L3G834;T7KBM9;T5RUX8;A0A079JJI5;T8W6F0;T6YZM0;L4RP88;V8TBL1;T7B1T9;A0A064LXZ6;A0A2D0NXX7;U0AHP0;T7L7D8;T6PW25;T5NUZ5;T6GPW9;H4JGB0;T5MCU0;L3MV56;A0A074FE00;T7U8J2;T9DXP5;A0A3B7LLP7;T7I665;T5QI80;V1B843;B7UPG4;T8QQC7;T8EQ64;V8JGJ6;L2XMP5;T6Y0V6;A0A7U2ZA18;D8C9R3;T8X4M8;T5U545;L5A477;L4H0R7;A0A029IGH1;S1ANU9;T8V452;V0UWZ4;T7DGI6;T5W8U2;S0TKV1;T7ZAW3;T9R9H1;U0AVN6;A0A073D0S8;L3PCG0;H1ENP6;T9D9J2;H4KQ64;T9GM27;T9RGY2;R9EAT6;T9FHR6;T9ZES7;T9L1S8;T7U2J1;T6HMM9;T9R5N0;A0A1X3KM34;A0A029HCC5;I2ZCE4;L3CSA4;E9VVL8;L4B0M0;V2RKA2;T7XSY2;T9PZ53;A0A022HG67;E9UBS2;S0TGM5;T6DT58;S1R2N8;T5RQ69;A0A0K8KES6;L5BXL0;T8YR66;L4AC01;L5GSK5;T8PWQ8;L2YJ94;T6EU98;D7Z523;T6GLF6;T9J497;T8UF96;E0R4Z5;T8GKB3;L3YUQ9;L3RY53;L4T291;Q8FB64;A0A403KQF9;A0A064KIH4;T6L4E2;T6RDR9;L4DSH4;T6ITW6;T8Q4G1;L4BES9;T9TV12;T8S7R2;L4YXB2;T9Z1I1;V8SVQ8;L4DNX4;T5YMK5;T7VC37;T8T3A1;T9N9U5;T8N1F3;T6V4R9;T6FZH0;L3NND2;L3CYV3;T6ZFT2;T7WJB5;E1PBL0;D5D6K3;T5N3N2;S0YY52;T7UDS4;Q0TA56;T8Q678;L4TR32;T9F6X2;A0A7U9FSG9;T8BL63;T9QS26;A0A073WPZ6;L3SP45;A0A073YLP9;T7SJL5;A0A5A5ZB89;E7UC20;L4ISJ3;T8DPB9;T6RXE8;T6Y2U4;V2RB30;A0A0W3CMY0;T5SRB7;T8AKH7;L4NCK0;T8TNA0;A0A0G2SHH4;C1HQ25;N2BR25;T9FAU3;A0A069V4G3;Q1R3T4;T6DYQ6;T7S7R8;L5BA65;T6BTB6;A1AII3;T8NWG1;E2QJ35;T9YWL8;L4YGG5;V4BD89;V4FCC2;E5ZSR4;U0D6A3;T6Q1P8;T9NJ03;T6B923;T9M2C0;V2SGP9;T9ZFE7;L2WAD4;G5KVH8;L3MXP7;S1PSJ5;A0A0E2LCR0;T8V4Z5;T5T6C4;T6JW03;H4I490;T9C5Q1;L3AQH8;L4A820;L5FDQ6;E6AHW9;B7MIZ5;T6VII3;H4IJ97;T7S1C5;A0A5C0H607;V1C1F8;L3WJ77;V2SFK3;T7W9B0;Q8FB64;T9RFQ2;Q1R3T4;H8DFY2;B3HRN1;L3GGF9;T7DDQ2;A0A7D6UT35;L4V169;T6IEE8;L4DMB2;A0A0A6FFE5;G7R8Q2;A0A026TAA1;L3PIH1;E7JIT4;T5VNJ8;A0A828U8V3;D8BF83;T7BIR8;T8C9F8;H4KAL7;R6UP49;T8GSG5;T6NB12;T9GI59;T9TTV1;T6W6P9;S1Q4U4;L4QQX1;T9W2I4;T8EXC0;H4J081;L3NQ51;A0A8E0IVE6;T8IUP0;L4T416;A0A009EJF5;T9AYP0;T8Z4C4;V4BJF7;E9TTC9;A0A084Z109;H3KWV1;K3ICF3;T8CGS6;T9BQ05;S1FT68;A0A073H815;A0A073ZBC6;T5UL54;L3FZS3;T7M7L2;L5IWN0;T7MFB9;T9CT74;A0A0D8VYX0;S1PEE6;T8BDR0;T7GR25;A0A031QRL6;A1AII3;L5J813;L5D6R0;T5PCR1;L5EBE2;I2Z219;X7PYY2;L3AJB9;L4YR46;X7Q9C3;A0A080ARG7;A0A074AZ06;A0A3G2UF97;A0A1S7CT94;L5GSY4;L4TG16;B7UPG4;T8UFU1;T8B2X8,543,Enterobacteriaceae,Bacteria,Pseudomonadota,True,True,True,False,E2C0AC8872749C15,0.996931136,0.9414005875587464,203
5741,D9A1C98D2500EC77,314,UniProtKB/Swiss-Prot (reviewed representative),UPI00005538B1,Q12L09;Q3P4P1;Q12L09,192073,Shewanella denitrificans,Bacteria,Pseudomonadota,True,True,True,False,D9A1C98D2500EC77,0.995138705,0.9410836100578308,204
1250,BDED5A012290C7FE,4042,UniProtKB/Swiss-Prot (reviewed representative),UPI0018A4AE6A,A0A7L8UVC9;A0A7L8UVC9,41900,Aspergillus flavipes,Eukaryota,Ascomycota,True,True,True,False,BDED5A012290C7FE,-0.005197091,0.940352737903595,205
3353,F21ED192E89B7BB4,309,UniProtKB/TrEMBL (unreviewed representative),UPI0001576A2A,K1NHB7;A0A066DD27;Z5HFZ2;A0A066H1H8;A0A065GN34;S2CLH8;V3RAP0;V9ZRM4;W1CLE2;A0A064YX48;V3ESF2;A0A066E1N6;W8VIE0;A0A065SD13;A0A064UGH4;A0A065QT94;A0A3S4NDB4;A0A065BD38;S1U0U1;A0A066F4A8;W0XIL6;S2BEI5;A0ACD7TVE6;W1LFP8;X7FFB2;Z5BG27;Z5E4R3;S1Z039;Z4ZCQ4;A0A065YQ90;A0A065UEM9;S2G145;A0ACC7R110;S1VD98;A0A065G4U7;K1NXN5;A0A065VD05;Z5KRM8;A0A065RUR3;Z4XF77;I7K8A6;M2AFA3;A0A0F6D4G1;A0A3R0FF71;V3KIQ7;A0A2G8AAQ5;Z5AF90;Z5JPH1;Z5BSP9;J2SMT6;Z5I6K2;A0A065QHE1;J2GKB5;R9BCY7;M5SQ69;Z5G7R4;A0A066LH11;S6ZK58;A0A2N4VYK2;G8W535;A0A065DXN3;A0A031TFM9;S2D2U1;A0A065T1K8;A0A1E3CIH4;A0A0A7WLG0;A0A066B1Y2;A6TGR5;A0A037UFS8;Z5WLT2;A0A059YHH5;A0A065HF55;A0A064W1S3;A0A1D3KN18;A0A072MF17;A0A066BPU0;S7CLE1;A0A066EX64;J2UZK3;A0A065ANZ6;A0A059YA62;A0A0P7MCK6;S7ED41;W8XMG3;A0A1K2DN28;A0A0M1T2I9;Z5QLB3;A0A1Y0Q9R3;S1WK56;G0GTM0;V2ZYD5;Z5R8U8;A0A066MF97;Z5NI97;A0A065HP96;J2NJ06;W1HMX0;A0A066DM63;A0A064XTE0;A0A065D845;A0A065LEL5;S7ADX7;S7C836;A0A501ASX5;A0A9P2W934;A0A031V672;S2I689;A0A065IKN0;R4Y4D8;A0A065LK63;V2ZTE4;A0A066HT93;V3F5I2;Z5E780;S2IU54;A0A066KV42;S7G4B4;S1XB84;Z5FRC0;A0A7U7F0A3;Z5AFC9;A0A065WUI2;V3TP31;J2PMH4;S2D3J0;W0YGW1;S2HHK2;A0A065D1E2;A0A066A4C7;J2D3C5;S1VKS4;W8VQ55;A0A065BSL6;A0A065K2Q6;S2B5N2;V2YQH7;A0A1K2D9P7;J1YGF9;J2LXC6;M7Q0W5;W1EHE1;F3Q6I6;A0A065P0J4;A0A066GR68;A0A031UUN5;S7D650;A0A065HJ20;A0A065LWA4;S7Z374;Z5WHU4;A0A065K1X0;A0ACC7QKK0;K1MG63;S1U872;A0A066K2G6;A0A0H4ZL82;S7GKI4;Z5T3G9;Z5JBZ5;A0A064VY42;A0A066HXC2;A0A0H4Z288;V0AFX8;A0A075VCV0;J2MFH5;A0A065Y8U2;A0A066CA19;A0A031VZZ7;A0A064Z331;V3AYQ6;A0A210WNJ1;A0A031S9W0;V3U753;Z4YTL4;A0A076ZSM4;Z5NXD3;S1UV75;S7AB07;Z5ND73;Z5SAZ3;Z5IYC1;S7FVV3;V3N033;A0A066NDF1;V3QMH3;Z4ZZM4;S2A7Q0;Z5QQ96;K4RT09;S7CNQ4;M5GW87;S2AFB1;A0A066E445;Z5LIA1;S3KVK1;V3HEL1;S1XE03;A0A064UHU9;A0A065T465;U6T4A2;A0A0G8G0J4;S7BPV3;A0A0K0GSA6;V3N1Z8;Z5Q277;J2W087;A0A066ATQ3;A0A064X6N1;Z5L347;Z5FC71;A0A065ZU48;A0A2G3XGM2;V3CJ59;S7DHN8;J2U0N1;S2EME4;Z5FMR4;A0A065IJV4;A0AAE3UPB8;A0A0H3GKU1;Z5H5B9;A0A072E4N9;W7KFR5;Z5RHI5;A0A652PM60;A0AAU7H6L6;Z4XRN2;A0A065Z5W1;A0A0A5M685;A0A064X452;A0A0M1XHF4;M7R1E2;S7A2B5;V3I4F8;S2FVM9;A0A031TQM7;S1T169;A0A066FK22;J1U3G5;V3B4V6;S6YHI3;A0AAE9AMX7;A0ACC7Q725;Z4YAF7;A0A066JF40;J1Z990;A0A031S992;K4SWP6;M5QNL4;K4H9Y5;A0A065G2K0;J2QZB5;V3B0N5;A6TGR5;V3KK92;Z5M8N7;A0A068JQ76;A0A065PSA3;S2FB09;S7H797;A0A378E9I7;U5MHN8;Z5D8J5;Z5V1Z9;A0A378B610;A0A065XPN2;A0A0H4YLB2;A0A031UDA5;A0A065ADC9;A0A484YR43;S7F5A0;V3HFG8;Z5TSI5;A0A065TIS9;A0A4V0HKQ4;S1V739;S7AW23;Z5GUV4;A0A065JVS9;Z5STE0;A0A065NA49;Z5SJD7;S7ED18;Z5CRS9;A0A065C6T5;A0A0A8AVV6;S2IQB4;S7HZC5;A0A065EJI4;A0A064VDZ3;A0A064YQB6;A0A065N0B8;A0A065P6F8;U7BH79;S1YBF8;A0A065F652;V3EMN1;A0A016RE19;A0A9Q2DI64;A0A377S150;C4X012;J2A2E8;Z5UXG4;A0A0H5A201;A0A065MYW9;A0A072EA68;A0A0M2QWP8;A0A8T7RAY8;J1XLP2;A0A066CQ21;V3K620;S1ZU06;Z5BNE1;A0A065VZ33;A0A7U9D240;A0A8B5SWI2;V3C2Y5;S6Y7L8;W1E327;A0A031SXF3;S2GTP7;K1P7A1;Z5MGW7;Z5NDL5;A0A0E1D115;K4U7C2;A0A064XWM9;A0A066IUG9;A0A0J2G448;J2UIW4;J1WLE6;A0A065UNR6;J2JRI1;Z5KEQ9;A0A065QLJ8;A0A065S7M4;A0A068K8E7;A0A068HPX5;A0A065JGT6;W0YGZ8;A0A065WUJ8;W1B549;A0A066KVP0;U7AN39;S7Z794;Z4Z3H5;A0A065V7U5;G9RJS5;A0A064TLB8;A0A0P0JAF7;C8TDE1;Z5V7H1;A0A065CD93;J2LZE1;S7BAE6;A0A066LP27;J2NXG2;S2FBE6;A0A0W8APP2;A0A0E1CLJ0;Z5IIJ4;S6YS53;A0A066B7I9;S1YL66;A0A016R819;M3V5J8;A0A066I7M0;S2D772;A0A065ES17;V3M959;A0A1C1EKR0;S1VNW0;A0A066MVN8;U7B2E6;Z5EIK0;A0A065A2T0;A0A065XN60,2,Bacteria,Unresolved,Unresolved,True,True,True,False,F21ED192E89B7BB4,0.996506751,0.9402822852134703,206
2798,860B944F14182932,371,UniProtKB/TrEMBL (unreviewed representative),UPI000057A6B0,Q3FY62;A1AUS2;A1AUS2,29543,Pelobacter propionicus,Bacteria,Thermodesulfobacteriota,False,True,False,False,860B944F14182932,0.007434108,0.9402405023574828,207
4696,745AD36E68E20C5E,297,UniProtKB/Swiss-Prot (reviewed representative),UPI00019AD565,C5C246;C0TT53;C5C246,84757,Beutenbergia cavernae,Bacteria,Actinomycetota,True,False,False,False,745AD36E68E20C5E,0.265217662,0.939831018447876,208
4405,A66ADD14B7F9661D,313,UniProtKB/Swiss-Prot (reviewed representative),UPI000188955B,B7VPB2;A0ABX3BCD3;A0A1E5EGQ2;B7VPB2;A0A2N7I340;A0A1C3IR72;A0A1E5ET65,662,Vibrio,Bacteria,Pseudomonadota,True,True,True,False,A66ADD14B7F9661D,0.994861424,0.9398170113563538,209
4797,947499A0D2FA5C08,5571,UniProtKB/Swiss-Prot (reviewed representative),UPI0001E440BF,E0D203;A0ABM8G2X8;E0D203,1482599,Streptomyces halstedii subgroup,Bacteria,Actinomycetota,True,True,True,False,947499A0D2FA5C08,-0.00594614,0.939790427684784,210
241,FAEE3BC2107F000E,290,UniProtKB/TrEMBL (unreviewed representative),UPI000013DE51,A4Z6T7;Q2MLG8;P11245,9606,Homo sapiens,Eukaryota,Chordata,False,True,False,False,FAEE3BC2107F000E,0.997211066,0.9396907091140748,211
1184,B2691DB3EBD8FF7A,2359,UniProtKB/Swiss-Prot (reviewed representative),UPI00073C80EC,A0A0U4ZX08;A0A0U4ZX08,454130,Aspergillus calidoustus,Eukaryota,Ascomycota,True,True,True,False,B2691DB3EBD8FF7A,-0.004657242,0.9396305084228516,212
1205,AABD082662F29E88,2910,UniProtKB/Swiss-Prot (reviewed representative),UPI0009CE305A,A0A1V6PAF7;A0A1V6PAF7,69771,Penicillium decumbens,Eukaryota,Ascomycota,True,True,True,False,AABD082662F29E88,-0.005006078,0.9395998120307922,213
2825,38F96181D8DC379C,321,UniProtKB/Swiss-Prot (reviewed representative),UPI0000EB5837,A1JN67;A0A094UFV5;A0A8B6KT19;A1JN67;A0A485DJJ8;A0A4U9IPE6;K1BWU8;A0A0T9SRH2;A0ACH1C851;A0A0B6IM31;A0A0H5KGQ9,630,Yersinia enterocolitica,Bacteria,Pseudomonadota,True,True,True,False,38F96181D8DC379C,-0.005180924,0.9394990801811218,214
6215,E2D22E187274830A,309,UniProtKB/TrEMBL (unreviewed representative),UPI00005E38F3,T6IYY8;L4UVU6;A0A5A7DFF8;L4FQN8;A0A4S5AHX9;A0A8F2Q9D3;A0A4S4ZWP6;T7QCQ7;T5ZN23;A0A7U8RNT9;T8KG36;V2SF00;A0A025ZG31;T8JI78;A0A070V489;L3YS33;M2NP53;T5NLB0;A0A025ILT4;E9T8R7;A0A828S4G2;T8W5G2;U9Z0W6;L4ERL2;A0A090NRY1;L3J728;A0A070Q0G0;V3HW96;N4CDE3;T6FT56;A0A5E8G2V9;A0A826LCU1;M9HR77;A0A0G3JJ41;N3ZJU2;N4A534;A0A564TRB9;A0A064SW17;T8SHH9;Q328N3;T8LT45;A0AAD2NUY3;I2RE74;A0A073D9J1;L4JMD5;A0A235MF79;A0A1R1U4A3;T9Q736;S0VF20;T5TSK2;Q328N3;A0A071A3P7;A0A659ZQJ3;A0A026KGH9;L3PUY1;N2FP01;E2X3S9;A0A070PE14;B6I5M1;N4RR22;A0A6D2WS02;I4NH94;A0A080BYE7;V0ZLT5;N4A1Y6;A0A7U4MP28;A0A8E0K726;N4B1F2;V6E9H1;A0A023KIL6;L3NQC5;A0A6I4KDP5;A0A064NHF8;N3YNF0;L4EJL2;V8KN23;A0A829II50;S1A3F6;A0A7U9BHE0;A0A1S9JFQ6;A0A2X2HNY7;F1ZQC6;L2X526;B6I5M1;L3BYV4;L3ITR2;F4W2T6;I4SFK1;A0A024KMR7;S1IRP2;N4BX80;D3GSY7;A0A064QUC2;D6IGU7;N4CJZ1;L3Q560;A0A1Q8M9H2;D7ZDS3;N4B8U4;A0A017JF32;N2D224;U9VC69;G2CC66;A0AAN4HVP6;A0AA49J758;N4B3J1;A0A070ZWS2;A0A090NBF2;F4V8Z6;A0A1X3HYQ6;E9YWI6;X7PTB9;A0A7Z8BGH8,2,Bacteria,Unresolved,Unresolved,True,True,True,False,E2D22E187274830A,0.996759593,0.939443588256836,215
4257,E2D22E187274830A,309,UniProtKB/TrEMBL (unreviewed representative),UPI00005E38F3,T6IYY8;L4UVU6;A0A5A7DFF8;L4FQN8;A0A4S5AHX9;A0A8F2Q9D3;A0A4S4ZWP6;T7QCQ7;T5ZN23;A0A7U8RNT9;T8KG36;V2SF00;A0A025ZG31;T8JI78;A0A070V489;L3YS33;M2NP53;T5NLB0;A0A025ILT4;E9T8R7;A0A828S4G2;T8W5G2;U9Z0W6;L4ERL2;A0A090NRY1;L3J728;A0A070Q0G0;V3HW96;N4CDE3;T6FT56;A0A5E8G2V9;A0A826LCU1;M9HR77;A0A0G3JJ41;N3ZJU2;N4A534;A0A564TRB9;A0A064SW17;T8SHH9;Q328N3;T8LT45;A0AAD2NUY3;I2RE74;A0A073D9J1;L4JMD5;A0A235MF79;A0A1R1U4A3;T9Q736;S0VF20;T5TSK2;Q328N3;A0A071A3P7;A0A659ZQJ3;A0A026KGH9;L3PUY1;N2FP01;E2X3S9;A0A070PE14;B6I5M1;N4RR22;A0A6D2WS02;I4NH94;A0A080BYE7;V0ZLT5;N4A1Y6;A0A7U4MP28;A0A8E0K726;N4B1F2;V6E9H1;A0A023KIL6;L3NQC5;A0A6I4KDP5;A0A064NHF8;N3YNF0;L4EJL2;V8KN23;A0A829II50;S1A3F6;A0A7U9BHE0;A0A1S9JFQ6;A0A2X2HNY7;F1ZQC6;L2X526;B6I5M1;L3BYV4;L3ITR2;F4W2T6;I4SFK1;A0A024KMR7;S1IRP2;N4BX80;D3GSY7;A0A064QUC2;D6IGU7;N4CJZ1;L3Q560;A0A1Q8M9H2;D7ZDS3;N4B8U4;A0A017JF32;N2D224;U9VC69;G2CC66;A0AAN4HVP6;A0AA49J758;N4B3J1;A0A070ZWS2;A0A090NBF2;F4V8Z6;A0A1X3HYQ6;E9YWI6;X7PTB9;A0A7Z8BGH8,2,Bacteria,Unresolved,Unresolved,True,True,True,False,E2D22E187274830A,0.996759593,0.939443588256836,215
4564,E942A97E01C13E47,306,UniProtKB/TrEMBL (unreviewed representative),UPI00000DD972,A0A8D9XQC8;N8EBW0;N7A7R9;N7XX02;U4VKT4;N8JZZ2;N7USI7;U7VSU0;A0A074KC01;N7UCS1;N7SAN7;S3PQJ1;N6ZPW3;N8GNK3;Q2YKB2;G8SWQ0;U5CHJ0;A0AAE7T8S4;N7CQY1;A0A4Z0F579;D0BH41;A0A9P2X5K2;A0A7L9LSP8;U7YGP6;A9WYG6;A0A292DU64;C9UA36;N7J5H8;U7W5A9;N7E1Z1;N7Q6T1;N8G1J2;A0ABM9Z920;N7DT01;N8C937;N7C1I9;H3PZ86;A0A7U8PZ01;G8T5A0;A0A2X1DV97;H3QN96;A0A0J9B355;Q577P3;N8D8Z6;U7WB49;U7YEW4;A0A0M1WI99;C9UTK6;N7VPS1;A0AAE9RTX8;U7YVC3;R8VVS3;N7AFT4;N7RAG0;S3P3R0;S3QQW7;A0A5P3L9P1;A0A6V8RL51;D1EII3;N8I7D2;N7MFT0;S3RGA2;U7XJM7;N7H434;N7KP75;S3W2V0;N7T4U3;U7ZUS7;N7GIS2;A0A080PA92;N7ETK4;N8EZ74;N8K3R1;F2HYC4;N7V743;N7JYL4;A0A381ATY2;S3VKF0;Q8FWG9;N7RGL9;A0A1B3QL44;N7K9Z3;N8CU87;N7E8K1;A0ABM9ZR07;N8CGU1;N7M2C8;A0A0M4SET8;A0A080QQN5;N7VVQ2;N8FWK2;A0A1Q2LCA3;A0A2D2BTG9;V5PL51;A0A235A9W6;A0A1B3RKH3;N7B8D0;A0A7U8JV67;A0A1S1ZE56;D1F428;A0A0U4D1L1;N8J5J1;N7FUR0;S3RUX5;A0A7U8KNZ3;N7IMF9;N7Z8T0;N8JC30;A0A7U8JGR3;S3VNG6;N8BR66;N7XQ31;A0A070AYE0;A0A0E1X4P3;A0A1B3RCR1;A9MBD0;H3PTI4;N7TA49;N8A6B0;N7Y5G0;C9VPY9;C7LHX6;A0A024EWB9;N8LBS3;N7EBU5;V5PF80;C0RL20;C9TRX0;A0A853IIF6;S3S439;H3R4B6;N7FC05;N7U3S9;N7BI89;B2SBF6;S3SZA3;A9MBD0;N8AXG4;S3R5E9;A0A7U8J8W4;D0AU54;S3W951;N7CK87;N7YDL6;A0A060F5K5;A0AAC8WYG0;S3WHY4;U7WZ95;A0A844WGH4;N7ZMN2;U8A7T5;C0RL20;A0A3G4RGC2;N8IDT2;A0A086RFH2;A0A0J5RMM8;A0A6G9ZX78;A0A8E0CLD3;S3NR81;B2SBF6;N7CG56;D0GB83;N7Y4E0;N7ZWT5;N7JLT3;N8HRR5;S3TG30;N7HNE0;N7C0T7;N8JE79;A0A7U8ITC5;D0RDX5;A0A0B8SDH5;N7VGK4;S3PV27;A0A7U8K4V0;N7NLC9;N8IWH7;A0A4Q5MJB3;S3QXL3;N7PQ60;N7X3N3;S3QEH7;N7BRA5;U7I3L5;N8BPH3;C9V2N7;N8CN57;N8E6T3;A0A083V6M0;A0A0G2N3E8;U7ZA89;N8HC37;A0A4P6KQ79;A0A0E1EWE6;N7PD93;N7Z881;A0A080R2F2;N7A4L4;S3P9M5;Q2YKB2;C9T0W9;A0AAI8EAI6;N7EFP8;N7N0K3;A0A6L6RDR7;A0AB36PXS4;X2IUP6;A0A3S0H5N0;G8NMA9;H3QEN6;A0A7U8J2Q0;N7E964;C9TA62;H3PCA1;W1ILL8;N7J5U0;A9WYG6;A0A0B8LQI6;N7QK64;N7QTQ4;C9U1B9;N7KI32;F2GXM6;N7X3N2;N7EU01;A0A7L9MHD8;N7TT44;N8H3F9;A0A076RRH6;A0A0M2Y291;N7XVP0;N8K3I0;H3QXT2;N7FSJ4;A0A7U8PNM9;N7BAE5;C9UJP7;N7YLN6;N7SVT7;N8I9H2;N9TF58;S3SLX1;U7VPH1;A0A2K4NQ31;N7JEU1;C9VF08;A0A2W5X5A9;D0PFJ4;N7T0G8;N8GKW6;N7RR60;N7IF73;N9SHN0;U7Y280;D1FCQ0;A0A6I3XVQ8;N7TBT2;N8D0D7;N8GGC8;U7ZCW2;N7YW60;N7F7M1;S3PW08;N7ERC1;A0A7U8JES3;Q8FWG9;A0A0E1F7F4;S3RZH8;N7NXU5;R8W759;A0A0E1WWJ7;A0A0F6IQ33;U7WWE8;N7UJD6;G4PKZ0;N8E8M7;N7TN69;N7G454;N7NVF3;N8HSP8;A0A8D9WZ44;N7ILC1;N7I4V8;N7L574;H3PLK2;U8AAZ2;N7PP68;U7YRH0;Q577P3;A0A8D9X134;G0KCL8;N7EUY5,234,Brucella,Bacteria,Pseudomonadota,True,True,True,False,E942A97E01C13E47,0.995500863,0.9394286274909972,216
6160,E942A97E01C13E47,306,UniProtKB/TrEMBL (unreviewed representative),UPI00000DD972,A0A8D9XQC8;N8EBW0;N7A7R9;N7XX02;U4VKT4;N8JZZ2;N7USI7;U7VSU0;A0A074KC01;N7UCS1;N7SAN7;S3PQJ1;N6ZPW3;N8GNK3;Q2YKB2;G8SWQ0;U5CHJ0;A0AAE7T8S4;N7CQY1;A0A4Z0F579;D0BH41;A0A9P2X5K2;A0A7L9LSP8;U7YGP6;A9WYG6;A0A292DU64;C9UA36;N7J5H8;U7W5A9;N7E1Z1;N7Q6T1;N8G1J2;A0ABM9Z920;N7DT01;N8C937;N7C1I9;H3PZ86;A0A7U8PZ01;G8T5A0;A0A2X1DV97;H3QN96;A0A0J9B355;Q577P3;N8D8Z6;U7WB49;U7YEW4;A0A0M1WI99;C9UTK6;N7VPS1;A0AAE9RTX8;U7YVC3;R8VVS3;N7AFT4;N7RAG0;S3P3R0;S3QQW7;A0A5P3L9P1;A0A6V8RL51;D1EII3;N8I7D2;N7MFT0;S3RGA2;U7XJM7;N7H434;N7KP75;S3W2V0;N7T4U3;U7ZUS7;N7GIS2;A0A080PA92;N7ETK4;N8EZ74;N8K3R1;F2HYC4;N7V743;N7JYL4;A0A381ATY2;S3VKF0;Q8FWG9;N7RGL9;A0A1B3QL44;N7K9Z3;N8CU87;N7E8K1;A0ABM9ZR07;N8CGU1;N7M2C8;A0A0M4SET8;A0A080QQN5;N7VVQ2;N8FWK2;A0A1Q2LCA3;A0A2D2BTG9;V5PL51;A0A235A9W6;A0A1B3RKH3;N7B8D0;A0A7U8JV67;A0A1S1ZE56;D1F428;A0A0U4D1L1;N8J5J1;N7FUR0;S3RUX5;A0A7U8KNZ3;N7IMF9;N7Z8T0;N8JC30;A0A7U8JGR3;S3VNG6;N8BR66;N7XQ31;A0A070AYE0;A0A0E1X4P3;A0A1B3RCR1;A9MBD0;H3PTI4;N7TA49;N8A6B0;N7Y5G0;C9VPY9;C7LHX6;A0A024EWB9;N8LBS3;N7EBU5;V5PF80;C0RL20;C9TRX0;A0A853IIF6;S3S439;H3R4B6;N7FC05;N7U3S9;N7BI89;B2SBF6;S3SZA3;A9MBD0;N8AXG4;S3R5E9;A0A7U8J8W4;D0AU54;S3W951;N7CK87;N7YDL6;A0A060F5K5;A0AAC8WYG0;S3WHY4;U7WZ95;A0A844WGH4;N7ZMN2;U8A7T5;C0RL20;A0A3G4RGC2;N8IDT2;A0A086RFH2;A0A0J5RMM8;A0A6G9ZX78;A0A8E0CLD3;S3NR81;B2SBF6;N7CG56;D0GB83;N7Y4E0;N7ZWT5;N7JLT3;N8HRR5;S3TG30;N7HNE0;N7C0T7;N8JE79;A0A7U8ITC5;D0RDX5;A0A0B8SDH5;N7VGK4;S3PV27;A0A7U8K4V0;N7NLC9;N8IWH7;A0A4Q5MJB3;S3QXL3;N7PQ60;N7X3N3;S3QEH7;N7BRA5;U7I3L5;N8BPH3;C9V2N7;N8CN57;N8E6T3;A0A083V6M0;A0A0G2N3E8;U7ZA89;N8HC37;A0A4P6KQ79;A0A0E1EWE6;N7PD93;N7Z881;A0A080R2F2;N7A4L4;S3P9M5;Q2YKB2;C9T0W9;A0AAI8EAI6;N7EFP8;N7N0K3;A0A6L6RDR7;A0AB36PXS4;X2IUP6;A0A3S0H5N0;G8NMA9;H3QEN6;A0A7U8J2Q0;N7E964;C9TA62;H3PCA1;W1ILL8;N7J5U0;A9WYG6;A0A0B8LQI6;N7QK64;N7QTQ4;C9U1B9;N7KI32;F2GXM6;N7X3N2;N7EU01;A0A7L9MHD8;N7TT44;N8H3F9;A0A076RRH6;A0A0M2Y291;N7XVP0;N8K3I0;H3QXT2;N7FSJ4;A0A7U8PNM9;N7BAE5;C9UJP7;N7YLN6;N7SVT7;N8I9H2;N9TF58;S3SLX1;U7VPH1;A0A2K4NQ31;N7JEU1;C9VF08;A0A2W5X5A9;D0PFJ4;N7T0G8;N8GKW6;N7RR60;N7IF73;N9SHN0;U7Y280;D1FCQ0;A0A6I3XVQ8;N7TBT2;N8D0D7;N8GGC8;U7ZCW2;N7YW60;N7F7M1;S3PW08;N7ERC1;A0A7U8JES3;Q8FWG9;A0A0E1F7F4;S3RZH8;N7NXU5;R8W759;A0A0E1WWJ7;A0A0F6IQ33;U7WWE8;N7UJD6;G4PKZ0;N8E8M7;N7TN69;N7G454;N7NVF3;N8HSP8;A0A8D9WZ44;N7ILC1;N7I4V8;N7L574;H3PLK2;U8AAZ2;N7PP68;U7YRH0;Q577P3;A0A8D9X134;G0KCL8;N7EUY5,234,Brucella,Bacteria,Pseudomonadota,True,True,True,False,E942A97E01C13E47,0.995500863,0.9394286274909972,216
3723,E942A97E01C13E47,306,UniProtKB/TrEMBL (unreviewed representative),UPI00000DD972,A0A8D9XQC8;N8EBW0;N7A7R9;N7XX02;U4VKT4;N8JZZ2;N7USI7;U7VSU0;A0A074KC01;N7UCS1;N7SAN7;S3PQJ1;N6ZPW3;N8GNK3;Q2YKB2;G8SWQ0;U5CHJ0;A0AAE7T8S4;N7CQY1;A0A4Z0F579;D0BH41;A0A9P2X5K2;A0A7L9LSP8;U7YGP6;A9WYG6;A0A292DU64;C9UA36;N7J5H8;U7W5A9;N7E1Z1;N7Q6T1;N8G1J2;A0ABM9Z920;N7DT01;N8C937;N7C1I9;H3PZ86;A0A7U8PZ01;G8T5A0;A0A2X1DV97;H3QN96;A0A0J9B355;Q577P3;N8D8Z6;U7WB49;U7YEW4;A0A0M1WI99;C9UTK6;N7VPS1;A0AAE9RTX8;U7YVC3;R8VVS3;N7AFT4;N7RAG0;S3P3R0;S3QQW7;A0A5P3L9P1;A0A6V8RL51;D1EII3;N8I7D2;N7MFT0;S3RGA2;U7XJM7;N7H434;N7KP75;S3W2V0;N7T4U3;U7ZUS7;N7GIS2;A0A080PA92;N7ETK4;N8EZ74;N8K3R1;F2HYC4;N7V743;N7JYL4;A0A381ATY2;S3VKF0;Q8FWG9;N7RGL9;A0A1B3QL44;N7K9Z3;N8CU87;N7E8K1;A0ABM9ZR07;N8CGU1;N7M2C8;A0A0M4SET8;A0A080QQN5;N7VVQ2;N8FWK2;A0A1Q2LCA3;A0A2D2BTG9;V5PL51;A0A235A9W6;A0A1B3RKH3;N7B8D0;A0A7U8JV67;A0A1S1ZE56;D1F428;A0A0U4D1L1;N8J5J1;N7FUR0;S3RUX5;A0A7U8KNZ3;N7IMF9;N7Z8T0;N8JC30;A0A7U8JGR3;S3VNG6;N8BR66;N7XQ31;A0A070AYE0;A0A0E1X4P3;A0A1B3RCR1;A9MBD0;H3PTI4;N7TA49;N8A6B0;N7Y5G0;C9VPY9;C7LHX6;A0A024EWB9;N8LBS3;N7EBU5;V5PF80;C0RL20;C9TRX0;A0A853IIF6;S3S439;H3R4B6;N7FC05;N7U3S9;N7BI89;B2SBF6;S3SZA3;A9MBD0;N8AXG4;S3R5E9;A0A7U8J8W4;D0AU54;S3W951;N7CK87;N7YDL6;A0A060F5K5;A0AAC8WYG0;S3WHY4;U7WZ95;A0A844WGH4;N7ZMN2;U8A7T5;C0RL20;A0A3G4RGC2;N8IDT2;A0A086RFH2;A0A0J5RMM8;A0A6G9ZX78;A0A8E0CLD3;S3NR81;B2SBF6;N7CG56;D0GB83;N7Y4E0;N7ZWT5;N7JLT3;N8HRR5;S3TG30;N7HNE0;N7C0T7;N8JE79;A0A7U8ITC5;D0RDX5;A0A0B8SDH5;N7VGK4;S3PV27;A0A7U8K4V0;N7NLC9;N8IWH7;A0A4Q5MJB3;S3QXL3;N7PQ60;N7X3N3;S3QEH7;N7BRA5;U7I3L5;N8BPH3;C9V2N7;N8CN57;N8E6T3;A0A083V6M0;A0A0G2N3E8;U7ZA89;N8HC37;A0A4P6KQ79;A0A0E1EWE6;N7PD93;N7Z881;A0A080R2F2;N7A4L4;S3P9M5;Q2YKB2;C9T0W9;A0AAI8EAI6;N7EFP8;N7N0K3;A0A6L6RDR7;A0AB36PXS4;X2IUP6;A0A3S0H5N0;G8NMA9;H3QEN6;A0A7U8J2Q0;N7E964;C9TA62;H3PCA1;W1ILL8;N7J5U0;A9WYG6;A0A0B8LQI6;N7QK64;N7QTQ4;C9U1B9;N7KI32;F2GXM6;N7X3N2;N7EU01;A0A7L9MHD8;N7TT44;N8H3F9;A0A076RRH6;A0A0M2Y291;N7XVP0;N8K3I0;H3QXT2;N7FSJ4;A0A7U8PNM9;N7BAE5;C9UJP7;N7YLN6;N7SVT7;N8I9H2;N9TF58;S3SLX1;U7VPH1;A0A2K4NQ31;N7JEU1;C9VF08;A0A2W5X5A9;D0PFJ4;N7T0G8;N8GKW6;N7RR60;N7IF73;N9SHN0;U7Y280;D1FCQ0;A0A6I3XVQ8;N7TBT2;N8D0D7;N8GGC8;U7ZCW2;N7YW60;N7F7M1;S3PW08;N7ERC1;A0A7U8JES3;Q8FWG9;A0A0E1F7F4;S3RZH8;N7NXU5;R8W759;A0A0E1WWJ7;A0A0F6IQ33;U7WWE8;N7UJD6;G4PKZ0;N8E8M7;N7TN69;N7G454;N7NVF3;N8HSP8;A0A8D9WZ44;N7ILC1;N7I4V8;N7L574;H3PLK2;U8AAZ2;N7PP68;U7YRH0;Q577P3;A0A8D9X134;G0KCL8;N7EUY5,234,Brucella,Bacteria,Pseudomonadota,True,True,True,False,E942A97E01C13E47,0.995500863,0.9394286274909972,216
3681,E942A97E01C13E47,306,UniProtKB/TrEMBL (unreviewed representative),UPI00000DD972,A0A8D9XQC8;N8EBW0;N7A7R9;N7XX02;U4VKT4;N8JZZ2;N7USI7;U7VSU0;A0A074KC01;N7UCS1;N7SAN7;S3PQJ1;N6ZPW3;N8GNK3;Q2YKB2;G8SWQ0;U5CHJ0;A0AAE7T8S4;N7CQY1;A0A4Z0F579;D0BH41;A0A9P2X5K2;A0A7L9LSP8;U7YGP6;A9WYG6;A0A292DU64;C9UA36;N7J5H8;U7W5A9;N7E1Z1;N7Q6T1;N8G1J2;A0ABM9Z920;N7DT01;N8C937;N7C1I9;H3PZ86;A0A7U8PZ01;G8T5A0;A0A2X1DV97;H3QN96;A0A0J9B355;Q577P3;N8D8Z6;U7WB49;U7YEW4;A0A0M1WI99;C9UTK6;N7VPS1;A0AAE9RTX8;U7YVC3;R8VVS3;N7AFT4;N7RAG0;S3P3R0;S3QQW7;A0A5P3L9P1;A0A6V8RL51;D1EII3;N8I7D2;N7MFT0;S3RGA2;U7XJM7;N7H434;N7KP75;S3W2V0;N7T4U3;U7ZUS7;N7GIS2;A0A080PA92;N7ETK4;N8EZ74;N8K3R1;F2HYC4;N7V743;N7JYL4;A0A381ATY2;S3VKF0;Q8FWG9;N7RGL9;A0A1B3QL44;N7K9Z3;N8CU87;N7E8K1;A0ABM9ZR07;N8CGU1;N7M2C8;A0A0M4SET8;A0A080QQN5;N7VVQ2;N8FWK2;A0A1Q2LCA3;A0A2D2BTG9;V5PL51;A0A235A9W6;A0A1B3RKH3;N7B8D0;A0A7U8JV67;A0A1S1ZE56;D1F428;A0A0U4D1L1;N8J5J1;N7FUR0;S3RUX5;A0A7U8KNZ3;N7IMF9;N7Z8T0;N8JC30;A0A7U8JGR3;S3VNG6;N8BR66;N7XQ31;A0A070AYE0;A0A0E1X4P3;A0A1B3RCR1;A9MBD0;H3PTI4;N7TA49;N8A6B0;N7Y5G0;C9VPY9;C7LHX6;A0A024EWB9;N8LBS3;N7EBU5;V5PF80;C0RL20;C9TRX0;A0A853IIF6;S3S439;H3R4B6;N7FC05;N7U3S9;N7BI89;B2SBF6;S3SZA3;A9MBD0;N8AXG4;S3R5E9;A0A7U8J8W4;D0AU54;S3W951;N7CK87;N7YDL6;A0A060F5K5;A0AAC8WYG0;S3WHY4;U7WZ95;A0A844WGH4;N7ZMN2;U8A7T5;C0RL20;A0A3G4RGC2;N8IDT2;A0A086RFH2;A0A0J5RMM8;A0A6G9ZX78;A0A8E0CLD3;S3NR81;B2SBF6;N7CG56;D0GB83;N7Y4E0;N7ZWT5;N7JLT3;N8HRR5;S3TG30;N7HNE0;N7C0T7;N8JE79;A0A7U8ITC5;D0RDX5;A0A0B8SDH5;N7VGK4;S3PV27;A0A7U8K4V0;N7NLC9;N8IWH7;A0A4Q5MJB3;S3QXL3;N7PQ60;N7X3N3;S3QEH7;N7BRA5;U7I3L5;N8BPH3;C9V2N7;N8CN57;N8E6T3;A0A083V6M0;A0A0G2N3E8;U7ZA89;N8HC37;A0A4P6KQ79;A0A0E1EWE6;N7PD93;N7Z881;A0A080R2F2;N7A4L4;S3P9M5;Q2YKB2;C9T0W9;A0AAI8EAI6;N7EFP8;N7N0K3;A0A6L6RDR7;A0AB36PXS4;X2IUP6;A0A3S0H5N0;G8NMA9;H3QEN6;A0A7U8J2Q0;N7E964;C9TA62;H3PCA1;W1ILL8;N7J5U0;A9WYG6;A0A0B8LQI6;N7QK64;N7QTQ4;C9U1B9;N7KI32;F2GXM6;N7X3N2;N7EU01;A0A7L9MHD8;N7TT44;N8H3F9;A0A076RRH6;A0A0M2Y291;N7XVP0;N8K3I0;H3QXT2;N7FSJ4;A0A7U8PNM9;N7BAE5;C9UJP7;N7YLN6;N7SVT7;N8I9H2;N9TF58;S3SLX1;U7VPH1;A0A2K4NQ31;N7JEU1;C9VF08;A0A2W5X5A9;D0PFJ4;N7T0G8;N8GKW6;N7RR60;N7IF73;N9SHN0;U7Y280;D1FCQ0;A0A6I3XVQ8;N7TBT2;N8D0D7;N8GGC8;U7ZCW2;N7YW60;N7F7M1;S3PW08;N7ERC1;A0A7U8JES3;Q8FWG9;A0A0E1F7F4;S3RZH8;N7NXU5;R8W759;A0A0E1WWJ7;A0A0F6IQ33;U7WWE8;N7UJD6;G4PKZ0;N8E8M7;N7TN69;N7G454;N7NVF3;N8HSP8;A0A8D9WZ44;N7ILC1;N7I4V8;N7L574;H3PLK2;U8AAZ2;N7PP68;U7YRH0;Q577P3;A0A8D9X134;G0KCL8;N7EUY5,234,Brucella,Bacteria,Pseudomonadota,True,True,True,False,E942A97E01C13E47,0.995500863,0.9394286274909972,216
6641,E942A97E01C13E47,306,UniProtKB/TrEMBL (unreviewed representative),UPI00000DD972,A0A8D9XQC8;N8EBW0;N7A7R9;N7XX02;U4VKT4;N8JZZ2;N7USI7;U7VSU0;A0A074KC01;N7UCS1;N7SAN7;S3PQJ1;N6ZPW3;N8GNK3;Q2YKB2;G8SWQ0;U5CHJ0;A0AAE7T8S4;N7CQY1;A0A4Z0F579;D0BH41;A0A9P2X5K2;A0A7L9LSP8;U7YGP6;A9WYG6;A0A292DU64;C9UA36;N7J5H8;U7W5A9;N7E1Z1;N7Q6T1;N8G1J2;A0ABM9Z920;N7DT01;N8C937;N7C1I9;H3PZ86;A0A7U8PZ01;G8T5A0;A0A2X1DV97;H3QN96;A0A0J9B355;Q577P3;N8D8Z6;U7WB49;U7YEW4;A0A0M1WI99;C9UTK6;N7VPS1;A0AAE9RTX8;U7YVC3;R8VVS3;N7AFT4;N7RAG0;S3P3R0;S3QQW7;A0A5P3L9P1;A0A6V8RL51;D1EII3;N8I7D2;N7MFT0;S3RGA2;U7XJM7;N7H434;N7KP75;S3W2V0;N7T4U3;U7ZUS7;N7GIS2;A0A080PA92;N7ETK4;N8EZ74;N8K3R1;F2HYC4;N7V743;N7JYL4;A0A381ATY2;S3VKF0;Q8FWG9;N7RGL9;A0A1B3QL44;N7K9Z3;N8CU87;N7E8K1;A0ABM9ZR07;N8CGU1;N7M2C8;A0A0M4SET8;A0A080QQN5;N7VVQ2;N8FWK2;A0A1Q2LCA3;A0A2D2BTG9;V5PL51;A0A235A9W6;A0A1B3RKH3;N7B8D0;A0A7U8JV67;A0A1S1ZE56;D1F428;A0A0U4D1L1;N8J5J1;N7FUR0;S3RUX5;A0A7U8KNZ3;N7IMF9;N7Z8T0;N8JC30;A0A7U8JGR3;S3VNG6;N8BR66;N7XQ31;A0A070AYE0;A0A0E1X4P3;A0A1B3RCR1;A9MBD0;H3PTI4;N7TA49;N8A6B0;N7Y5G0;C9VPY9;C7LHX6;A0A024EWB9;N8LBS3;N7EBU5;V5PF80;C0RL20;C9TRX0;A0A853IIF6;S3S439;H3R4B6;N7FC05;N7U3S9;N7BI89;B2SBF6;S3SZA3;A9MBD0;N8AXG4;S3R5E9;A0A7U8J8W4;D0AU54;S3W951;N7CK87;N7YDL6;A0A060F5K5;A0AAC8WYG0;S3WHY4;U7WZ95;A0A844WGH4;N7ZMN2;U8A7T5;C0RL20;A0A3G4RGC2;N8IDT2;A0A086RFH2;A0A0J5RMM8;A0A6G9ZX78;A0A8E0CLD3;S3NR81;B2SBF6;N7CG56;D0GB83;N7Y4E0;N7ZWT5;N7JLT3;N8HRR5;S3TG30;N7HNE0;N7C0T7;N8JE79;A0A7U8ITC5;D0RDX5;A0A0B8SDH5;N7VGK4;S3PV27;A0A7U8K4V0;N7NLC9;N8IWH7;A0A4Q5MJB3;S3QXL3;N7PQ60;N7X3N3;S3QEH7;N7BRA5;U7I3L5;N8BPH3;C9V2N7;N8CN57;N8E6T3;A0A083V6M0;A0A0G2N3E8;U7ZA89;N8HC37;A0A4P6KQ79;A0A0E1EWE6;N7PD93;N7Z881;A0A080R2F2;N7A4L4;S3P9M5;Q2YKB2;C9T0W9;A0AAI8EAI6;N7EFP8;N7N0K3;A0A6L6RDR7;A0AB36PXS4;X2IUP6;A0A3S0H5N0;G8NMA9;H3QEN6;A0A7U8J2Q0;N7E964;C9TA62;H3PCA1;W1ILL8;N7J5U0;A9WYG6;A0A0B8LQI6;N7QK64;N7QTQ4;C9U1B9;N7KI32;F2GXM6;N7X3N2;N7EU01;A0A7L9MHD8;N7TT44;N8H3F9;A0A076RRH6;A0A0M2Y291;N7XVP0;N8K3I0;H3QXT2;N7FSJ4;A0A7U8PNM9;N7BAE5;C9UJP7;N7YLN6;N7SVT7;N8I9H2;N9TF58;S3SLX1;U7VPH1;A0A2K4NQ31;N7JEU1;C9VF08;A0A2W5X5A9;D0PFJ4;N7T0G8;N8GKW6;N7RR60;N7IF73;N9SHN0;U7Y280;D1FCQ0;A0A6I3XVQ8;N7TBT2;N8D0D7;N8GGC8;U7ZCW2;N7YW60;N7F7M1;S3PW08;N7ERC1;A0A7U8JES3;Q8FWG9;A0A0E1F7F4;S3RZH8;N7NXU5;R8W759;A0A0E1WWJ7;A0A0F6IQ33;U7WWE8;N7UJD6;G4PKZ0;N8E8M7;N7TN69;N7G454;N7NVF3;N8HSP8;A0A8D9WZ44;N7ILC1;N7I4V8;N7L574;H3PLK2;U8AAZ2;N7PP68;U7YRH0;Q577P3;A0A8D9X134;G0KCL8;N7EUY5,234,Brucella,Bacteria,Pseudomonadota,True,True,True,False,E942A97E01C13E47,0.995500863,0.9394286274909972,216
3992,E942A97E01C13E47,306,UniProtKB/TrEMBL (unreviewed representative),UPI00000DD972,A0A8D9XQC8;N8EBW0;N7A7R9;N7XX02;U4VKT4;N8JZZ2;N7USI7;U7VSU0;A0A074KC01;N7UCS1;N7SAN7;S3PQJ1;N6ZPW3;N8GNK3;Q2YKB2;G8SWQ0;U5CHJ0;A0AAE7T8S4;N7CQY1;A0A4Z0F579;D0BH41;A0A9P2X5K2;A0A7L9LSP8;U7YGP6;A9WYG6;A0A292DU64;C9UA36;N7J5H8;U7W5A9;N7E1Z1;N7Q6T1;N8G1J2;A0ABM9Z920;N7DT01;N8C937;N7C1I9;H3PZ86;A0A7U8PZ01;G8T5A0;A0A2X1DV97;H3QN96;A0A0J9B355;Q577P3;N8D8Z6;U7WB49;U7YEW4;A0A0M1WI99;C9UTK6;N7VPS1;A0AAE9RTX8;U7YVC3;R8VVS3;N7AFT4;N7RAG0;S3P3R0;S3QQW7;A0A5P3L9P1;A0A6V8RL51;D1EII3;N8I7D2;N7MFT0;S3RGA2;U7XJM7;N7H434;N7KP75;S3W2V0;N7T4U3;U7ZUS7;N7GIS2;A0A080PA92;N7ETK4;N8EZ74;N8K3R1;F2HYC4;N7V743;N7JYL4;A0A381ATY2;S3VKF0;Q8FWG9;N7RGL9;A0A1B3QL44;N7K9Z3;N8CU87;N7E8K1;A0ABM9ZR07;N8CGU1;N7M2C8;A0A0M4SET8;A0A080QQN5;N7VVQ2;N8FWK2;A0A1Q2LCA3;A0A2D2BTG9;V5PL51;A0A235A9W6;A0A1B3RKH3;N7B8D0;A0A7U8JV67;A0A1S1ZE56;D1F428;A0A0U4D1L1;N8J5J1;N7FUR0;S3RUX5;A0A7U8KNZ3;N7IMF9;N7Z8T0;N8JC30;A0A7U8JGR3;S3VNG6;N8BR66;N7XQ31;A0A070AYE0;A0A0E1X4P3;A0A1B3RCR1;A9MBD0;H3PTI4;N7TA49;N8A6B0;N7Y5G0;C9VPY9;C7LHX6;A0A024EWB9;N8LBS3;N7EBU5;V5PF80;C0RL20;C9TRX0;A0A853IIF6;S3S439;H3R4B6;N7FC05;N7U3S9;N7BI89;B2SBF6;S3SZA3;A9MBD0;N8AXG4;S3R5E9;A0A7U8J8W4;D0AU54;S3W951;N7CK87;N7YDL6;A0A060F5K5;A0AAC8WYG0;S3WHY4;U7WZ95;A0A844WGH4;N7ZMN2;U8A7T5;C0RL20;A0A3G4RGC2;N8IDT2;A0A086RFH2;A0A0J5RMM8;A0A6G9ZX78;A0A8E0CLD3;S3NR81;B2SBF6;N7CG56;D0GB83;N7Y4E0;N7ZWT5;N7JLT3;N8HRR5;S3TG30;N7HNE0;N7C0T7;N8JE79;A0A7U8ITC5;D0RDX5;A0A0B8SDH5;N7VGK4;S3PV27;A0A7U8K4V0;N7NLC9;N8IWH7;A0A4Q5MJB3;S3QXL3;N7PQ60;N7X3N3;S3QEH7;N7BRA5;U7I3L5;N8BPH3;C9V2N7;N8CN57;N8E6T3;A0A083V6M0;A0A0G2N3E8;U7ZA89;N8HC37;A0A4P6KQ79;A0A0E1EWE6;N7PD93;N7Z881;A0A080R2F2;N7A4L4;S3P9M5;Q2YKB2;C9T0W9;A0AAI8EAI6;N7EFP8;N7N0K3;A0A6L6RDR7;A0AB36PXS4;X2IUP6;A0A3S0H5N0;G8NMA9;H3QEN6;A0A7U8J2Q0;N7E964;C9TA62;H3PCA1;W1ILL8;N7J5U0;A9WYG6;A0A0B8LQI6;N7QK64;N7QTQ4;C9U1B9;N7KI32;F2GXM6;N7X3N2;N7EU01;A0A7L9MHD8;N7TT44;N8H3F9;A0A076RRH6;A0A0M2Y291;N7XVP0;N8K3I0;H3QXT2;N7FSJ4;A0A7U8PNM9;N7BAE5;C9UJP7;N7YLN6;N7SVT7;N8I9H2;N9TF58;S3SLX1;U7VPH1;A0A2K4NQ31;N7JEU1;C9VF08;A0A2W5X5A9;D0PFJ4;N7T0G8;N8GKW6;N7RR60;N7IF73;N9SHN0;U7Y280;D1FCQ0;A0A6I3XVQ8;N7TBT2;N8D0D7;N8GGC8;U7ZCW2;N7YW60;N7F7M1;S3PW08;N7ERC1;A0A7U8JES3;Q8FWG9;A0A0E1F7F4;S3RZH8;N7NXU5;R8W759;A0A0E1WWJ7;A0A0F6IQ33;U7WWE8;N7UJD6;G4PKZ0;N8E8M7;N7TN69;N7G454;N7NVF3;N8HSP8;A0A8D9WZ44;N7ILC1;N7I4V8;N7L574;H3PLK2;U8AAZ2;N7PP68;U7YRH0;Q577P3;A0A8D9X134;G0KCL8;N7EUY5,234,Brucella,Bacteria,Pseudomonadota,True,True,True,False,E942A97E01C13E47,0.995500863,0.9394286274909972,216
7712,E942A97E01C13E47,306,UniProtKB/TrEMBL (unreviewed representative),UPI00000DD972,A0A8D9XQC8;N8EBW0;N7A7R9;N7XX02;U4VKT4;N8JZZ2;N7USI7;U7VSU0;A0A074KC01;N7UCS1;N7SAN7;S3PQJ1;N6ZPW3;N8GNK3;Q2YKB2;G8SWQ0;U5CHJ0;A0AAE7T8S4;N7CQY1;A0A4Z0F579;D0BH41;A0A9P2X5K2;A0A7L9LSP8;U7YGP6;A9WYG6;A0A292DU64;C9UA36;N7J5H8;U7W5A9;N7E1Z1;N7Q6T1;N8G1J2;A0ABM9Z920;N7DT01;N8C937;N7C1I9;H3PZ86;A0A7U8PZ01;G8T5A0;A0A2X1DV97;H3QN96;A0A0J9B355;Q577P3;N8D8Z6;U7WB49;U7YEW4;A0A0M1WI99;C9UTK6;N7VPS1;A0AAE9RTX8;U7YVC3;R8VVS3;N7AFT4;N7RAG0;S3P3R0;S3QQW7;A0A5P3L9P1;A0A6V8RL51;D1EII3;N8I7D2;N7MFT0;S3RGA2;U7XJM7;N7H434;N7KP75;S3W2V0;N7T4U3;U7ZUS7;N7GIS2;A0A080PA92;N7ETK4;N8EZ74;N8K3R1;F2HYC4;N7V743;N7JYL4;A0A381ATY2;S3VKF0;Q8FWG9;N7RGL9;A0A1B3QL44;N7K9Z3;N8CU87;N7E8K1;A0ABM9ZR07;N8CGU1;N7M2C8;A0A0M4SET8;A0A080QQN5;N7VVQ2;N8FWK2;A0A1Q2LCA3;A0A2D2BTG9;V5PL51;A0A235A9W6;A0A1B3RKH3;N7B8D0;A0A7U8JV67;A0A1S1ZE56;D1F428;A0A0U4D1L1;N8J5J1;N7FUR0;S3RUX5;A0A7U8KNZ3;N7IMF9;N7Z8T0;N8JC30;A0A7U8JGR3;S3VNG6;N8BR66;N7XQ31;A0A070AYE0;A0A0E1X4P3;A0A1B3RCR1;A9MBD0;H3PTI4;N7TA49;N8A6B0;N7Y5G0;C9VPY9;C7LHX6;A0A024EWB9;N8LBS3;N7EBU5;V5PF80;C0RL20;C9TRX0;A0A853IIF6;S3S439;H3R4B6;N7FC05;N7U3S9;N7BI89;B2SBF6;S3SZA3;A9MBD0;N8AXG4;S3R5E9;A0A7U8J8W4;D0AU54;S3W951;N7CK87;N7YDL6;A0A060F5K5;A0AAC8WYG0;S3WHY4;U7WZ95;A0A844WGH4;N7ZMN2;U8A7T5;C0RL20;A0A3G4RGC2;N8IDT2;A0A086RFH2;A0A0J5RMM8;A0A6G9ZX78;A0A8E0CLD3;S3NR81;B2SBF6;N7CG56;D0GB83;N7Y4E0;N7ZWT5;N7JLT3;N8HRR5;S3TG30;N7HNE0;N7C0T7;N8JE79;A0A7U8ITC5;D0RDX5;A0A0B8SDH5;N7VGK4;S3PV27;A0A7U8K4V0;N7NLC9;N8IWH7;A0A4Q5MJB3;S3QXL3;N7PQ60;N7X3N3;S3QEH7;N7BRA5;U7I3L5;N8BPH3;C9V2N7;N8CN57;N8E6T3;A0A083V6M0;A0A0G2N3E8;U7ZA89;N8HC37;A0A4P6KQ79;A0A0E1EWE6;N7PD93;N7Z881;A0A080R2F2;N7A4L4;S3P9M5;Q2YKB2;C9T0W9;A0AAI8EAI6;N7EFP8;N7N0K3;A0A6L6RDR7;A0AB36PXS4;X2IUP6;A0A3S0H5N0;G8NMA9;H3QEN6;A0A7U8J2Q0;N7E964;C9TA62;H3PCA1;W1ILL8;N7J5U0;A9WYG6;A0A0B8LQI6;N7QK64;N7QTQ4;C9U1B9;N7KI32;F2GXM6;N7X3N2;N7EU01;A0A7L9MHD8;N7TT44;N8H3F9;A0A076RRH6;A0A0M2Y291;N7XVP0;N8K3I0;H3QXT2;N7FSJ4;A0A7U8PNM9;N7BAE5;C9UJP7;N7YLN6;N7SVT7;N8I9H2;N9TF58;S3SLX1;U7VPH1;A0A2K4NQ31;N7JEU1;C9VF08;A0A2W5X5A9;D0PFJ4;N7T0G8;N8GKW6;N7RR60;N7IF73;N9SHN0;U7Y280;D1FCQ0;A0A6I3XVQ8;N7TBT2;N8D0D7;N8GGC8;U7ZCW2;N7YW60;N7F7M1;S3PW08;N7ERC1;A0A7U8JES3;Q8FWG9;A0A0E1F7F4;S3RZH8;N7NXU5;R8W759;A0A0E1WWJ7;A0A0F6IQ33;U7WWE8;N7UJD6;G4PKZ0;N8E8M7;N7TN69;N7G454;N7NVF3;N8HSP8;A0A8D9WZ44;N7ILC1;N7I4V8;N7L574;H3PLK2;U8AAZ2;N7PP68;U7YRH0;Q577P3;A0A8D9X134;G0KCL8;N7EUY5,234,Brucella,Bacteria,Pseudomonadota,True,True,True,False,E942A97E01C13E47,0.995500863,0.9394286274909972,216
4154,A0E024505F28347D,436,UniProtKB/TrEMBL (unreviewed representative),UPI00017C02FA,A0A3I1RF87;A0A745QVX2;A0A751C282;B5BBA0;B5BBA0,28901,Salmonella enterica,Bacteria,Pseudomonadota,False,True,False,False,A0E024505F28347D,0.035746928,0.9394112229347228,217
1220,F3D8FC833A48F152,3814,UniProtKB/Swiss-Prot (reviewed representative),UPI000D7F490C,A0A2V5GX43;A0A2V5GX43,1450538,Aspergillus violaceofuscus (strain CBS 115571),Eukaryota,Ascomycota,True,True,True,False,F3D8FC833A48F152,-0.004800227,0.9392425417900084,218
6000,5ACEC878A9F2D5F0,2260,UniProtKB/Swiss-Prot (reviewed representative),UPI00006C5E71,Q2ABP6;Q2ABP6,48100,Alternaria solani,Eukaryota,Ascomycota,True,True,True,False,5ACEC878A9F2D5F0,-0.005446853,0.9388418793678284,219
1973,7ECBB8AD64DDBF0F,2851,UniProtKB/Swiss-Prot (reviewed representative),UPI000161AC35,Q0UK48;Q0UK48,321614,Phaeosphaeria nodorum (strain SN15 / ATCC MYA-4574 / FGSC 10173),Eukaryota,Ascomycota,True,True,True,False,7ECBB8AD64DDBF0F,-0.003231791,0.9385560154914856,220
8407,4A879F297030FD08,306,UniProtKB/Swiss-Prot (reviewed representative),UPI0001522E16,A5CTZ8;A5CTZ8,28447,Clavibacter michiganensis,Bacteria,Actinomycetota,False,False,False,False,4A879F297030FD08,-0.000860552,0.9383017420768738,221
192,A2C395A9A9CFE2C0,309,UniProtKB/Swiss-Prot (reviewed representative),UPI00001588E1,B1XC12;A0A0N9Z003;P07623;C9QV66;A0A507WJ96;A0A8F8GYF4;A0A8F9HAL9;A0A5Q2GAA6;A0A5C0KGG8;U6NHM5;A0A075JH70;A0A2S5ZJV5;A0A387D3N3;A0A0D6K8V9;U5M524;A0A099YN79;A0A0B4KV68;G2F6B3;A0A358NNT8;I0ZLJ5;A0A0A7JDH9;C5A0V0;A0A0A7L8D8;A0A5Q3TF43;B1XC12;C5A0V0;A0A1C2AKX5;A0A1J0HI89;A0A094WEF0;Q2M6U1;A0A088MK29;A0A0A7NK37;A0A1L6B5H1;H0QFM7;A0A0G3HVY4;F9QYQ7;M2NW85,32630,synthetic construct,Unresolved,Unresolved,True,True,True,False,A2C395A9A9CFE2C0,0.996481597,0.9377294182777404,222
3901,A2C395A9A9CFE2C0,309,UniProtKB/Swiss-Prot (reviewed representative),UPI00001588E1,B1XC12;A0A0N9Z003;P07623;C9QV66;A0A507WJ96;A0A8F8GYF4;A0A8F9HAL9;A0A5Q2GAA6;A0A5C0KGG8;U6NHM5;A0A075JH70;A0A2S5ZJV5;A0A387D3N3;A0A0D6K8V9;U5M524;A0A099YN79;A0A0B4KV68;G2F6B3;A0A358NNT8;I0ZLJ5;A0A0A7JDH9;C5A0V0;A0A0A7L8D8;A0A5Q3TF43;B1XC12;C5A0V0;A0A1C2AKX5;A0A1J0HI89;A0A094WEF0;Q2M6U1;A0A088MK29;A0A0A7NK37;A0A1L6B5H1;H0QFM7;A0A0G3HVY4;F9QYQ7;M2NW85,32630,synthetic construct,Unresolved,Unresolved,True,True,True,False,A2C395A9A9CFE2C0,0.996481597,0.9377294182777404,222
4687,A2C395A9A9CFE2C0,309,UniProtKB/Swiss-Prot (reviewed representative),UPI00001588E1,B1XC12;A0A0N9Z003;P07623;C9QV66;A0A507WJ96;A0A8F8GYF4;A0A8F9HAL9;A0A5Q2GAA6;A0A5C0KGG8;U6NHM5;A0A075JH70;A0A2S5ZJV5;A0A387D3N3;A0A0D6K8V9;U5M524;A0A099YN79;A0A0B4KV68;G2F6B3;A0A358NNT8;I0ZLJ5;A0A0A7JDH9;C5A0V0;A0A0A7L8D8;A0A5Q3TF43;B1XC12;C5A0V0;A0A1C2AKX5;A0A1J0HI89;A0A094WEF0;Q2M6U1;A0A088MK29;A0A0A7NK37;A0A1L6B5H1;H0QFM7;A0A0G3HVY4;F9QYQ7;M2NW85,32630,synthetic construct,Unresolved,Unresolved,True,True,True,False,A2C395A9A9CFE2C0,0.996481597,0.9377294182777404,222
1762,C35800574905D3B9,275,UniProtKB/Swiss-Prot (reviewed representative),UPI0000031D99,O86309;O86309,32644,unidentified,Unresolved,Unresolved,True,True,True,False,C35800574905D3B9,0.996085465,0.9375682473182678,223
6082,A693C66AEB3F412A,317,UniProtKB/Swiss-Prot (reviewed representative),UPI000067D046,Q2NU42;Q2NU42,63612,Sodalis glossinidius,Bacteria,Pseudomonadota,True,True,True,False,A693C66AEB3F412A,0.051134296,0.9370054602622986,224
1164,42C499A74BC5D248,2904,UniProtKB/Swiss-Prot (reviewed representative),UPI0005AF6051,A0A0C6E0I7;A0A0C6E0I7,1979465,Neocamarosporium betae,Eukaryota,Ascomycota,True,True,True,False,42C499A74BC5D248,-0.00532896,0.9368762373924256,225
4943,9C2041F7E79A2CEF,299,UniProtKB/Swiss-Prot (reviewed representative),UPI000012E25F,O35573;O35573,53277,Eliomys quercinus,Eukaryota,Chordata,False,True,False,False,9C2041F7E79A2CEF,0.995654523,0.9368134140968324,226
1690,0854FD515190DD11,1779,UniProtKB/TrEMBL (unreviewed representative),UPI00022D09FE,A0A254U791;G3Y419;A0A505IC20;G3Y419,5061,Aspergillus niger,Eukaryota,Ascomycota,True,True,True,False,0854FD515190DD11,-0.00347771,0.9364579319953918,227
5848,4FDED394E2177A98,312,UniProtKB/Swiss-Prot (reviewed representative),UPI0000462477,Q1GGV4;Q3QXE7;Q1GGV4;A0ACG2JGK1,204455,Rhodobacterales,Bacteria,Pseudomonadota,True,True,True,False,4FDED394E2177A98,0.995103419,0.9362676739692688,228
3668,6D19AAA02839C92D,313,UniProtKB/Swiss-Prot (reviewed representative),UPI0000DE0B30,A9KVF7;A9KVF7;D8CP72;E6T2V0;Q0KXE7,62322,Shewanella baltica,Bacteria,Pseudomonadota,True,True,True,False,6D19AAA02839C92D,0.996364653,0.9359059929847716,229
1169,AC30A0B1193CE6B8,4061,UniProtKB/Swiss-Prot (reviewed representative),UPI00062AE746,A0A0F7GFS4;A0A0F7GFS4,95324,Hapsidospora irregularis,Eukaryota,Ascomycota,True,True,True,False,AC30A0B1193CE6B8,-0.005793583,0.9358789920806884,230
1155,47E5F6DE412CFB8C,2363,UniProtKB/Swiss-Prot (reviewed representative),UPI00052BDA51,A0A0A2JW91;A0A0A2JW91,27334,Penicillium expansum,Eukaryota,Ascomycota,True,True,True,False,47E5F6DE412CFB8C,-0.002413437,0.9355789422988892,231
3841,A2C285B862AF39B0,309,UniProtKB/TrEMBL (unreviewed representative),UPI00005F297B,I2ZL09;L3EM83;N2HBA2;A0A017J535;A0A7G7L467;G2B2U1;L3X9V1;N2R936;A0A4S5WCQ2;M9AKU8;L5FN91;A0A070V5L4;A0A017HXV4;A0A236UWI7;N4H9C4;T9I0P5;B3XC90;A0A7Z8BJV6;H4V8S1;M9FHS6;A0A9P2WH28;C5WBP8;E6B3Q7;N2SKA7;V5DND9;S1AUW9;A0A071BZF1;A0A017HZK0;N2TQU2;A0A071B563;A0A071CG60;A0A829FIT2;A0A078ZB68;G2CSR0;A0A079CKJ8;N2KM04;A0A070YAN7;I2I0P7;N3MXA5;S1L0Y6;A0A078UBH0;A0A079ATS1;A0A0E3N4I8;U0DSQ7;A0A0X8TQ99;L8CFX9;A0A071AYF8;N2TZZ5;A0A074GJV4;A0A079IK00;A0A078VHV3;A0A8A5GPS1;B2N319;U3G4D8;T9IW07;T9UL43;A0A029JXI0;A0A070MEG1;A0A6B8WNW2;L4AAM0;A0A656NYT6;A0A073ZC32;A0A079IQ01;A0A0P8AYD9;A0A236REV8;A0A073T9R2;A0A070PIY4;A0A8A5IDN5;A0A070GPG1;A0A829DGU1;T9J0M4;L4W3U9;A0A1X3J8W2;N4G2V5;N4GK92;A0A6M6P726;N2U9X9;M8R5I2;A0ABD7FG47;A0A071D7V5;H4WJF2;N2IT55;F4SS67;N4DM89;A0A071ET25;A0A017J929;A0A078X2J0;H4US46;L4K223;V2RRG2;N2VLM3;A0A017KGL4;A0A1R1T1B4;A0A078WWR3;A0A070VGP4;N4E256;A0A073U3V2;A0A078W467;T9LXS6;A0A025J185;S0UHP9;M8YKF7;N2D3R7;N4DBY0;A0A0T5JSG3;T6MJ39;G2BGT7;A0A070HU03;A0A079AFQ3;V4DHE8;M8S3G3;A0A029NUL3;U0AP45;T8S5J7;A0A3R0DMU1;A0A029FWB6;T9J1F7;V6NAV4;L4PPQ4;A0A073GJB1;A0A078ZNU9;E9YKJ5;A0A070PZG6;L3U720;A0A063A4X6;N3K2V8;W8TXB8;A0A0M7MTJ8;A0A8H8ZFI2;C6UJN8;N2MNB2;G0F9W8;A0A017L3R0;A0A125WUQ8;N4DRB9;A0AAN3N7X8;U0BFL5;A0A080GL41;S1J4C4;A0A017M8B9;A0A073TMG4;S1IP17;L2VCU8;S1BUP3;T8ZRH3;C6EE10;T7ZI18;V1AHU9;N3ISR5;T9PHV5;A0A069YTN9;A0A029N550;A0A073SNN3;A0A074AW95;A0A079FZY9;N2Q7X1;H4VP83;A0A070MPD7;A0A140NEC9;A0A069U1B7;A0A8F9I364;A0A017KXX6;A0A073R5S8;N1SGW2;A0A069T4E9;N2RPH6;T8FCD9;A0A0E1M4I6;A0A8A5H513;A0A026XQ28;L3U334;A0A074CZF5;E9Y3Z8;N4FA86;S1E7Q6;A0A070XXC5;C4VW58;A0A026UWM8;L8C3Y0;A0A080HWV5;E2X1L3;L3W8D1;L3L8Q4;A0A071AKQ3;V2ZV13;M7VA16;A0A351VQ27;K3IAB2;B1IUN9;A0A079F5W1;I2YFL7;A0A080HW26;T7JHC9;A0A079ZIA0;A0A024LMW1;A0A069XHS7;A0A029JYL4;S0V266;U0BUD5;A0A080A461;M9C9I8;E9WY09;A0A078UPZ1;A0A0T5J8W6;A0A079FLJ5;M8YRM6;A0A0E1SVQ4;T9LTY9;A0A071CIB2;H4W4C0;A0A079BMT1;A0A8A5HKN4;C1NAN5;A2UNB8;N2VJX0;N2S5E9;A0A7D4R4D6;N2ED76;A0AAE5K2S7;A0A017L156;A0A062ZPF7;A0A8E2P2A4;D8B289;L3VRD2;S1LLQ7;A0A079XNH1;A0A074FED6;W1B7M2;I4JET0;N2VHP0;N4HNA0;D8AHK5;A0A070YEC4;I2Y4I9;A0A079ZZ98;N4ETN3;A0A071GF24;M7U9E4;N4GP90;A0A078XZ06;A0A142GXR8;W1BZC6;A0A070SJ79;A0A079Z647;A0ACD5GI15;V6NWB3;N2FQ67;A0A828R9D2;A0A7B5IBE7;W3UWA2;A0A074BIM0;N2U7W0;A0A074HIF7;A0A070QSW6;E9WJR5;L3LUZ8;M8S366;T9F954;A0A079BAM1;A0A078V9F0;A0A026Y5P8;N2MJ91;A0A026XMA8;A0A071FDQ2;A0A079H208;T8XV52;A0A385WV88;N4FF98;A0A069Z3M0;A0A142V4B2;L2ZQR5;K3HPH4;N2TC34;A0A069YVB7;I2PE96;T8CRT2;S0YAY6;S1KST5;U0BGG8;A0A071FLY0;V4EFB3;I2XF97;L3RUS4;T8Z9M3;A0A074ICC5;A0A080CH97;L3R4J9;A0A063ARJ7;A0ACC5U2M8;A0A080EX69;A0A829ADT7;N3L292;I4U822;K5G7S1;I2R863;K5FBP8;A0A0H3XEW6;E1HIN7;A0A074CWV7;B1IUN9;H4XCK5;A0A080B173;M9G123;A0A073QR12;N2GIG7;D7ZTF8;N2NR29;T9CYP1;A0A071GL89;A0A073SIB6,91347,Enterobacterales,Bacteria,Pseudomonadota,True,True,True,False,A2C285B862AF39B0,0.996489823,0.9353193044662476,232
3721,3D614308C2E19C6F,378,UniProtKB/Swiss-Prot (reviewed representative),UPI00005BA7B3,A9WKM8;B9LDZ2;A9WKM8;B2QJ17;A0A358WM86;A0A3M1W074;Q3E472,200795,Chloroflexota,Bacteria,Bacillati,True,True,True,False,3D614308C2E19C6F,0.072570272,0.93486350774765,233
394,D6B777EE05B629D2,281,UniProtKB/TrEMBL (unreviewed representative),UPI0000130034,N2I7C9;C4ZWN4;M9HBC3;S1CSN8;A0A070LWR1;A0A0T5J1J8;A0A0N9YZ99;I2HZ42;F9R5W6;I4JA81;A0A1X3JHE6;A0A1J0HB05;T9MYB5;K3J0M8;A0A073XCS7;K3I4R3;A0A5C0FL08;S1K6Q2;P77567;M7UWX5;A0A071F280;M2N1G2;A0A073R6B1;U5LY77;A0A071B6N1;A0A0E0TZA7;S1PZE7;A0A063ACN3;A0A069Z3I4;N2L6S6;A0A073GWA1;A0A073XZI6;L3VUK7;A0A080B2T6;T9KI83;A0A079BEN2;H4W9R6;A0A073SBE5;I2YDK8;A0ABD7FG59;A0A080CEN9;A0A069XL14;A0A0B4KNH3;A0A017MPS1;A0A073TXC9;S1ABY3;E1HI72;A0A0A7J8X8;A0A8F8GXP7;A0A080I8A0;N2FCX3;G2CLY8;S0ZIV6;A0A8E2P1L3;L3KPK6;A0A080GUS2;S1ENF6;H4X534;A0A071ARP8;A0A829FRT7;A0A078XK64;A0A069FK59;T8SRV1;I2P7S3;K5GM73;A0A079ZXW6;H4VFI0;A0A074HW79;A0A074J4L5;U6N5R1;H4VVT0;L3TQ69;S0VK50;P77567;I0ZRT5;T8ZRL3;T9MMC6;A0A029KMX8;G0FFL2;A0A079Y6R9;A0A0D6K1I6;A0A237MPC8;A0A349FJ81;A0ACD5GD49;I2YIV6;N2RMW5;A0A079FQC9;C9QW04;A0A074G8L2;A0A8F9MZ78;L3QUY8;A0A0G3HNX9;A0A070RAK7;A0A099YJ36;A0A070MJZ3;A0A074CV57;A0A387D8Q3;A0A071D1P8;I2X4Z7;A0A070Y0U5;A0A026XX72;A0A074BWT3;I2R3L2;F4SIQ0;A0A070QSD2;L8C0Q1;T8A0Z4;A0A0A7KWM5;A0A5C0K4B7;A0A088M515;H4UIV6;A0A075J4G3;L2Z9W3;T8YDY9;G2AUG6;A0A078TTT9;L3VHQ7;T9JA67;A0A017L4X0;U0AYN0;A0A0E3H2Z1;H4V096;S0UQ19;T7K9L1;A0A070IV20;K5H6P0;A0A079YXV0;A0A024LIU3;H0QCQ7;A0A073TQ90;A0A078U9Y3;B1XE54;A0A7B5MFI3;V6MVX7;A0A069YTE4;A0A073S6B7;L4WNZ3;S0YLD7;G2F8D6;L3RJC8;S1KWH3;D8BRG2;N2Y5Q5;A0A073SKL5;A0A078XW58;A0A069TMU5;S1LYC6;A0A070UJ02;A0A0M7PLJ9;F4M7G8;A0A071H0V0;A0A080BQK0;L4P1D8;L3WZ44;T9VAU8;M7VU68;A0A0A7NF14;A0A2S8E7S6;A0A074DAN7;A0A0T5J8G0;N2WZ38;U0BWD7;A0A854NP76,1224,Pseudomonadota,Bacteria,Pseudomonadati,False,True,False,False,D6B777EE05B629D2,0.996959031,0.93477201461792,234
6653,B8DD55C19434913D,436,UniProtKB/TrEMBL (unreviewed representative),UPI00004F7E59,A0A5W5Q709;Q57LW5;A0A3W0HSN5;A0AAJ8WWH8;V2DLL5;Q57LW5;A0A5Y7A3D7;A0A5I8X0G9;A0A3Z7QIR5;A0A630N108;A0A077AN93;V2C7F6;E8NR15,590,Salmonella,Bacteria,Pseudomonadota,False,True,False,False,B8DD55C19434913D,0.053436197,0.9344879984855652,235
4337,18CAAC8872792778,309,UniProtKB/TrEMBL (unreviewed representative),UPI0001885DF8,A0A109M5D7;A0A0F5E2W2;B7LKA1;A0A7T4NG85;A0A7L6RQK9;B7LKA1,561,Escherichia,Bacteria,Pseudomonadota,True,True,True,False,18CAAC8872792778,0.996916115,0.9344043135643004,236
1543,21297AC62F722936,2581,UniProtKB/Swiss-Prot (reviewed representative),UPI0001832460,B6HNK3;A0A142LXN6;B6HNK3,254878,Penicillium chrysogenum species complex,Eukaryota,Ascomycota,True,True,True,False,21297AC62F722936,-0.005270539,0.9337783455848694,237
6063,DD35684F2B8F96DC,415,UniProtKB/Swiss-Prot (reviewed representative),UPI0000691F50,Q2KU63;Q2KU63;A0A3A0YZB8,521,Bordetella avium,Bacteria,Pseudomonadota,False,True,False,False,DD35684F2B8F96DC,0.009633054,0.933652639389038,238
5099,38BBDCBF037F16FD,2542,UniProtKB/Swiss-Prot (reviewed representative),UPI001BF13775,P0DXV8,139229,Pyrenophora dematioidea,Eukaryota,Ascomycota,True,True,True,False,38BBDCBF037F16FD,-0.002128576,0.9336405396461488,239
4737,D818B61094B01AB3,207,UniProtKB/TrEMBL (unreviewed representative),UPI0001AE589E,A0ABX9SS01;C7BTJ1;C7BTJ1,29487,Photorhabdus,Bacteria,Pseudomonadota,False,False,False,False,D818B61094B01AB3,0.995698273,0.9332996010780334,240
6508,03241A7BE39415B4,395,UniProtKB/Swiss-Prot (reviewed representative),UPI000053F22A,Q4JTI5;Q4JTI5,38289,Corynebacterium jeikeium,Bacteria,Actinomycetota,False,True,False,False,03241A7BE39415B4,-0.000890634,0.9332478642463684,241
2659,894DEA8755058FD0,2510,UniProtKB/TrEMBL (unreviewed representative),UPI0000235E5F,Q5BCE6;A0A1U8QN18;C8VPE2;A0A1U8QN18,227321,Emericella nidulans (strain FGSC A4 / ATCC 38163 / CBS 112.46 / NRRL 194 / M139),Eukaryota,Ascomycota,False,True,False,False,894DEA8755058FD0,-0.005974705,0.9332185387611388,242
6081,1DF5595422FB6EA3,191,UniProtKB/Swiss-Prot (reviewed representative),UPI000067D245,Q2NSM3;Q2NSM3;A0A193QKH0,63612,Sodalis glossinidius,Bacteria,Pseudomonadota,False,True,False,False,1DF5595422FB6EA3,0.996254861,0.9330884218215942,243
1665,D3B06252505FB0A0,2569,UniProtKB/Swiss-Prot (reviewed representative),UPI0001F1BCB8,E5A7D9;E5A7D9,985895,Leptosphaeria maculans (strain JN3 / isolate v23.1.3 / race Av1-4-5-6-7-8),Eukaryota,Ascomycota,True,True,True,False,D3B06252505FB0A0,0.010973983,0.9329569935798644,244
8583,90169ACB2746F258,304,UniProtKB/Swiss-Prot (reviewed representative),UPI000164E591,B0RAV5;A0AAE5IJD9;A0A225BPE1;B0RAV5,1573,Clavibacter,Bacteria,Actinomycetota,True,False,False,False,90169ACB2746F258,-0.000598334,0.9329075813293456,245
1200,700DDC191D33C78B,2474,UniProtKB/Swiss-Prot (reviewed representative),UPI00090F0E21,A0A1L7U3D7;A0A1L7U3D7,192010,Fusarium mangiferae,Eukaryota,Ascomycota,True,True,True,False,700DDC191D33C78B,-0.004999871,0.9324575066566468,246
4800,5A7289213445139B,3799,UniProtKB/TrEMBL (unreviewed representative),UPI0001E307D4,A0ABN5V8N2;E0D206;E0D206,1482599,Streptomyces halstedii subgroup,Bacteria,Actinomycetota,True,True,True,False,5A7289213445139B,-0.005006239,0.9318389892578124,247
5949,4770DD96084FA341,499,UniProtKB/TrEMBL (unreviewed representative),UPI0000D50542,A0A0F3QL30;Q1RH27;A0A0F3QCQ3;Q1RH27,33990,Rickettsia bellii,Bacteria,Pseudomonadota,True,True,True,False,4770DD96084FA341,0.9947173,0.9312559962272644,248
7112,B9C2EA05DDA8F0B0,211,UniProtKB/TrEMBL (unreviewed representative),UPI00003B1E3C,W3T9U6;Q6G3F5;Q6G3F5;X5M3N5;A0A067WHP7;A0A2J9TGQ6;W3TB16;A0A067WG77;W3TEP4;W3TN88;A0A829Z1A0;A0A0K8IZT9,38323,Bartonella henselae,Bacteria,Pseudomonadota,False,True,False,False,B9C2EA05DDA8F0B0,0.994832456,0.9311404824256896,249
4399,AD8B77488E14D483,511,UniProtKB/TrEMBL (unreviewed representative),UPI000188FDFD,A0A5E8VTM4;W8MVU7;B7V9D2;V9T4R4;A0A3P3K1K8;W8KRW3;B7V9D2;W8NGP8;W8LWQ3;A0A0V4EY90;W8MWR2;A0A8G3BTB1;W8LEU2,287,Pseudomonas aeruginosa,Bacteria,Pseudomonadota,False,True,False,False,AD8B77488E14D483,0.980528355,0.9310190081596376,250
266,C015F7F3D4830107,290,UniProtKB/TrEMBL (unreviewed representative),UPI00000001A2,A8K4E7;P18440;Q546N1,81077,artificial sequences,Unresolved,Unresolved,False,True,False,False,C015F7F3D4830107,0.99603492,0.930709183216095,251
7634,2FBCB0F0A2BD1146,199,UniProtKB/TrEMBL (unreviewed representative),UPI00000CD840,I7P3L8;I7UCD3;A0A0H3QFS6;D5B7J8;I7QJJ2;I8P1H8;C4HN13;I8KVL2;A0A2U2H4C1;A0AB72ZLK6;A0A3G5L2K8;A0AAX2I6M3;A0A0K1B4T1;I7QA34;I6KQ16;A0A0K1CMC9;Q1C8Y7;I7N8L2;I6I5F0;I6JYZ5;U7EQI0;Q8ZFG5;Q0WG44;A0A0N2N725;A0A656FBU9;I8FDE1;I6KRF4;I6III1;I7XHU1;I7WWA1;A0A380PDQ4;A0AAN0U2F2;I7SS69;A0A0L0E510;I7PAW2;I8J7E7;A0A0B6NA00;I7VWX9;A6BRP8;I7SQQ5;D0JKR7;A0A6B3VCI5;Q8D091;I7QQY3;I7TSI7;A0A2T9S3M8;A0A0B6HYJ4;I8L1Q1;Q1CH24;I7VY06;I7X334;I8H7P8;A0A0K1B770;I7TPV0;I7W7N8;A0A0L6GD45;A0A208S5K1;I7VGS2;I7N753;I8QEV0;A0A154RLP3;I7PFP6;A0A0K1AJ29;I7SDE1;I8GDH7;A0A9P2RU99;A0A0B6MDY3;I6HRL3;G0JII9;K8PZ30;D5B7J8;A0AB33X8Q7;I7T7R1;B0GLD9;A0A0B6QCV0;A0A2S9PK68;A0A0E1NVN4;I8FEB5;I6J215;A0A0B6NSQ6;A0A0B6PNJ1;A0A9X3BJ68;I7Y273;I8A574;A0A1Y2RPT1;A0A0D8UK46;A0A873VN86;I7NRR4;A0A094SV41;C4H4Z2;A0A0K0ZGY4;A0A0L0EJE7;I6JVT6;I8MRA7;A0A0K0Z5H5;I7WHG1;Q1CH24;I8MGF2;I7X9E3;A0A0K1C498;A0A084XH52;I7Y5F0;C4HT49;I8DEC5;U7FFM0;A0A0E1UW86;I8I958;A0A0K1CI09;I7YXD8;I8M546;A0A1S0T7Q5;I7PU68;I7YG95;Q1C8Y7;A4TKF5;I6J5Z6;I8LS82,1649845,Yersinia pseudotuberculosis complex,Bacteria,Pseudomonadota,False,True,False,False,2FBCB0F0A2BD1146,0.981802702,0.930631697177887,252
4782,2FBCB0F0A2BD1146,199,UniProtKB/TrEMBL (unreviewed representative),UPI00000CD840,I7P3L8;I7UCD3;A0A0H3QFS6;D5B7J8;I7QJJ2;I8P1H8;C4HN13;I8KVL2;A0A2U2H4C1;A0AB72ZLK6;A0A3G5L2K8;A0AAX2I6M3;A0A0K1B4T1;I7QA34;I6KQ16;A0A0K1CMC9;Q1C8Y7;I7N8L2;I6I5F0;I6JYZ5;U7EQI0;Q8ZFG5;Q0WG44;A0A0N2N725;A0A656FBU9;I8FDE1;I6KRF4;I6III1;I7XHU1;I7WWA1;A0A380PDQ4;A0AAN0U2F2;I7SS69;A0A0L0E510;I7PAW2;I8J7E7;A0A0B6NA00;I7VWX9;A6BRP8;I7SQQ5;D0JKR7;A0A6B3VCI5;Q8D091;I7QQY3;I7TSI7;A0A2T9S3M8;A0A0B6HYJ4;I8L1Q1;Q1CH24;I7VY06;I7X334;I8H7P8;A0A0K1B770;I7TPV0;I7W7N8;A0A0L6GD45;A0A208S5K1;I7VGS2;I7N753;I8QEV0;A0A154RLP3;I7PFP6;A0A0K1AJ29;I7SDE1;I8GDH7;A0A9P2RU99;A0A0B6MDY3;I6HRL3;G0JII9;K8PZ30;D5B7J8;A0AB33X8Q7;I7T7R1;B0GLD9;A0A0B6QCV0;A0A2S9PK68;A0A0E1NVN4;I8FEB5;I6J215;A0A0B6NSQ6;A0A0B6PNJ1;A0A9X3BJ68;I7Y273;I8A574;A0A1Y2RPT1;A0A0D8UK46;A0A873VN86;I7NRR4;A0A094SV41;C4H4Z2;A0A0K0ZGY4;A0A0L0EJE7;I6JVT6;I8MRA7;A0A0K0Z5H5;I7WHG1;Q1CH24;I8MGF2;I7X9E3;A0A0K1C498;A0A084XH52;I7Y5F0;C4HT49;I8DEC5;U7FFM0;A0A0E1UW86;I8I958;A0A0K1CI09;I7YXD8;I8M546;A0A1S0T7Q5;I7PU68;I7YG95;Q1C8Y7;A4TKF5;I6J5Z6;I8LS82,1649845,Yersinia pseudotuberculosis complex,Bacteria,Pseudomonadota,False,True,False,False,2FBCB0F0A2BD1146,0.981802702,0.930631697177887,252
5817,2FBCB0F0A2BD1146,199,UniProtKB/TrEMBL (unreviewed representative),UPI00000CD840,I7P3L8;I7UCD3;A0A0H3QFS6;D5B7J8;I7QJJ2;I8P1H8;C4HN13;I8KVL2;A0A2U2H4C1;A0AB72ZLK6;A0A3G5L2K8;A0AAX2I6M3;A0A0K1B4T1;I7QA34;I6KQ16;A0A0K1CMC9;Q1C8Y7;I7N8L2;I6I5F0;I6JYZ5;U7EQI0;Q8ZFG5;Q0WG44;A0A0N2N725;A0A656FBU9;I8FDE1;I6KRF4;I6III1;I7XHU1;I7WWA1;A0A380PDQ4;A0AAN0U2F2;I7SS69;A0A0L0E510;I7PAW2;I8J7E7;A0A0B6NA00;I7VWX9;A6BRP8;I7SQQ5;D0JKR7;A0A6B3VCI5;Q8D091;I7QQY3;I7TSI7;A0A2T9S3M8;A0A0B6HYJ4;I8L1Q1;Q1CH24;I7VY06;I7X334;I8H7P8;A0A0K1B770;I7TPV0;I7W7N8;A0A0L6GD45;A0A208S5K1;I7VGS2;I7N753;I8QEV0;A0A154RLP3;I7PFP6;A0A0K1AJ29;I7SDE1;I8GDH7;A0A9P2RU99;A0A0B6MDY3;I6HRL3;G0JII9;K8PZ30;D5B7J8;A0AB33X8Q7;I7T7R1;B0GLD9;A0A0B6QCV0;A0A2S9PK68;A0A0E1NVN4;I8FEB5;I6J215;A0A0B6NSQ6;A0A0B6PNJ1;A0A9X3BJ68;I7Y273;I8A574;A0A1Y2RPT1;A0A0D8UK46;A0A873VN86;I7NRR4;A0A094SV41;C4H4Z2;A0A0K0ZGY4;A0A0L0EJE7;I6JVT6;I8MRA7;A0A0K0Z5H5;I7WHG1;Q1CH24;I8MGF2;I7X9E3;A0A0K1C498;A0A084XH52;I7Y5F0;C4HT49;I8DEC5;U7FFM0;A0A0E1UW86;I8I958;A0A0K1CI09;I7YXD8;I8M546;A0A1S0T7Q5;I7PU68;I7YG95;Q1C8Y7;A4TKF5;I6J5Z6;I8LS82,1649845,Yersinia pseudotuberculosis complex,Bacteria,Pseudomonadota,False,True,False,False,2FBCB0F0A2BD1146,0.981802702,0.930631697177887,252
5826,2FBCB0F0A2BD1146,199,UniProtKB/TrEMBL (unreviewed representative),UPI00000CD840,I7P3L8;I7UCD3;A0A0H3QFS6;D5B7J8;I7QJJ2;I8P1H8;C4HN13;I8KVL2;A0A2U2H4C1;A0AB72ZLK6;A0A3G5L2K8;A0AAX2I6M3;A0A0K1B4T1;I7QA34;I6KQ16;A0A0K1CMC9;Q1C8Y7;I7N8L2;I6I5F0;I6JYZ5;U7EQI0;Q8ZFG5;Q0WG44;A0A0N2N725;A0A656FBU9;I8FDE1;I6KRF4;I6III1;I7XHU1;I7WWA1;A0A380PDQ4;A0AAN0U2F2;I7SS69;A0A0L0E510;I7PAW2;I8J7E7;A0A0B6NA00;I7VWX9;A6BRP8;I7SQQ5;D0JKR7;A0A6B3VCI5;Q8D091;I7QQY3;I7TSI7;A0A2T9S3M8;A0A0B6HYJ4;I8L1Q1;Q1CH24;I7VY06;I7X334;I8H7P8;A0A0K1B770;I7TPV0;I7W7N8;A0A0L6GD45;A0A208S5K1;I7VGS2;I7N753;I8QEV0;A0A154RLP3;I7PFP6;A0A0K1AJ29;I7SDE1;I8GDH7;A0A9P2RU99;A0A0B6MDY3;I6HRL3;G0JII9;K8PZ30;D5B7J8;A0AB33X8Q7;I7T7R1;B0GLD9;A0A0B6QCV0;A0A2S9PK68;A0A0E1NVN4;I8FEB5;I6J215;A0A0B6NSQ6;A0A0B6PNJ1;A0A9X3BJ68;I7Y273;I8A574;A0A1Y2RPT1;A0A0D8UK46;A0A873VN86;I7NRR4;A0A094SV41;C4H4Z2;A0A0K0ZGY4;A0A0L0EJE7;I6JVT6;I8MRA7;A0A0K0Z5H5;I7WHG1;Q1CH24;I8MGF2;I7X9E3;A0A0K1C498;A0A084XH52;I7Y5F0;C4HT49;I8DEC5;U7FFM0;A0A0E1UW86;I8I958;A0A0K1CI09;I7YXD8;I8M546;A0A1S0T7Q5;I7PU68;I7YG95;Q1C8Y7;A4TKF5;I6J5Z6;I8LS82,1649845,Yersinia pseudotuberculosis complex,Bacteria,Pseudomonadota,False,True,False,False,2FBCB0F0A2BD1146,0.981802702,0.930631697177887,252
7860,E959C5752DD17E47,306,UniProtKB/TrEMBL (unreviewed representative),UPI000012EF51,A0A7U8KUV9;N7LIX0;A0A8D9TFZ6;D1EU25;N7LXY4;Q8YBV5;D0B6T4;N8L1E5;A0A7U5ZM62;N7LST8;N7M606;N7MFJ0,234,Brucella,Bacteria,Pseudomonadota,True,True,True,False,E959C5752DD17E47,0.995293319,0.9285944700241088,253
4074,849B37F3B11DC979,307,UniProtKB/TrEMBL (unreviewed representative),UPI000176838F,F2A9U9;B3PRW0;A0A192TGK2;A0A7X6IHN6;B3PRW0;A0A192PD95;A0A1W6GNC3;A0A2A6LFT4;A0A0M3GR91;A0A7W4M1N8,131567,cellular organisms,Unresolved,Unresolved,True,True,True,False,849B37F3B11DC979,0.995510757,0.9275841116905212,254
5117,31175E83651EE693,290,UniProtKB/Swiss-Prot (reviewed representative),UPI00001260CE,P18605,9986,Oryctolagus cuniculus,Eukaryota,Chordata,False,True,False,False,31175E83651EE693,0.997064888,0.92684668302536,255
1882,3420FF7EE5DB7FBC,2443,UniProtKB/Swiss-Prot (reviewed representative),UPI001C7C9D0D,P9WEQ0,5083,Penicillium canescens,Eukaryota,Ascomycota,True,True,True,False,3420FF7EE5DB7FBC,-0.005491749,0.9262611865997314,256
5510,756252ACCC5675C0,325,UniProtKB/TrEMBL (unreviewed representative),UPI000050F1F5,K7VMA6;T0UQJ2;T0SII9;A0A1V0P8D0;Q030J8;T0S708;T0VWP5;A0A084A883;T0VEB6;A0A166WRE7;Q030J8,1357,Lactococcus,Bacteria,Bacillota,False,True,False,False,756252ACCC5675C0,0.001842259,0.9259750247001648,257
8334,66A164AED8AB7224,295,UniProtKB/TrEMBL (unreviewed representative),UPI0000571A55,Q3GU60;A1SPL0;A1SPL0,2615069,unclassified Nocardioides,Bacteria,Actinomycetota,True,False,False,False,66A164AED8AB7224,-0.001431662,0.9256882071495056,258
8230,9DAE98422EBF8B35,511,UniProtKB/TrEMBL (unreviewed representative),UPI000012E7A0,U8ESP0;A0A0U3D5P3;U9CKJ7;I1A9C2;W1QS33;K1BVR8;A0A109PS44;X6XTS9;A0A030VEB6;A0A037W9W1;A0A031CCY8;U8G3W8;X6ZM57;A0A031E400;X6ZDX7;U9K2T6;A0A030Y8A0;A0A0P1D7C9;A0A030WB25;A0A072ZE46;U8EY49;A0A1Y6MUN5;K0Y3E9;X6YLE2;A0A037VMM3;V8GFQ2;U8G9L2;S0J2S4;X7B7M1;U9S9I0;A0A024SZW6;U8C463;A0A030SJ96;U8NZW9;A0A031B4X3;A0A095V1U6;A0A068G778;U8V352;I6SMX3;U8UFC7;U5R6U8;A0A8D9JET1;U9FCS6;A0A030QRD3;A0A0D9LL06;A0A6I7HXH7;Z5YAP2;U8YNH6;U8FXX3;A0A030UEZ4;X6ZGB2;U8AKB7;U8DZZ8;U8D537;N4WCF0;W0YV01;A0A030SP07;A0A030U9D4;U5RE20;U9MC12;A0A071J3B1;A0A030TZV8;A0A335END9;U9E0M0;V4Z192;A0A2V2TJA0;A0A031BTI9;U8SYB7;A0A1T4MXS5;U8BDM4;A0A1W5YB68;U8T1C8;X7CCF5;U9MAW7;A0A1D5BXY0;U8LUI5;A0A0M2D1V9;T2EKZ2;W0WBP7;U8DB55;A0A031E424;U8W824;Q9ZI86;U8XWT8;U8QZI1;T2EBW2;U9EIK7;A0A030RHD0;A0A071K6E8;U8Y4P6;N2CP83;R8Z7E4;Q9ZI86;U8QHL6;A0A1F0IYJ9;A0A030WZ16;A3KYN8,2,Bacteria,Unresolved,Unresolved,False,True,False,False,9DAE98422EBF8B35,0.974584758,0.9244800209999084,259
5502,BC480F3C6380520E,511,UniProtKB/Swiss-Prot (reviewed representative),UPI0000396240,Q02SF2;A0A9Q9K264;A0A643HU97;A0A8G2R0N4;A0A7G7AJP6;U8NQF6;A0A0T6KJ04;A0A3A2FYM4;A0A1C6ZAD6;A0A424ZYW7;A0A221KSP9;A0A2X2BBB2;A0A031AKU0;A0A157TVF7;S0IAK4;A0A515FDI1;Q02SF2;U8IR05;X7AET4;A0A1T2V929;K1CS50,1236,Gammaproteobacteria,Bacteria,Pseudomonadota,False,True,False,False,BC480F3C6380520E,0.976104558,0.924362301826477,260
9327,72E4A2B7C0F70F4C,290,UniProtKB/Swiss-Prot (reviewed representative),UPI00004F6523,Q1JPA6;L8IQ74;A0A6P5B9C4;Q1JPA6;A0A8B9XF42;A0A4W2IJX7,9903,Bos,Eukaryota,Chordata,False,True,False,False,72E4A2B7C0F70F4C,0.995474637,0.9241133332252502,261
9049,F73F0E2D29C9A270,290,UniProtKB/Swiss-Prot (reviewed representative),UPI00001260D1,P13914,9031,Gallus gallus,Eukaryota,Chordata,False,True,False,False,F73F0E2D29C9A270,0.99587518,0.92399400472641,262
3684,B6E0108309E1AECC,309,UniProtKB/TrEMBL (unreviewed representative),UPI0001603424,A0A6Y2KDA0;A9MHC0;A0A5T8WLK2;A9MHC0;A0A741N7Q9;A0A3U7IWH6,28901,Salmonella enterica,Bacteria,Pseudomonadota,True,True,True,False,B6E0108309E1AECC,0.995992124,0.9233996272087096,263
6854,B26A88DAF468E5BA,436,UniProtKB/TrEMBL (unreviewed representative),UPI000048EAA7,V2F0I6;A0A0N9XJU2;A0A1C3AKC8;A0A092W0X7;A0A5H6KHA4;A0A2T9P2B3;A0A3S4ER97;A0A092CLM8;A0A092TA15;A0A091YN95;A0A092QFG7;A0A738DW67;A0A092PET9;Q5PCX7;A0A0V8FW98;S3F564;V7TKU7;A0A092GUU6;A0A092EAA5;A0A3X0FYA5;A0A092FY37;A0A5H9FZ17;A0A069KZF1;V1JC38;A0A0W3S8X8;A0A092GBJ9;A0A0L4GFX3;A0A3T2WGA6;A0A092PCP8;A0A092ELQ4;A0A5W9VHA5;A0A092K5X7;A0A093AJB5;A0A092VWM6;A0A5I0CGS6;V1QXV9;S5GB80;V7XHZ4;A0A5I5QYI4;A0A069N2D9;A0A3W0NKM0;A0A092DKN8;V7QJQ7;V7U8M9;A0A092ANY7;A0A092YLG0;A0A0N9P286;A0A091ZXN9;V7S3E7;A0A092RBJ9;A0A091YEZ0;A0A2T9QCA7;A0A3Z6VVW6;V7SIU0;A0A5X9FH93;A0A1L7BXN0;A0A092DEY3;A0A098NUD8;A0A0H3TH60;A0A092B2K9;A0A092SXS0;A0A5W6XSE5;A0A098PPB5;A0A092F4M6;A0A092Z2J7;A0A232VT60;A0A5I4N502;A0A744ZXB6;A0A5I1AL14;A0A092CLJ3;A0A093A5W5;V7X791;A0A0W5IBU9;A0A091WY07;A0A3V5VQH5;A0A5I9DIB8;A0A1X2PRS7;A0A0H3SKW2;V7VKX0;A0A0V2BT12;A0A092NYV3;A0A092PS19;A0A5J0AW45;A0A092FDI1;A0A069LMU6;A0A5H5UEM1;A0A624B2E0;A0A1X2SQG2;V2EJT3;A0A5X0N324;S3FE07;A0A092KTL9;A0A069KCK9;A0A092BR22;V7UY59;A0A092M9B3;A0A092SPY6;A0A091Z4Y8;A0A069KXT0;A0A092PZH6;A0A092X4A9;A0A5I2YBI8;A0A092AAY8;A0A229QD16;A0A5I0ZEW7;A0A098NQE3;A0A1Z3QVG6;A0A069MBN1;V7URD4;V1IQZ4;A0A092H484;A0A092M1X4;A0A387C6L7;A0A5H7FIK4;A0A092JBS4;A0A3Q9MA23;A0A092MWZ3;A0A092EAS4;A0A3V6BLL0;A0A092QSM0;A0A092S6Y0;A0A1P8HUJ5;A0A2T6X282;A0A092NFG9;A0A735JT59;A0A098NUW0;A0A5H9K1U5;A0A092WRH9;A0A092X8J1;A0A0J8HW60;A0A092TSV8;A0A092WLZ0;A0A5H7V696;A0A5H9Z0G8;V2LR01;A0A092XV71;A0A0V2DVJ9;A0A3V4FFA0;A0A5J0WEZ0;A0A4Z8Z9Q0;A0A1J7AMK4;A0A5Z7AHS0;A0A092UAS8;A0A5X3P2I3;V1K1H6;A0A098N530;A0A5I5NU94;Q5PCX7;A0A092L589;V7SG35;A0A092HQL8;V7WIX6;V2BL22;V7YNP0;A0A092TJR5;A0A2R4D7B0;V2DM57;A0A092XHW9;A0A5I3NFN4;A0A0B3MCU4;A0A615FSN9;A0A091Y3K5;V5KKG4;A0A3R0IB23;A0A092NH88;A0A092YHU3;A0A092W5T0;A0A0T7I1D0;A0A4D6P518;V1X128;A0A0L2LVU0;A0A0S2WCW1;A0A5W8SW34;A0A092ZKK5;A0A0J6MRQ0;A0A069LCQ7;A0A0L3D1Y7;A0A092EDW2;A0A092UGU7;A0A092UXV2;A0A3Z7WC60;A0A3Y2DF49;A0A091XM96;A0A092DXH7;A0A5I3XYW8;A0A399KWG4;A0A092GLM0;A0A092KUC4;V7R612;A0A5V8Y1W2;A0A3V8KKI3;A0A1S1A7X6;A0A2T9HXJ5;A0A092AG76;A0A1X2VP98;A0A5I5SUX2;A0A0F0ITL0;A0A092XIG1;A0A5W2TI67;A0A092BVS0;A0A719ZCA6;A0A092IBB3;A0A092KJM8;S3EIM5;A0A2Z5C983;V7RJB7;A0A091XCP1;A0A3T3ERH3;A0A0G2MKF8;A0A4P7X6J4;A0A092IP83;S3F1F6;A0A092PTJ8,590,Salmonella,Bacteria,Pseudomonadota,False,True,False,False,B26A88DAF468E5BA,0.028152321,0.9232699871063232,264
3335,7B0B3599576311C0,385,UniProtKB/Swiss-Prot (reviewed representative),UPI0001574F9F,A6SUC4;A6SUC4,375286,Janthinobacterium sp. (strain Marseille),Bacteria,Pseudomonadota,False,True,False,False,7B0B3599576311C0,0.531211197,0.9225045442581176,265
6805,7DF2D08F25A1FBDA,312,UniProtKB/Swiss-Prot (reviewed representative),UPI000049CF96,Q5LSN6;Q5LSN6;A0A850LML4,89184,Ruegeria pomeroyi,Bacteria,Pseudomonadota,True,True,True,False,7DF2D08F25A1FBDA,0.995667994,0.9222989678382874,266
3975,963C1A9FBCB0F0A2,202,UniProtKB/TrEMBL (unreviewed representative),UPI0000426AA9,Q66BZ4;B2K0E2;A0A0T9PVD4;A0A2A7VG73;B2K0E2;A0A0B6M9P0;B1JPR0;A0A0B6Q4B7;A0A0H5M2K0;A0A0U1ESZ2;A0A0B6M883;A0A3G5KK30;A0A0H3B5Q4;V9GR99,629,Yersinia,Bacteria,Pseudomonadota,False,True,False,False,963C1A9FBCB0F0A2,0.984937549,0.9222231507301332,267
5005,44D598FDEA06114A,215,UniProtKB/TrEMBL (unreviewed representative),UPI000012703A,A0A1D4S2R9;A0A3M7YSC0;A0A1K9Y6I6;P06135;A0A1K9DH82,1783272,Bacillati,Bacteria,Unresolved,True,True,True,False,44D598FDEA06114A,0.995291531,0.9220229983329772,268
5415,39021A8BBC6A95CE,319,UniProtKB/Swiss-Prot (reviewed representative),UPI00000322CA,P75055;A0A0H3DNI4;H0PPP2;A0A0K2EJE5;A0A0K2ENU5;A0A9X7SEQ3;E1QBI9;A0A449A1P1;A0A0K2ECN2;A0A0K2EFJ7;A0A0K2EUI2;A0AAP8E484;A0A0K2F0J0;A0A0K2EW20;A0A0K2EY34;M1GDV7;A0A0K2E9I7;A0A7U4NS91;A0AB33HP32;P75055;A0A8D9FLF9;A0A0K2ELE4;A0A0K2ES11;A0A0K2EDH9;A0A193PUJ5;A0A0K2EGW6,2104,Mycoplasmoides pneumoniae,Bacteria,Mycoplasmatota,False,True,False,False,39021A8BBC6A95CE,0.927632511,0.9214771389961244,269
4125,EB47E5AAE81180B3,436,UniProtKB/TrEMBL (unreviewed representative),UPI00016BFEB0,J0CZ01;A0A233MD71;A0A233NDS4;A0A233MI76;A0AAT9MV16;J0EFW2;V0HRN9;A0A3Y9DEL6;A0A0W4E1J3;V0P3Q1;J0BSX4;I9QGI3;A0A242ULX7;I9SGG4;I9U2L5;A0A233KRR7;A0A233NTU7;A0A233R123;A0A233K4Z6;A0A233L624;I9IRP8;A0A0D3NSE8;A0A233PSN1;B4SZR1;A0A5U1PJP7;A0A1L3M3W8;V0NHK6;V0NZY6;A0A0A7VMF4;I9SF49;V0M9F9;I9KU97;S5SSD7;A0A3J2NIJ6;V4AX90;V0LVT6;A0A0R9NXM5;V0P5B1;I9J3P1;A0A233LTC0;A0A233LHF7;B4SZR1;A0A233NII7;A0A233KKP9;V0ML06;A0A0L3SY49,28901,Salmonella enterica,Bacteria,Pseudomonadota,False,True,False,False,EB47E5AAE81180B3,0.034334116,0.921097993850708,270
4138,E367E5AAE81180B3,436,UniProtKB/TrEMBL (unreviewed representative),UPI00016A011A,A0A5I6ERT0;A0A0K9W8H7;E8G341;A0A2T8YSD5;A0A5H9UDN9;M3LBK5;A0AAT9N7F3;E7V5Y9;H0MV31;A0A2T9KJB4;A0A8T9IMF6;A0A0J8HXC5;A0A2T8NVV9;A0A2K2ZT28;A0A3A0W7X5;A0A4Q2HLU1;A0A5I6QPD9;M4LUQ5;K0QIY0;I9LDG3;A0A232U560;A0A5W1ADN8;I9YFZ2;A0A0J8KAT4;V2HQ45;X5A9A9;A0A5I4ZNX0;A0A3W0KGY6;G9W7K6;E8BCZ3;I9PU36;A0A1E5LQP1;E7XDK3;E8CLI3;A0A0J8HX59;A0A2T8XEJ9;A0A5I9BC70;E8BYI1;M3IMT6;A0A0L3JDE5;A0A0L5GH03;B4A7V4;A0A0W5FCX3;A0A5H7USR4;A0A0J8HAQ3;E8DNF4;A0A0J8JCU4;E8EA06;A0A5I8F3P6;A0A1J7J8X4;J0B0P6;A0A1C3A6W3;A0A3V9X4H1;A0A0B3HQD8;A0A5X9ZJR4;V1ZUL8;U6X561;A0A078NKF7;A0A1L3TPD0;I9VHF6;A0A2T8VYN2;G5NWL2;A0A5F1M0H2;A0A0L2IWD4;A0A232SCI7;A0A2T8MB51;E7VWP9;I9ZWQ5;A0A0C5TNE2;V1NNB5;V1WQ92;A0A1L3P146;A0A539B6X5;A0A5I9ZVV3;A0A0W6N6L4;A0A1X2R783;A0A8E6J967;A0A0J8QUC6;A0A4Z9BL52;A0A608MMK7;I9YHB4;A0A2S1BNJ6;B4TQC3;E7Y7V9;G5M684;A0A5H9M7C2;A0A3V4SKY7;A0A0M0PI97;A0A3Q9LQ75;A0A2I6M5U4;A0A5I0IGI8;A0A5H9Y9M0;A0A4U7ZXB9;V2BRM4;A0A5H5K615;E8B1E6;A0A752VNA2;G5RYD7;I9CZB4;H0MMT3;A0A2V3NG27;A0A0J8REP8;A0A3V4RED1;A0A3V9PT68;A0A385VU63;A0A5H9XII4;A0A2T8YAV9;A0A6Y0YWU7;V2L7C2;E7WTV2;A0A0J8MF23;V7Y1N1;A0A5H7L7Q5;H1RD21;A0A5I4YDY6;I9EQ65;V1RWQ8;G9VSQ4;A0A038D687;A0A2Z2X1Q5;A0A2T9AE75;V4G4Q1;A0A3Y0E762;A0A0L3IQ76;A0A5H7VGR0;A0A0V1XYR8;A0A0V8G3W9;A0A3W0LW91;A0A603GQ41;A0A1P8G7N8;A0A0V2CX92;I9DPV7;A0A5H7XBX5;E7Z6C8;A0A5F1IUM6;A0A5H8IGU4;A0A5X5LPQ9;A0A0W5L257;A0A736ZA58;B5NF17;A0A8E6S118;E8GNS4;A0A0V1ZXZ9;A0A5I1LD93;A0A2I6MJ61;E7WHJ6;X0NQS5;A0A0V1YTK8;A0A246KSI3;A0A6M3MMD7;A0A4Y6PD23;A0A0H4V272;A0A2T9GEH7;A0A5H6LTB4;A0A0T5WT59;A0A2D3TTL0;A0A5V6R4D9;A0A0J8LFA9;A0A5I8HWG5;H0LZW8;A0A0V9VTZ7;E8E2N4;M3L0Q2;A0A0L3DG21;A0A735J8B5;A0A0W7DG51;E8AIV2;E8DGY6;A0A0W7MR48;A0A5I2M680;A0A023N1W4;V1JJP0;E7YV37;A0A602RLE5;A0A233JTK0;A0A419IMX6;E8BN97;U6XCB1;A0A2P0AUT9;A0A0J8MMA0;A0A5H6HIE1;B4TQC3;V2A2Q7;A0A3V6CBV9;A0A221YXQ9;A0A3Z3G968;A0A5I0Q093;A0A2T9IQQ7;A0A0J8MEY5;V2JAP5;X5BC62;A0A2T8V779;A0A701IZE6;H0L2F4;A0A2T9D8G6;A0A5H7RWW3;E7ZW30;A0A3Q9TTN4;A0A0W7J4M1;A0A232RJE2;A0A500RRI7;A0A5H8C107;A0A0V2CQ59;A0A4U8FRA4;A0A3V4QFY5;M3JFV2;A0A5I6WV09;A0A154J2T8;A0A222MKC5;A0A2X4YHX8;A0A0L9N020;A0A3G3D5V0;A0A636NYZ1;A0A5I3CFC1;A0A4Z9I225;A0A702B5V0;A0A2T9C330;J0GD13;A0A271G6Z2;A0A5I5GK64;H0N5X7;A0A0J8MDG4;A0A233JJX9;E7XLS0;E7VSN9;A0A636WY18;A0A616M8J0;A0A0D5WF95;A0A5H6W7X4;I9QB78;V2NNT5;X5N980;I9JWR6;E8FCT6;A0A5H5RMR5;A0A5H5WUY0;A0A5I5PM07;V1VRW4;V1XVZ0;A0A718Y1J7;A0A2D0HYI3;A0A159ZEL2;A0A5H5TSE6;A0A1L3PE35;K0QWU8;A0A0L5S5K5;A0A1C3BFX9;A0A1S1AV75;A0A0W6Q648;V4I676;A0A5J1TTQ5;A0A8E6KS32;A0A5I6R1S1;E8GUM5;A0A233J6U7;A0A4Y6MB55;A0A6W0NY54;A0A1P8I258;A0A5I4LE35;A0A2X5A2D8;A0A5H5KR20;A0A2T9EJ17;E8C9S9;E8A6M3;A0A2I6MX99;A0A5H8TU57;A0A0C5TK57;A0A6W0M219;A0A2T8ZZE9;A0A500EWC6;V1SFW2;A0A5D1ZLP7;A0A0V1YFL7;A0A2W7EXR5;B5CET9;A0A0L2Q3J4;A0A602Z7W8;A0A271CEX1;E7YNI0;A0A3Z3HYL2;A0A4Z9HZ23;I9DK51;A0A4S3C7R9;A0A092SKR7;A0A0J8IJD6;A0A0W7MRQ8;E8D7K2;E7ZK74;A0A5V9KUL0;E7XU82;A0A1X2UWH1;A0A0J8KP84;E7W4R9;V2LPJ6;A0A0W6WSN5;A0A1P8GZD6;A0A221RFE8;U6XH31;V1Z8T1;A0A3V7PIL8;E8ENC6;A0A5R1YJ90;A0A1C2ZTB4;V2B4Q4;A0A0J8MYY0;A0A5J0DP30;A0A3V3Z8Q8;E8EYR1;A0A0S2ND85;H0MCM7;A0A0J8LX99;A0A3Q9MNV4;A0A5I0CXJ0;A0A0F3J3R6;A0A2I6NBB6;A0A555ZPC1;A0A0J8KL95;A0A5I2X7P0,131567,cellular organisms,Unresolved,Unresolved,False,True,False,False,E367E5AAE81180B3,0.035894945,0.9205432534217834,271
7291,5647419D9B0D37BF,506,UniProtKB/Swiss-Prot (reviewed representative),UPI00001D4E4C,Q7MN04;Q7MN04,672,Vibrio vulnificus,Bacteria,Pseudomonadota,False,True,False,False,5647419D9B0D37BF,0.984859347,0.9201686978340148,272
5147,44D598FDEA06163A,215,UniProtKB/Swiss-Prot (reviewed representative),UPI00001270E5,P25309,1285,Staphylococcus intermedius,Bacteria,Bacillota,True,True,True,False,44D598FDEA06163A,0.99515301,0.9201683402061462,273
6983,513C3F16B17A098C,359,UniProtKB/Swiss-Prot (reviewed representative),UPI00006E22BF,Q65U29,157673,[Mannheimia] succiniciproducens,Bacteria,Pseudomonadota,True,True,True,False,513C3F16B17A098C,0.975861251,0.9198493957519532,274
8054,B423132615983299,512,UniProtKB/TrEMBL (unreviewed representative),UPI00000C4A9A,L5SXE0;R0SL60;L5TCI8;L5TWE8;L5UBA1;R0NS36;R0SC88;L5V8N6;R0S905;R0SEP1;R0R1V5;Q9JVA8;R0NT39;R0SA51;R0RC22;A1IQW5;Q9JVA8;L5PVK5;R0TH93;L5UGG0;R0TBF1;R0TUY2;L5TFV3;L5QEC2;R0RVC8;L5UVI9;R0S324;L5UHV0;R0S082;R0R4S9;L5TC41;R0QQX0;R0SSV1,487,Neisseria meningitidis,Bacteria,Pseudomonadota,False,True,False,False,B423132615983299,0.974911928,0.919569194316864,275
2968,7F6852A6C65675C0,325,UniProtKB/TrEMBL (unreviewed representative),UPI0000F05521,A0A1E7G2J9;A0AAX4AFL0;A2RM32;A0A2A5SV50;A2RM32;A0A552XMG1;D8KCW3;A0A166T8P1,1357,Lactococcus,Bacteria,Bacillota,False,True,False,False,7F6852A6C65675C0,0.001533428,0.91865211725235,276
4550,D50A477C5193D20B,436,UniProtKB/Swiss-Prot (reviewed representative),UPI000195DA9A,C0PZX5;A0A3X9BML1;C0PZX5;A0A5Y6ZSL0,28901,Salmonella enterica,Bacteria,Pseudomonadota,False,True,False,False,D50A477C5193D20B,0.029565923,0.918311893939972,277
5192,B481476CD68425E7,215,UniProtKB/Swiss-Prot (reviewed representative),UPI0000127041,P36882,1280,Staphylococcus aureus,Bacteria,Bacillota,True,True,True,False,B481476CD68425E7,0.995417893,0.918125331401825,278
8337,F6DC889916EE2489,301,UniProtKB/TrEMBL (unreviewed representative),UPI00006E4647,Q25WE0;A1TFB7;A0ABT8HBD9;A1TFB7;A0A2S8KVH8,1866885,Mycolicibacterium,Bacteria,Actinomycetota,True,False,False,False,F6DC889916EE2489,0.091497488,0.9180187582969666,279
5486,2D868C438D697988,340,UniProtKB/TrEMBL (unreviewed representative),UPI0000042501,A0A048R8J3;A0A056GAP9;A0A056RGN9;A0A042CPS4;A0A072B1N1;A0A044V5I1;A0A050P637;A0A041KHG8;A0A048BFY0;A0A046GNU0;A0A055E4G8;A0A051PX01;A0A043BSC4;A0A043AIU9;A0A054KY69;A0A040I9D4;A0A047H637;A0A052QIM2;A0A051HNA3;A0A048EBT4;F9UVF0;A0A043W7B5;A0A054P5D8;A0A045X1L0;A0A040ZH40;H8HRW7;A0A042LW98;A0A042AES4;A0A050UTL3;A0A041XIM5;A0A042U1R8;A0A041Q145;A0A051B9P0;A0A9P2M2A3;A0A1Q1T7K9;A0A055S3M7;A0A058DQR7;A0A1Q1YYG5;A0A040JQS1;S5F1F1;A0A038WMS7;A0A2T3US64;A0A040ETH0;A0A042ZR73;A0A1Q1SK99;A0A049MB39;A0A043J7J7;A0A047W9B7;A0A071QYH5;A0A057PGV6;A0A054ZDS2;A0A041F7G4;A0A043IAF2;A0A049QMB5;A0A042ETP0;A0A050G7M4;A0A048KXY3;A0A053EFV5;A0A041BK16;A0A045VVM6;A0A050ZSP8;A0A052N1Y3;A0A041US16;A0A049UJD1;A0A038P4D6;A0A055IUX5;A0A057JQ47;A0A039INA3;A0A501P6I6;A0A050WAU1;A0A054WR21;A0A039GGI7;A0A044EA74;A0A052PWB6;A0A052E6E7;A0A055EBN2;A0A051SCI8;A0A1Q2B6I2;A0A041ZKX6;A0A057ZTA3;A0A039NYC8;A0A040B1A2;A0A052WQF9;A0A043ZUK2;A0A040KC04;A0A038SEQ7;A0A040FP57;A0A057EIY6;A0A1Q1XCS7;A0A046UDR6;A0A042YE31;A0A047MW08;A0A046S2U8;A0A057AQQ7;A0A0K2HQZ5;A0A050NQZ1;A0A058PUL5;A0A051N9I3;A0A055HAN7;A0A040VRL2;A0A040P077;A0A053FED5;A0A039J0F8;A0A041A1K8;A0A053TLL7;A0A047U8K2;A0A052RVV2;A0A806JFW3;A0A045AX72;A0A042V6X6;A0A046BMP4;A0A051SNC2;A0A049U8U4;A0A039WM74;A0A039D4G6;A0A041GHN7;A0A045C9T9;A0A046Y7G3;A0A1Q1QCQ9;A0A051DFX4;A0A042J9I6;A0A1Q1W340;A0A052FXB5;A0A049R7Z2;A0A043TYP8;A0A058L0D6;A0A051Q579;A0A047JCD0;A0A055SKC5;A0A049ELY2;A0A041SPS2;A0A039A123;A0A047L0N6;A0A053V3X9;A0A044ZLP4;A0A058G4F5;A0A048EE15;A0A055QIJ5;A0A054V939;A0A056T6T2;A0A041EJZ6;A0A053G4F5;A0A058BF74;A0A039QNS6;A0A056QAP8;A0A1Q1Z9M4;A0A056HMG2;A0A058MHL2;A0A056SGG7;A0A055VNA9;A0A048ZHH6;A0A679LAF1;A0A050XQW8;A0A1Q1WQB1;A0A051YMG1;A0A055B187;A0A042D0D6;A0A071NPA2;A0A053HDF1;A0A071RT07;A0A038U207;A0A040UK08;A0A050V6V2;A0A051CVA9;A0A041HJV9;A0A044SJB3;D5YYY0;T5HGD2;A0A041GBA0;A0A057DCK6;A0A044EXQ0;A0A047K288;A0A047VL27;A0A056W7D1;A0A041NRK4;A0A042N5R0;A0A057ZD96;A0A041JVX9;A0A051D151;A0A044PUN7;A0A0B6T6G4;A0A038RXE6;A0A054CJY4;A0A042FD96;A0A053CB81;A0A041L190;A0A042V463;A0A047AVW8;A0A048RPM3;A0A041GGT2;A0A043RWN5;A0A049FRQ6;A0A049H6Y6;A0A071XPX0;A0A050BH22;A0A057S9C8;A0A039R8U7;A0A039YDC8;A0A039F528;A0A056SX92;A0A043A4A1;A0A055N8W8;A0A053L9Q2;D5YAX1;A0A041IAZ4;A0A049NX50;A0A055Z983;A0A058J2P8;A0A049ECS2;A0A047XFE1;A0A053R0X6;A0A038US72;A0A054FDB7;A0A057B4S1;A0A042PU28;A0A058JL56;A0A050QA44;A0A054SJM2;A0A044TVY1;A0A051UY59;A0A054XG07;A0A055D4K9;A0A042QR82;A0A047BQL3;A0A041VSP6;A0A044W2F8;A0A057Z525;A0A055Z338;A0A055KQF5;A0A057Y7Z0;A0A039R8Z9;A0A048QZR1;A0A050S119;A0A054ZIP9;A0A050TJL7;A0A1Q2AJA4;A0AAQ0F4H8;A0A057WL67;A0A041Q9Y2;A0A042DLN8;A0A043UZJ3;A0A042TBK6;A0A048LJW2;A0A049RYP6;A0A048E7P0;A0A049BY62;A0A049CYM2;A0A044YJQ8;A0A050LT50;A0A054FKV4;A0A045SX68;A0A039EAC9;A0A056M8B6;A0A048N4T6;A0A056FV51;A0A051AM69;A0A043M6J8;A0A045NRQ3;A0A057YGX9;A0A052ZTW7;A0A7U4F948;A0A058Q0B7;A0A042JGM7;A0A046I7D7;A0A043RR33;A0A047FC50;A0A042SE20;A0A049N8U8;A0A050Q729;A0A053IQX3;A0A057YL60;A0A051C8Y7;A0AAU0Q5H3;A0A054I086;A0A040V0C8;W8SHW4;A0A045XU69;A0A046HW86;A0A071P3G2;A0A039KVX0;A0A041LW86;A0A040MT00;A0A058FEZ1;A0A051RG37;A0A040JAM2;A0A058CKT2;A0A045ZG38;A0A045RHE7;A0A045CFW1;A0A039W009;A0A042KLJ4;A0A039W8G5;A0A045TS19;A0A047T5E5;A0A054SF10;A0A039BQV3;A0A048WMG2;A0A047GNV1;L0Q2E6;A0A039YSL7;A0A041SXB5;A0A057ADM8;A0A042FIK5;A0A072AER9;A0A050FHT6;A0A048QDR2;A0A054VZE7;L0QDT5;A0A056GZJ4;A0A056LH76;A0A048Z1C1;A0A039DAT7;A0A051YJ44;A0A040G8K5;A0A055LWK6;A0A045BG09;A0A050XZF5;A0A050RB26;E1H542;A0A054D4A6;A0A049H9B6;A0A045JX50;A0A056TGX3;A0A048GYM2;A0A054DTB0;A0A049AQ66;A0A054NQY5;A0A047QH35;A0A056T5Z5;A0A044GXY9;A0A051IEW7;A0A049YNS6;C1AJF5;A0A052MIK4;A0A039LGD4;A0A081GH25;A0A044ZYA0;A0A052BEA5;A0A053DBM0;A0ABV1MD40;A0A045AB07;A0A044V7N9;A0A056NIP6;A0A039QJA5;A0A050NYV3;G7QRC9;A0A1Q1V4G7;A0A039P3J7;A0A1Q1U699;A0A047X815;A0A044PD59;A0A055TP24;A0A043BKT4;A0A071U457;A0A056BB03;A0A038YIF9;A0A057UMH5;I6Y2U9;A0A047N2A9;A0A050W565;E2UT22;A0A040DW30;A0A053RXK9;A0A056QYY4;A0A043XV41;A0A055IFU5;A0A039AWQ2;A0A044HWN0;A0A1Q1RYF2;A0A041AFV8;A0A057J5Q7;A0A050T4D1;A0A051QH36;A0A040GWX2;A0A053WQ64;A0A039RN23;A0A039MQM9;A0A058J100;W6GJ72;A0A054YP25;A0A056WK19;A0A045TBK0;A0A042ZQI9;A0A048G2V8;A0A058IF34;A0A052ZGD8;A0A049FHI5;A0A050L4N3;A0A042DFX8;A0A048VH25;A0A052C7P0;P96806;A0A045LFW2;A0A057VMS0;V2VT89;A0A041RAX1;A0A050CB64;A0A042C4R5;A0A053TXE4;A0A041PNK4;A0A048J9B9;A0A038YT83;A0A039VA78;A0A053L1U5;A0A045SKP0;A0A049T0K4;A0A052TFI8;A0A053AJV5;A0A054ESU9;A0A038VMD5;A0A040LSS2;A0A039U9Q3;A0A055U4B9;A0A046RPL8;A0A053M4T8;A0A058AZQ4;A0A054AM60;A0A047SS26;A0A040CSZ5;A0A050A7S5;A0A047FWI8;A0A046XIY7;A0A047LES4;A0A045BB00;A0A040P8M5;A0A057CK56;A0A039YJT1;A0A045QN39;A0A1R3XUE5;A0A041JFG0;A0A053EVM2;A0A050K9V9;A0A054KM53;A0A054YN99;A0A051TTE8;A0A038KLN8;A0A056F3M7;A0A046PD84;A0A039BC23;A0A046RJS6;A0A049C4Q0;A0A041EU37;A0A050AEU9;A0A039EM41;A0A057ZQS0;A0A054P0E3;A0A046UA63;A0A041TZ93;A0A044QVQ9;A0A049DD97;A0A043DZT4;A0A053DTK8;A1QMQ6;A0A050Z4V4;A0A039FLJ1;A0A043H7L3;A0A053I2W1;A0A055M1I0;A0A047V5W0;A0A042UD75;A0A052TQ40;G2N484;A0A047VH54;A0A053IDX7;E2UGK4;A0A048E8P6;A0A055ZSP3;A0A045S4W0;A0A041CYB0;A0A048DI82;A0A048IPF1;A0A056RVJ0;A0A054DKD9;A0A048PKA2;A0A039G0X0;A0A041U1L5;A0A055PZ11;A0A052NIJ8;A0A045FM73;A0A039E5A8;A0A041MRN1;A0A054C8K2;A0A049LZE3;A0A052JXR4;M8CST8;A0A053BXS5;A0A056ILN6;A0A7U8YA94;A0A038T6Q2;A0A4U7ML52;A0A050HWC5;A0A052GGQ6;A0A054GE59;A0A049YJU7;A0A048A5H1;A0A055BBE0;W6GU01;A0A053JN39;A0A038TMP0;A0A039T2W3;A0A047YAI4;A0A048UCZ5;A0A1Q1TUV6;A0A071WPC4;A0A051MBS6;A0A055H126;A0A057JLV2;A0A047LGS4;A0A1Q1WE63;A0A054MGJ2;A0A043WRU9;A0A050PAI3;A0A0F7Q140;A0A051NS84;A0A055Y946;A0A047DDP9;A0A053QDY4;A0A043Z3U8;A0A049TLP5;A0A041WUB3;A0A042JNL4;A0A049JVQ3;A0A049AFU4;A0A054FHM3;A0A057QYU5;A0A042E519;A0A048L272;A0A053TCD1;A0A052W9K5;A0A071YRA5;A0A8S8LGI8;A0A042RSS1;A0A056K0F3;A0A050H264;A0A057BSX9;A0A056END0;A0A046R6I8;A0A097ZTW5;A5TYK4;A0A053G0W2;A0A053BRZ0;A0A043HEP9;A0A044INE2;A0A7U4G454;A0A051L5V5;A0A052N4Y2;A0A071VES7;A0A050UI23;A0A052SUX1;A0A049MJR9;A0A050KSL7;A0A055GYS5;A0A046HDH4;A0A045ZAT1;A0A054LVX0;A0A053D044;A0A053ST85;A0A054KCT4;A0A039FIZ1;A0A039NMG9;A0A048QYW8;A0A048H038;A0A049P3P7;A0A041RQ25;A0A051GUA1;A0A040ABH2;A0A043Y3N5;A0A045SK96;A0A043D108;A0A047E8D7;A0A054EBW1;P31953;A0A055JAM5;A0A055H8L0;A0A054FS37;L0PQF4;A0A051XAZ8;A0A038MZF5;A0A057RYW5;T5HDU2;A0A045V4M8;A0A051FP07;A0A053UY26;A0A058FQC5;A0A041K658;A0A039ABQ1;A0A044JJD3;A0A071ZDX8;A0A054XL83;A0A056D8I7;A0A039LTZ5;A0A058PP72;A0A055T8X1;A0A040KWZ4;A0A050DX05;A0A055P2J2;A0A042G290;A0A1Q1S951;A0A048SXI8;A0A050QXB9;A0A042EM23;A0A046C7W1;A0A072DJD3;A0A047S434;A0A056V673;A0A057BRB6;A0A056H0D0;A0A047Z689;A0A039HWP0;A0A071ZNM6;A0A044IZJ1;A0A051G796;A0A047P2E0;A0A1Q1SWD5;A0A058HP33;A0A040L935;A0A047Z8C5;A0A053LY64;A0A1Q1Q1G6;V2W079;A0A038V4W2;A0A044A5F0;A0A042TMC1;A0A052REN0;A0A057QE83;A0A053LT70;A0A042MGJ7;A0A041EWP7;A0A047Q4U0;A0A054GV36;A0A042XXS0;A0A049AFK2;A0A042PBH3;A0A055FM01;A0A056CD32;A0A079KZI1;A0A046GXJ2;A0A048G9H7;A0A045W0P2;A0A047GK34;A0A057GPD7;A0A041IE54;A0A071RVX7;A0A045TEJ9;A0A051VW36;A0A053UV98;A0A058AC97;A0A041MX12;A0A054JF17;A0A039U2D6;A0A050RY91;A0A043V3U6;A0A049PSB5;A0A045WNE1;A0A046ERU7;A0A053MY83;A0A045DZ42;A0A053AC66;A0A052V749;A0A050QNI8;A0A047TS73;D5ZBH5;A0A057P2M2;A0A046DHX9;A0A052RHK2;A0A049VZ22;A0A050QC08;A0A057LJ69;A0A047DGM3;A0A046D9X5;A0A051W0R3;A0A056XPF5;A0A043U9F5;A0A039Y3E4;A0A041TNN3;A0A040IZR5;A0A053EBB5;A0A041BRA9;A0A040Q858;A0A045SA43;A0A057IQ23;A0A046H8I5;A0A058GKQ2;A0A056C185;A0A044P643;A0A041KCP5;A0A041YIJ4;A0A052P788;A0A040WPU4;A0A052L734;A0A051HF18;A0A0G4E3M8;A0A058H037;A0A039C7B5;A0A043ZB65;A0A056M1H1;A0A046R3M9;A0A040Z2D4;A0A049VTT8;A0A058ERD8;A0A052JZM2;A0A043FS99;A0A051ANZ2;A0A057GJQ4;A0A042C9C3;A0A054HMA5;A0A044CC53;A0A052KGS5;A0A055WWD4;A0A1Q1X234;A0A043A9D7;A0A044E2X4;A0A041W583;A0A048R3F4;A0A048SPZ5;A0AB72XGG8;A0A041X6J7;F8M022;W6H8C1;A0A057D009;A0A055ZL47;A0A049SWF1;A0A058DYA9;A0A053XHX4;A0A046J4P8;A0A053QYL3;A0A040ELC6;A0A048FCC0;A0A047KM23;A0A039GK31;A0A048L694;A0A050ZX09;A0A057F1P7;A0A056NYB6;A0A049ZIN5;A0A050M0W3;A0A056VTF2;A0A055L3I3;A0A055U3H1;A0A053Z618;A0A058CU54;A0A039GZQ4;A0A052AQ20;A0A040UQF8;A0A052B4C6;A0A049FUC2;A0A044YZY8;A0A052YDH7;A0A046LW65;A0A042ZXD4;A0A051ZPI0;A0A045JK21;A0A054XKK9;A0A040VNS9;A0A043TAK3;A0A054VZ16;A0A7U8YG56;A0A052QX61;A0A050F2R7;A0A054XIC1;A0A040UA90;A0A049AZG1;A0A058MQE0;A0A045EVM4;A0A049E6D2;A0A049MY58;D6G8G2;A4KNF3;A0A046MIL5;A0A050SVX7;A0A048Y7W8;A0A054S0Q2;A0A053YFR4;A0A049ILZ2;A0A052L801;A0A046VN07;A0A048NMT6;A0A039X7Q2;A0A041HES6;A0A071XTN2;A0A1Q1XZY3;A0A042NPW1;A0A057WS98;A0A044GM30;X8FV10;A0A053DI63;A0A055QJ59;A0A053WQW7;A0A053QCM8;H8HXH1;A0A043K3U6;A0A045XM52;A0A045AK73;A0A045LV76;A0A048BDQ1;A0A046FSN6;A0A045PX43;A0A050XL31;A0A046D061;A0A046AGD0;A0A048CTG2;A0A046M7H5;A0A055IG40;A0A040QHD0;A0A046NIB0;A0A8E0AHI8;A0A055L6F3;A0A051LP27;A0A051X4J4;A0A040KMH5;A0A046DVQ5;A0A054D544;A0A049V4J4;A0A051S5S5;A0A038NLS2;A0A048K4N0;A0A039JJN9;A0A057N052;A0A053WDT6;A0A055FBZ1;A0A050KTB1;A0A043K3Q7;A0A045QRA5;A0A050DTH7;A0A056B6D5;A0A043E1R8;A0A058P8V2;A0A038QTF0;A0A045C221;A0ACD3TXF9;A0A046QJ71;A0A044LFG3;A0A040H7V8;A0A051PQ22;A0A1Q2AVC5;A0A052PEP2;A0A044BFT2;A0A055MJT9;A0A051ZHV2;A0A056URN5;A0A047SAU0;A0A072ACI5;A0A038XXF9;A0A038SQR1;A0A054TUC0;A0A081G5K7;A0A051TFC5;A0A046WZD7;A0A044F1D8;G0TME3;A0A047HN69;A0A057G9L0;A0A041HEB2;A0A058C7E5;F7WY75;A0A056EHG3;A0A046N0R1;A0A048C9L3;A0A051IRL4;P0A4V5;A0A050FGJ1;A0A052NSS4;A0A055A130;A0A055C3M9;A0A051W317;P9WQN9;A0A039JLM2;P9WQN8;A0A042HAM8;A0A048UGG3;A0A051AA83;A0A048W4U4;A0A051JHW9;A0A040XPG2;A0A049JZ68;A0A048H468;R4MCX5;A0A040VZT9;A0A048XME1;A0A048X3H2;A0A055XL41;A0A057X2D9;A0A051AD24;A0A039CEY6;A0A053T786;A0A051R2G1;A0A041PDL3;A0A054IFP1;A0A042QZT2;A0A042GQL9;A0A045MQ48;A0A328GXS5;A0A054QZR4;A0A040I284;A0A038RJY0;A0A039NCC7;A0A055EYS8;A0A040SN30;A0A039JZH1;A0A1Q1QZR3;A0A043P4T5;A0A055VSG7;A0A043J5V3;A0A051C2G3;A0A055B999;A0A046GDE2;A0A053NZZ2;A0A052V0Y1;A0A055CTR6;A0A055WDS4;A0A058JKN2;A0A058RLJ7;A0A051KJF2;A0A055RTJ9;F7WJ48;A0A054C7N6;A0A046JH31;A0A057XLB7;A0A040WTW3;A0A055Y9U7;A0A040MMM8;A0A045ZTL6;A0A048JYX6;A0A052CNS0;A0A056IMK2;A0A044QEJ9;A0A041RPR3;A0A052SCY3;A0A050LEL9;A0A057M5D6;A0A046J210;A0A054IE63;A0A055EKZ6;A0A052STT0;A0A053R0V6;A0A047RLV4;A0A043FIU6;A0A046YZN0;A0A1Q1ZKL2;A0A040HR12;A0A058LEB3;A0A054E2E5;A0A048TKY2;A0A053HEN9;A0A040ZYD9;A0A044D920;A0A045L1M2;A0A038VN64;A0A048DKM7;A0A055W781;A0A048XX34;A0A056MSS8;A0A039PZ49;A0A054T8D5;A0A058KTX0;D6FW28;E2U5X9;A0A048NXJ9;A0A041CNL7;A0A039J4J2;A0A050VBR6;A0A046S8U2;A0A044XMH8;A0A049WIR7;A0A038WSB8;A0A055R6B1;A0A039S6A5;A0A046LQH2;A0A039ZE16;A0A057KYV3;A0A040JXC8;A0A049B5N0;A0A046VHN7;A0A058LYN0;A0A043HXE8;A0A040CW99;A0A071YS07;A0A1Q1XNY1;F2V9Z4;A0A055N920;A0A043WJM8;A0A052S2C2;A0A041IS41;A0A050VA05;A0A053F000;A0A058S7U8;A0A042LRJ0;A0A050EAL0;A0A1Q1YMA8;A0A057HJP7;A0A040Q278;G2UNY6;A0A045QGA6;A0A040MNP7;A0A058KJG6;A0A055UQP2;A0A042MPY2;A0A040R2V0;A0A041AHT9;A0A049S8B7;A0A050CLR4;A0A040B7K2;A0A047WL54;A0A048PXG9;A0A071VN05;A0A053P8R2;A0A071N5M2;A0A057I5W0;A0AAC8RHH5;A0A050D2L2;A0A046PWX3;A0A039BZ10;A0A051EL26;A0A049CCG9;A0A053WZ96;A0A043FHB1;A0A1Q1UH46;A0A047UKH8;A0A051UBT9;A0A051WII0;A0A041LAP8;A0A058AD61;A0A048YW25;A0A046T4S6;A0A041QR67;A0A042PVD0;A0A047JW74;A0A197IY08;A0A1Q1QNH8;A0A039S9E3;A0A042FZ93;A0A050N821;A0A7U3ZTG6;A0A057A3D2;A0A054IE54;P0A4V4;A0A048A625;A0A048VPI3;A0A055IV36;A0A058HEK0;A0A044S186;A0A041UE74;A0A043CQ23;A0A042GL57;A0A047M2G1;A0A1Q1VRZ5;A0A056P736;A0A049KYP4;A0A048IT22;A0A1Q2A837;A0A083WME1;A0A071ZFU5;A0A046WMY9;A0A051VC65;A0A044DRS5;A0AAP5BS77;A0A057RKP4;A0A057X4K5;A0A043PBN5;A0A056MUV5;A0A072EM15;M1IFK7;A0A038QBW8;A0A045Q635;A0A041ZYC4;A0A051Y566;E2WD36;A0A052D2T1;A0A055GCZ2;A0A056A8T5;A0A044KTW9;A0A039DQL9;A0A055X211;A0A038PGK0;A0A040R9B0;A0A038M3S3;A0AB74LGZ5;A0A8E0A2U0;A0A052EV61;A0A058LDG8;A0A049EZN6;A0A056J7P8;A0A053W4Y7;A0A1Q1VFS6;A0A042WF97;A0A049INZ1;A0A039WYM4;A0A047ESY3;A0A054TPV0;A0A056YTC3;A0A057L4W9;A0A050TXH3;A0A054ND64;A0A049ZTH4;A0A054JDM3;A0A039TY30;A0A058EDH7;A0A1Q1RLY0;A0A046U203;A0A051EFQ4;A0A045MMP0;A0A056BWC0;A0A058PM48;A0A044F7F7;A0A046UIH6;A0A044K3M6;A0A052AFM9;A0A046DY96;A0A046AHC7;A0A045GIJ6;A0A044JWK2;A0A052NGX9;A0A052YB43;A0A043VWU9;A0A048KQY6;X8G6H8;A0A049UXE9;A0A058SPV9;A0A047ZFA0;A0A058BLQ2;A0A1Q1YB78;A0A053JS04;A0A047JL57;A0A071TGY0;A0A051Z369;A0A052WEW7;A0A052LQR4;A0A056KI35;A0A040YBV1;A0A049HIV8;A0A048H612;A0A042PXW4;A0A7U9K1B2;A0A045LP74;A0A057VGX4;A0A050WN26;E2VPV6;A0A1Q2BHY5;A0A047V0J6;A0A058N117;A0A071QWE1;A0A055C682;A0A053IYB6;A0A038XBV5;A0A047NJ13;A0A038ZVK8;A0A0H3L501;A0A051F4I4;A0A054A448;D5XMU2;A0A046BFH0;A0A045V0V5;A0A047I2P3;A0A043N4U3;A0A057F0Q9;A0A071N7L8;H6S568;A0A042IB48;A0A044GBH1;A0A050RNR2;A0A049RKC3;F2GLS6;A0A058QKU7;A0A039KXH0;A0A042HRU0;C6DQZ4;A0A046IHL4;A0A050GCU8;A0A042JTN9;A0A0H3M0R3;A0A042R9D4;A0A057QAZ0;A0A041WHF7;L0T2K1;A0A051TSI3;A0A045TXR7;A0A040LVB1;A0A046XDV2;A0A043JYH8;A0A041ZLR0;A0A055K7A4;A0A829CFA3;A0A038N823;A0A039M9W1;A0A071QA81;A0A060GA49;A0A038XYR6;A0A071PLB4;A0A0K8KYT9;A0A052CWL0;A0A054NGV5;A0A058DZ00;A0A056NI60;A0A055W9G9;A0A042B9T6;A0A041FS17;A0A058NJY4;A0A045KA84;A0A048RTX5;A0A056JXA2;A0A046F2I9;A0A044NG61;A0A057UBX2;A0A048IMU9;A0A038R588;A0A046PBF6;A0A045VK65;A0A043RAE6;A0A109SK27;A0A042LMU1;A0A054UP76;A0A057FJT2;A0A057KAY9;A0A051WWI6;A0A053VU30;D5YMG3;A0A053MYE0;A0A050BS91;A0A058F7L9;A0A049FKD7;A0A055B4V6;A0A048MBY7;A0A057US50;A0A043YLE2;A0A051D1X6;A0A039ZIX5;A0A056PMQ9;A0A044CWN0;A0A054A9J9;A0A051MU80;A0A042IPC2;A0A044FWG9;A0A038PY96;A0A046K086;A0A058QZD8;A0A1Q1RAX0;A0A038QYN1;A0A045JZN5;A0A057MEJ7;A0A040AIX1;A0A056D7S0;A0A040NRC5;A0A053Y3A8;A0A042VNE1;A0A047XY46;A0A048YNR0;A0A056XI79;X2BE42;A0A051I5B6;A0A058RN24;A0A057DVT8;A0A040WVB3;A0A051HUI0;A0A044BNC7;A0A046Z9E3;A0A040F127;A0A044FWV0;A0A042MVZ7;A0A039Q2F3;A0A049XIY4;A0A072ADV6;A0A052QNB6;A0A047IGP9;A0A047VK19;A0A049YZ67;A0A052EVL7;A0A041MN21;A0A057Q4H8;A0A058DAK1;A0A048WEA5;A0A052XUW6;A0A041XPJ4;A0A049SKN5;E2WCB6;A0A042B512;A0A044JA83;A0A046FFV7;D6FCW1;A0A045U3U7;A0A049ZQ44;A0A055R6N7;A0A040D1U2;A0A054K4C0;A0A071X0I5;A0A051SRK7;A0A056J9B7;A0A051GFW7;A0A052AXK5;A0A050XWQ6;A0A047ML87;A0A047Q5Q1;A0A057NHL1;E2THB4;A0A047BFQ8;A0A047QBC0;A0A043JAV2;A0A046NCF6;A0A052ZUN0;A0A043ITM0;A0A046G4G7;A0A047J1Z5;A0A052XYJ9;A0A043UV01;A0A039HAX3;A0A048XAS1;A0A042IRA9;A0A074SH96;A0A053RUJ9;A0A071WBC4;A0A044VPA7;A0A039HIM4;A0A047XPD1;A0A056KFL8;A0A051PXJ8;A0A046JRQ5;A0A044YGA4;A0A044AFH8;A0A053ALC9;A0A050NK89;A0A048BMG6;D6F069;A0A051NZP3;A0A7U4FY00;A0A056YYA0;A0A040BUK1;A0A056HEK4;A0A057K7Y6;A0A049MV41;A0A048CVJ6;A0A052F5P6;A0A046CFK8;A0A7U4IYT6;A0A049XJM3;A0A056UFR8;A0A051JHC6;A0A055DV64;A0A048IR56;A0A056LMP5;A0A040SXJ1;A0A050I3E2;A0A054R179;A0A049CF31;A0AAE9BC43;A0A040YIE0;A0A049IB98;A0A038S4S5;A0A048U721;A0A050Y4K4;A0A043H4Q7;A0A048TA15;A0A046N7R3;A0A038VZZ6;A0A043GFZ1;A0A053KYT9;A0A041YSU3;A0A052G865;A0A7V9W5N2;A0A056DSQ4;A0A044XB37;A0A045YYD2;A0A057RC02;A0A071U0U5;A0A040RXE5;A0A043D3N5;A0A043PTY9;A0A050EI88;A0A054M0S9;A0A046T345;A0A045WDK3;A0A047RN95;A0A053GVI9;A0A047BNS7;A0A043CC59;A0A038YYN1;A0A040QTE4;A0A054NGH4;A0A038ZER7;A0A050JM44;A0A039XL18;A0A056XUM2;A0A042VH05;A0A053S9L1;A0A043FAZ0;A0A049HCH8;A0A050IXI7;A0A058BYE7;A0A041DBK4;A0A039PDY7;A0A044SP35;A0A056XLZ9;A0A041DVX4;A0A042EDI5;A0A7U8YJG6;A0A072B1T4;A0A040R4C0;A0A071UMW7;A0A048AKS6;A0A041NYI2;A0A048N9Z8;A0A058H479;A0A291M5B9;A0A045Y1V7;A0A046C233;A0A1Q1UTB6;A0A047PFF8;A2VN57;A0A041T790;A0A049H2I6;A0A055F682;A0A047CN67;A0A042Y8R1;A0A043X6L3;A0A048M6W2;A0A040A078;A0A057SJK6;A0A046VS29;A0A057VSM6;A0A056TPA6;I6RPS7;A0A047A1G1;A0A052DXW1;A0A051LXS5;A0A046AF86;A0A055NQ02;A0A044ZCF7;A0A048PHF4;A0A049L7C9;A0A045NGK9;E2W162;E2V498;A0A047XA97;A0A055YE32;A0A038UHK7;A0A049J6T1;A0A051LDI9;A0A040FDN5;A0A045H1R2;A0A053NXF5;A0A045N4F3;A0A051DR86;A0A039AX89;A0A048ADE3;M9UN80;A0A040ZN29;A0A040TIT0;A0A041Y5K3;A0A058K939;A0A050T0D4;A0A054YTE6;A0A042S085;A0A045P5Z6;A0A040BJQ8;A0A042Y1J4;A0A040T2K6;A0A071TSD8;A0A051JSU5;E2T7J0;A0A043YUA1;A0A054BCT5;A0A042APS5;A0A053ZQR2;A0A043I4P5;A0A053TZZ4;T0EH32;A0A039MG11;A0A050MFS8;A0A052U114;A0A056RRD9;A0A058REV5;A0A040C4Q3;A0A051Z4J2;A0A048HZE3;A0A054QTU1;A0A038NYD8;A0A056CJ44;A0A042IC74;A0A054VKY5;A0A051E1T3;A0A045CYK8;E2TU08;A0A053HVR4;A0A056WWK2;A1KEV0;A0A051NCU5;A0A041V5Y3;A0A055MKJ0;A0A071PXZ0;A0A050G528;A0A044WDS3;A0A041J4N9;A0A047BSA0;A0A045NBP5;A0A057TF74;A5WII4;A0A038LHH9;A0A047IF36;A0A053YWE8;A0A052L251;A0A071XG36;A0A050MRF8;A0A109ST09;A0A047YM69;A0A1S1BIV3;A0A039UTR0;A0A057GXT0;A0A057TJW6;A0A052GUW7;A0A045XEQ5;A0A045D7P4;A0A046Y4L8;A0A050IX68;E9ZRE3;A0A040N941;A0A041CKL5;A0ABX2VH16;A0A045IJA3;A0A044X551;A0A051WCM2;A0A7U4C624;A0A057HVY4;A0A042S5U8;A0A042SXS8;A0A055I9U9;A0A039T8M9;A0A043QP72;A0A051B4N4;A0A057EHI8;A0A049LUB6;A0A055RNY5;A0A050GVP9;A0A040XZZ3;A0A045YI07;A0A041C674;A0A046KG59;A0A044D386;A0A047N5R8;A0A041QX69;A0A055ZX59;A0A047TCV5;A0A056Q481;A0A053JI17;A0A041AZT5;A0AA34Y7K2;A0A057ILD7;A0A047EKU2;A0A0E0YK91;A0A050J5M2;A0A046QDH2;A0A050AVS5;A0A054S5K1;A0A040DSD4;A0A041LP91;A0A043LYD0;A0A049TUJ0;A0A1Q1TIS2;A0A055SWG1;L0NP09;A0A039SVU6;A0A049I3C9;A0A057KF38;A0A053N2N9;A0A047GUG1;A0A8E0AB03;A0A053N970;A0A1Q1ZX40;A0A041VKB7;A0A053Q583;A0A049WR51;A0A039V6Q3;A0A055ABA6;A0A0H4FM35;A0A044XZD3;A0A071RA66;A0A048F7G0;A0A049KZJ2;A0A052YXQ1;A0A054BDR5;A0A044HBQ8;A0A040TYA7;A0A051H3I8;A0A044ICA9;A0A050XED6;A0A053GQ84;A0A040H762;A0A051P760;A0A044T9U1;A0A044MJC7;A0A055CA45;A0A057UWS7;A0A043DNW9;A0A041DU24;A0A052G158;A0A056KXS7;A0A042HJZ7;A0A039VP90;A0A053JNP8;A0A043EKK5;A0A058I918;A0A042X5D1;A0A041RZV3;A0A056WHX9;A0A052DTQ7;A0A045NXC6;A0A052BTH6;A0A040XN17;X8GKD8;A0A047CCU2;A0A044L800;A0A041YZX7;A0A042KYK3;A0A039IFJ2;A0A054V3K1;D5Z9T3;H8ETW2;A0A049V846;A0A8S7LR74;A0A041NHF5;A0A043LT78;A0A044C0W4;A0AAX1Q126;A0A054HFS9;A0A058NQM7;A0A057TX94;A0A055TYZ2;A0A043M1S9;A0A048VU65;A0A043TMX0,131567,cellular organisms,Unresolved,Unresolved,False,True,False,False,2D868C438D697988,-0.00210323,0.9173488020896912,280
1779,2D868C438D697988,340,UniProtKB/TrEMBL (unreviewed representative),UPI0000042501,A0A048R8J3;A0A056GAP9;A0A056RGN9;A0A042CPS4;A0A072B1N1;A0A044V5I1;A0A050P637;A0A041KHG8;A0A048BFY0;A0A046GNU0;A0A055E4G8;A0A051PX01;A0A043BSC4;A0A043AIU9;A0A054KY69;A0A040I9D4;A0A047H637;A0A052QIM2;A0A051HNA3;A0A048EBT4;F9UVF0;A0A043W7B5;A0A054P5D8;A0A045X1L0;A0A040ZH40;H8HRW7;A0A042LW98;A0A042AES4;A0A050UTL3;A0A041XIM5;A0A042U1R8;A0A041Q145;A0A051B9P0;A0A9P2M2A3;A0A1Q1T7K9;A0A055S3M7;A0A058DQR7;A0A1Q1YYG5;A0A040JQS1;S5F1F1;A0A038WMS7;A0A2T3US64;A0A040ETH0;A0A042ZR73;A0A1Q1SK99;A0A049MB39;A0A043J7J7;A0A047W9B7;A0A071QYH5;A0A057PGV6;A0A054ZDS2;A0A041F7G4;A0A043IAF2;A0A049QMB5;A0A042ETP0;A0A050G7M4;A0A048KXY3;A0A053EFV5;A0A041BK16;A0A045VVM6;A0A050ZSP8;A0A052N1Y3;A0A041US16;A0A049UJD1;A0A038P4D6;A0A055IUX5;A0A057JQ47;A0A039INA3;A0A501P6I6;A0A050WAU1;A0A054WR21;A0A039GGI7;A0A044EA74;A0A052PWB6;A0A052E6E7;A0A055EBN2;A0A051SCI8;A0A1Q2B6I2;A0A041ZKX6;A0A057ZTA3;A0A039NYC8;A0A040B1A2;A0A052WQF9;A0A043ZUK2;A0A040KC04;A0A038SEQ7;A0A040FP57;A0A057EIY6;A0A1Q1XCS7;A0A046UDR6;A0A042YE31;A0A047MW08;A0A046S2U8;A0A057AQQ7;A0A0K2HQZ5;A0A050NQZ1;A0A058PUL5;A0A051N9I3;A0A055HAN7;A0A040VRL2;A0A040P077;A0A053FED5;A0A039J0F8;A0A041A1K8;A0A053TLL7;A0A047U8K2;A0A052RVV2;A0A806JFW3;A0A045AX72;A0A042V6X6;A0A046BMP4;A0A051SNC2;A0A049U8U4;A0A039WM74;A0A039D4G6;A0A041GHN7;A0A045C9T9;A0A046Y7G3;A0A1Q1QCQ9;A0A051DFX4;A0A042J9I6;A0A1Q1W340;A0A052FXB5;A0A049R7Z2;A0A043TYP8;A0A058L0D6;A0A051Q579;A0A047JCD0;A0A055SKC5;A0A049ELY2;A0A041SPS2;A0A039A123;A0A047L0N6;A0A053V3X9;A0A044ZLP4;A0A058G4F5;A0A048EE15;A0A055QIJ5;A0A054V939;A0A056T6T2;A0A041EJZ6;A0A053G4F5;A0A058BF74;A0A039QNS6;A0A056QAP8;A0A1Q1Z9M4;A0A056HMG2;A0A058MHL2;A0A056SGG7;A0A055VNA9;A0A048ZHH6;A0A679LAF1;A0A050XQW8;A0A1Q1WQB1;A0A051YMG1;A0A055B187;A0A042D0D6;A0A071NPA2;A0A053HDF1;A0A071RT07;A0A038U207;A0A040UK08;A0A050V6V2;A0A051CVA9;A0A041HJV9;A0A044SJB3;D5YYY0;T5HGD2;A0A041GBA0;A0A057DCK6;A0A044EXQ0;A0A047K288;A0A047VL27;A0A056W7D1;A0A041NRK4;A0A042N5R0;A0A057ZD96;A0A041JVX9;A0A051D151;A0A044PUN7;A0A0B6T6G4;A0A038RXE6;A0A054CJY4;A0A042FD96;A0A053CB81;A0A041L190;A0A042V463;A0A047AVW8;A0A048RPM3;A0A041GGT2;A0A043RWN5;A0A049FRQ6;A0A049H6Y6;A0A071XPX0;A0A050BH22;A0A057S9C8;A0A039R8U7;A0A039YDC8;A0A039F528;A0A056SX92;A0A043A4A1;A0A055N8W8;A0A053L9Q2;D5YAX1;A0A041IAZ4;A0A049NX50;A0A055Z983;A0A058J2P8;A0A049ECS2;A0A047XFE1;A0A053R0X6;A0A038US72;A0A054FDB7;A0A057B4S1;A0A042PU28;A0A058JL56;A0A050QA44;A0A054SJM2;A0A044TVY1;A0A051UY59;A0A054XG07;A0A055D4K9;A0A042QR82;A0A047BQL3;A0A041VSP6;A0A044W2F8;A0A057Z525;A0A055Z338;A0A055KQF5;A0A057Y7Z0;A0A039R8Z9;A0A048QZR1;A0A050S119;A0A054ZIP9;A0A050TJL7;A0A1Q2AJA4;A0AAQ0F4H8;A0A057WL67;A0A041Q9Y2;A0A042DLN8;A0A043UZJ3;A0A042TBK6;A0A048LJW2;A0A049RYP6;A0A048E7P0;A0A049BY62;A0A049CYM2;A0A044YJQ8;A0A050LT50;A0A054FKV4;A0A045SX68;A0A039EAC9;A0A056M8B6;A0A048N4T6;A0A056FV51;A0A051AM69;A0A043M6J8;A0A045NRQ3;A0A057YGX9;A0A052ZTW7;A0A7U4F948;A0A058Q0B7;A0A042JGM7;A0A046I7D7;A0A043RR33;A0A047FC50;A0A042SE20;A0A049N8U8;A0A050Q729;A0A053IQX3;A0A057YL60;A0A051C8Y7;A0AAU0Q5H3;A0A054I086;A0A040V0C8;W8SHW4;A0A045XU69;A0A046HW86;A0A071P3G2;A0A039KVX0;A0A041LW86;A0A040MT00;A0A058FEZ1;A0A051RG37;A0A040JAM2;A0A058CKT2;A0A045ZG38;A0A045RHE7;A0A045CFW1;A0A039W009;A0A042KLJ4;A0A039W8G5;A0A045TS19;A0A047T5E5;A0A054SF10;A0A039BQV3;A0A048WMG2;A0A047GNV1;L0Q2E6;A0A039YSL7;A0A041SXB5;A0A057ADM8;A0A042FIK5;A0A072AER9;A0A050FHT6;A0A048QDR2;A0A054VZE7;L0QDT5;A0A056GZJ4;A0A056LH76;A0A048Z1C1;A0A039DAT7;A0A051YJ44;A0A040G8K5;A0A055LWK6;A0A045BG09;A0A050XZF5;A0A050RB26;E1H542;A0A054D4A6;A0A049H9B6;A0A045JX50;A0A056TGX3;A0A048GYM2;A0A054DTB0;A0A049AQ66;A0A054NQY5;A0A047QH35;A0A056T5Z5;A0A044GXY9;A0A051IEW7;A0A049YNS6;C1AJF5;A0A052MIK4;A0A039LGD4;A0A081GH25;A0A044ZYA0;A0A052BEA5;A0A053DBM0;A0ABV1MD40;A0A045AB07;A0A044V7N9;A0A056NIP6;A0A039QJA5;A0A050NYV3;G7QRC9;A0A1Q1V4G7;A0A039P3J7;A0A1Q1U699;A0A047X815;A0A044PD59;A0A055TP24;A0A043BKT4;A0A071U457;A0A056BB03;A0A038YIF9;A0A057UMH5;I6Y2U9;A0A047N2A9;A0A050W565;E2UT22;A0A040DW30;A0A053RXK9;A0A056QYY4;A0A043XV41;A0A055IFU5;A0A039AWQ2;A0A044HWN0;A0A1Q1RYF2;A0A041AFV8;A0A057J5Q7;A0A050T4D1;A0A051QH36;A0A040GWX2;A0A053WQ64;A0A039RN23;A0A039MQM9;A0A058J100;W6GJ72;A0A054YP25;A0A056WK19;A0A045TBK0;A0A042ZQI9;A0A048G2V8;A0A058IF34;A0A052ZGD8;A0A049FHI5;A0A050L4N3;A0A042DFX8;A0A048VH25;A0A052C7P0;P96806;A0A045LFW2;A0A057VMS0;V2VT89;A0A041RAX1;A0A050CB64;A0A042C4R5;A0A053TXE4;A0A041PNK4;A0A048J9B9;A0A038YT83;A0A039VA78;A0A053L1U5;A0A045SKP0;A0A049T0K4;A0A052TFI8;A0A053AJV5;A0A054ESU9;A0A038VMD5;A0A040LSS2;A0A039U9Q3;A0A055U4B9;A0A046RPL8;A0A053M4T8;A0A058AZQ4;A0A054AM60;A0A047SS26;A0A040CSZ5;A0A050A7S5;A0A047FWI8;A0A046XIY7;A0A047LES4;A0A045BB00;A0A040P8M5;A0A057CK56;A0A039YJT1;A0A045QN39;A0A1R3XUE5;A0A041JFG0;A0A053EVM2;A0A050K9V9;A0A054KM53;A0A054YN99;A0A051TTE8;A0A038KLN8;A0A056F3M7;A0A046PD84;A0A039BC23;A0A046RJS6;A0A049C4Q0;A0A041EU37;A0A050AEU9;A0A039EM41;A0A057ZQS0;A0A054P0E3;A0A046UA63;A0A041TZ93;A0A044QVQ9;A0A049DD97;A0A043DZT4;A0A053DTK8;A1QMQ6;A0A050Z4V4;A0A039FLJ1;A0A043H7L3;A0A053I2W1;A0A055M1I0;A0A047V5W0;A0A042UD75;A0A052TQ40;G2N484;A0A047VH54;A0A053IDX7;E2UGK4;A0A048E8P6;A0A055ZSP3;A0A045S4W0;A0A041CYB0;A0A048DI82;A0A048IPF1;A0A056RVJ0;A0A054DKD9;A0A048PKA2;A0A039G0X0;A0A041U1L5;A0A055PZ11;A0A052NIJ8;A0A045FM73;A0A039E5A8;A0A041MRN1;A0A054C8K2;A0A049LZE3;A0A052JXR4;M8CST8;A0A053BXS5;A0A056ILN6;A0A7U8YA94;A0A038T6Q2;A0A4U7ML52;A0A050HWC5;A0A052GGQ6;A0A054GE59;A0A049YJU7;A0A048A5H1;A0A055BBE0;W6GU01;A0A053JN39;A0A038TMP0;A0A039T2W3;A0A047YAI4;A0A048UCZ5;A0A1Q1TUV6;A0A071WPC4;A0A051MBS6;A0A055H126;A0A057JLV2;A0A047LGS4;A0A1Q1WE63;A0A054MGJ2;A0A043WRU9;A0A050PAI3;A0A0F7Q140;A0A051NS84;A0A055Y946;A0A047DDP9;A0A053QDY4;A0A043Z3U8;A0A049TLP5;A0A041WUB3;A0A042JNL4;A0A049JVQ3;A0A049AFU4;A0A054FHM3;A0A057QYU5;A0A042E519;A0A048L272;A0A053TCD1;A0A052W9K5;A0A071YRA5;A0A8S8LGI8;A0A042RSS1;A0A056K0F3;A0A050H264;A0A057BSX9;A0A056END0;A0A046R6I8;A0A097ZTW5;A5TYK4;A0A053G0W2;A0A053BRZ0;A0A043HEP9;A0A044INE2;A0A7U4G454;A0A051L5V5;A0A052N4Y2;A0A071VES7;A0A050UI23;A0A052SUX1;A0A049MJR9;A0A050KSL7;A0A055GYS5;A0A046HDH4;A0A045ZAT1;A0A054LVX0;A0A053D044;A0A053ST85;A0A054KCT4;A0A039FIZ1;A0A039NMG9;A0A048QYW8;A0A048H038;A0A049P3P7;A0A041RQ25;A0A051GUA1;A0A040ABH2;A0A043Y3N5;A0A045SK96;A0A043D108;A0A047E8D7;A0A054EBW1;P31953;A0A055JAM5;A0A055H8L0;A0A054FS37;L0PQF4;A0A051XAZ8;A0A038MZF5;A0A057RYW5;T5HDU2;A0A045V4M8;A0A051FP07;A0A053UY26;A0A058FQC5;A0A041K658;A0A039ABQ1;A0A044JJD3;A0A071ZDX8;A0A054XL83;A0A056D8I7;A0A039LTZ5;A0A058PP72;A0A055T8X1;A0A040KWZ4;A0A050DX05;A0A055P2J2;A0A042G290;A0A1Q1S951;A0A048SXI8;A0A050QXB9;A0A042EM23;A0A046C7W1;A0A072DJD3;A0A047S434;A0A056V673;A0A057BRB6;A0A056H0D0;A0A047Z689;A0A039HWP0;A0A071ZNM6;A0A044IZJ1;A0A051G796;A0A047P2E0;A0A1Q1SWD5;A0A058HP33;A0A040L935;A0A047Z8C5;A0A053LY64;A0A1Q1Q1G6;V2W079;A0A038V4W2;A0A044A5F0;A0A042TMC1;A0A052REN0;A0A057QE83;A0A053LT70;A0A042MGJ7;A0A041EWP7;A0A047Q4U0;A0A054GV36;A0A042XXS0;A0A049AFK2;A0A042PBH3;A0A055FM01;A0A056CD32;A0A079KZI1;A0A046GXJ2;A0A048G9H7;A0A045W0P2;A0A047GK34;A0A057GPD7;A0A041IE54;A0A071RVX7;A0A045TEJ9;A0A051VW36;A0A053UV98;A0A058AC97;A0A041MX12;A0A054JF17;A0A039U2D6;A0A050RY91;A0A043V3U6;A0A049PSB5;A0A045WNE1;A0A046ERU7;A0A053MY83;A0A045DZ42;A0A053AC66;A0A052V749;A0A050QNI8;A0A047TS73;D5ZBH5;A0A057P2M2;A0A046DHX9;A0A052RHK2;A0A049VZ22;A0A050QC08;A0A057LJ69;A0A047DGM3;A0A046D9X5;A0A051W0R3;A0A056XPF5;A0A043U9F5;A0A039Y3E4;A0A041TNN3;A0A040IZR5;A0A053EBB5;A0A041BRA9;A0A040Q858;A0A045SA43;A0A057IQ23;A0A046H8I5;A0A058GKQ2;A0A056C185;A0A044P643;A0A041KCP5;A0A041YIJ4;A0A052P788;A0A040WPU4;A0A052L734;A0A051HF18;A0A0G4E3M8;A0A058H037;A0A039C7B5;A0A043ZB65;A0A056M1H1;A0A046R3M9;A0A040Z2D4;A0A049VTT8;A0A058ERD8;A0A052JZM2;A0A043FS99;A0A051ANZ2;A0A057GJQ4;A0A042C9C3;A0A054HMA5;A0A044CC53;A0A052KGS5;A0A055WWD4;A0A1Q1X234;A0A043A9D7;A0A044E2X4;A0A041W583;A0A048R3F4;A0A048SPZ5;A0AB72XGG8;A0A041X6J7;F8M022;W6H8C1;A0A057D009;A0A055ZL47;A0A049SWF1;A0A058DYA9;A0A053XHX4;A0A046J4P8;A0A053QYL3;A0A040ELC6;A0A048FCC0;A0A047KM23;A0A039GK31;A0A048L694;A0A050ZX09;A0A057F1P7;A0A056NYB6;A0A049ZIN5;A0A050M0W3;A0A056VTF2;A0A055L3I3;A0A055U3H1;A0A053Z618;A0A058CU54;A0A039GZQ4;A0A052AQ20;A0A040UQF8;A0A052B4C6;A0A049FUC2;A0A044YZY8;A0A052YDH7;A0A046LW65;A0A042ZXD4;A0A051ZPI0;A0A045JK21;A0A054XKK9;A0A040VNS9;A0A043TAK3;A0A054VZ16;A0A7U8YG56;A0A052QX61;A0A050F2R7;A0A054XIC1;A0A040UA90;A0A049AZG1;A0A058MQE0;A0A045EVM4;A0A049E6D2;A0A049MY58;D6G8G2;A4KNF3;A0A046MIL5;A0A050SVX7;A0A048Y7W8;A0A054S0Q2;A0A053YFR4;A0A049ILZ2;A0A052L801;A0A046VN07;A0A048NMT6;A0A039X7Q2;A0A041HES6;A0A071XTN2;A0A1Q1XZY3;A0A042NPW1;A0A057WS98;A0A044GM30;X8FV10;A0A053DI63;A0A055QJ59;A0A053WQW7;A0A053QCM8;H8HXH1;A0A043K3U6;A0A045XM52;A0A045AK73;A0A045LV76;A0A048BDQ1;A0A046FSN6;A0A045PX43;A0A050XL31;A0A046D061;A0A046AGD0;A0A048CTG2;A0A046M7H5;A0A055IG40;A0A040QHD0;A0A046NIB0;A0A8E0AHI8;A0A055L6F3;A0A051LP27;A0A051X4J4;A0A040KMH5;A0A046DVQ5;A0A054D544;A0A049V4J4;A0A051S5S5;A0A038NLS2;A0A048K4N0;A0A039JJN9;A0A057N052;A0A053WDT6;A0A055FBZ1;A0A050KTB1;A0A043K3Q7;A0A045QRA5;A0A050DTH7;A0A056B6D5;A0A043E1R8;A0A058P8V2;A0A038QTF0;A0A045C221;A0ACD3TXF9;A0A046QJ71;A0A044LFG3;A0A040H7V8;A0A051PQ22;A0A1Q2AVC5;A0A052PEP2;A0A044BFT2;A0A055MJT9;A0A051ZHV2;A0A056URN5;A0A047SAU0;A0A072ACI5;A0A038XXF9;A0A038SQR1;A0A054TUC0;A0A081G5K7;A0A051TFC5;A0A046WZD7;A0A044F1D8;G0TME3;A0A047HN69;A0A057G9L0;A0A041HEB2;A0A058C7E5;F7WY75;A0A056EHG3;A0A046N0R1;A0A048C9L3;A0A051IRL4;P0A4V5;A0A050FGJ1;A0A052NSS4;A0A055A130;A0A055C3M9;A0A051W317;P9WQN9;A0A039JLM2;P9WQN8;A0A042HAM8;A0A048UGG3;A0A051AA83;A0A048W4U4;A0A051JHW9;A0A040XPG2;A0A049JZ68;A0A048H468;R4MCX5;A0A040VZT9;A0A048XME1;A0A048X3H2;A0A055XL41;A0A057X2D9;A0A051AD24;A0A039CEY6;A0A053T786;A0A051R2G1;A0A041PDL3;A0A054IFP1;A0A042QZT2;A0A042GQL9;A0A045MQ48;A0A328GXS5;A0A054QZR4;A0A040I284;A0A038RJY0;A0A039NCC7;A0A055EYS8;A0A040SN30;A0A039JZH1;A0A1Q1QZR3;A0A043P4T5;A0A055VSG7;A0A043J5V3;A0A051C2G3;A0A055B999;A0A046GDE2;A0A053NZZ2;A0A052V0Y1;A0A055CTR6;A0A055WDS4;A0A058JKN2;A0A058RLJ7;A0A051KJF2;A0A055RTJ9;F7WJ48;A0A054C7N6;A0A046JH31;A0A057XLB7;A0A040WTW3;A0A055Y9U7;A0A040MMM8;A0A045ZTL6;A0A048JYX6;A0A052CNS0;A0A056IMK2;A0A044QEJ9;A0A041RPR3;A0A052SCY3;A0A050LEL9;A0A057M5D6;A0A046J210;A0A054IE63;A0A055EKZ6;A0A052STT0;A0A053R0V6;A0A047RLV4;A0A043FIU6;A0A046YZN0;A0A1Q1ZKL2;A0A040HR12;A0A058LEB3;A0A054E2E5;A0A048TKY2;A0A053HEN9;A0A040ZYD9;A0A044D920;A0A045L1M2;A0A038VN64;A0A048DKM7;A0A055W781;A0A048XX34;A0A056MSS8;A0A039PZ49;A0A054T8D5;A0A058KTX0;D6FW28;E2U5X9;A0A048NXJ9;A0A041CNL7;A0A039J4J2;A0A050VBR6;A0A046S8U2;A0A044XMH8;A0A049WIR7;A0A038WSB8;A0A055R6B1;A0A039S6A5;A0A046LQH2;A0A039ZE16;A0A057KYV3;A0A040JXC8;A0A049B5N0;A0A046VHN7;A0A058LYN0;A0A043HXE8;A0A040CW99;A0A071YS07;A0A1Q1XNY1;F2V9Z4;A0A055N920;A0A043WJM8;A0A052S2C2;A0A041IS41;A0A050VA05;A0A053F000;A0A058S7U8;A0A042LRJ0;A0A050EAL0;A0A1Q1YMA8;A0A057HJP7;A0A040Q278;G2UNY6;A0A045QGA6;A0A040MNP7;A0A058KJG6;A0A055UQP2;A0A042MPY2;A0A040R2V0;A0A041AHT9;A0A049S8B7;A0A050CLR4;A0A040B7K2;A0A047WL54;A0A048PXG9;A0A071VN05;A0A053P8R2;A0A071N5M2;A0A057I5W0;A0AAC8RHH5;A0A050D2L2;A0A046PWX3;A0A039BZ10;A0A051EL26;A0A049CCG9;A0A053WZ96;A0A043FHB1;A0A1Q1UH46;A0A047UKH8;A0A051UBT9;A0A051WII0;A0A041LAP8;A0A058AD61;A0A048YW25;A0A046T4S6;A0A041QR67;A0A042PVD0;A0A047JW74;A0A197IY08;A0A1Q1QNH8;A0A039S9E3;A0A042FZ93;A0A050N821;A0A7U3ZTG6;A0A057A3D2;A0A054IE54;P0A4V4;A0A048A625;A0A048VPI3;A0A055IV36;A0A058HEK0;A0A044S186;A0A041UE74;A0A043CQ23;A0A042GL57;A0A047M2G1;A0A1Q1VRZ5;A0A056P736;A0A049KYP4;A0A048IT22;A0A1Q2A837;A0A083WME1;A0A071ZFU5;A0A046WMY9;A0A051VC65;A0A044DRS5;A0AAP5BS77;A0A057RKP4;A0A057X4K5;A0A043PBN5;A0A056MUV5;A0A072EM15;M1IFK7;A0A038QBW8;A0A045Q635;A0A041ZYC4;A0A051Y566;E2WD36;A0A052D2T1;A0A055GCZ2;A0A056A8T5;A0A044KTW9;A0A039DQL9;A0A055X211;A0A038PGK0;A0A040R9B0;A0A038M3S3;A0AB74LGZ5;A0A8E0A2U0;A0A052EV61;A0A058LDG8;A0A049EZN6;A0A056J7P8;A0A053W4Y7;A0A1Q1VFS6;A0A042WF97;A0A049INZ1;A0A039WYM4;A0A047ESY3;A0A054TPV0;A0A056YTC3;A0A057L4W9;A0A050TXH3;A0A054ND64;A0A049ZTH4;A0A054JDM3;A0A039TY30;A0A058EDH7;A0A1Q1RLY0;A0A046U203;A0A051EFQ4;A0A045MMP0;A0A056BWC0;A0A058PM48;A0A044F7F7;A0A046UIH6;A0A044K3M6;A0A052AFM9;A0A046DY96;A0A046AHC7;A0A045GIJ6;A0A044JWK2;A0A052NGX9;A0A052YB43;A0A043VWU9;A0A048KQY6;X8G6H8;A0A049UXE9;A0A058SPV9;A0A047ZFA0;A0A058BLQ2;A0A1Q1YB78;A0A053JS04;A0A047JL57;A0A071TGY0;A0A051Z369;A0A052WEW7;A0A052LQR4;A0A056KI35;A0A040YBV1;A0A049HIV8;A0A048H612;A0A042PXW4;A0A7U9K1B2;A0A045LP74;A0A057VGX4;A0A050WN26;E2VPV6;A0A1Q2BHY5;A0A047V0J6;A0A058N117;A0A071QWE1;A0A055C682;A0A053IYB6;A0A038XBV5;A0A047NJ13;A0A038ZVK8;A0A0H3L501;A0A051F4I4;A0A054A448;D5XMU2;A0A046BFH0;A0A045V0V5;A0A047I2P3;A0A043N4U3;A0A057F0Q9;A0A071N7L8;H6S568;A0A042IB48;A0A044GBH1;A0A050RNR2;A0A049RKC3;F2GLS6;A0A058QKU7;A0A039KXH0;A0A042HRU0;C6DQZ4;A0A046IHL4;A0A050GCU8;A0A042JTN9;A0A0H3M0R3;A0A042R9D4;A0A057QAZ0;A0A041WHF7;L0T2K1;A0A051TSI3;A0A045TXR7;A0A040LVB1;A0A046XDV2;A0A043JYH8;A0A041ZLR0;A0A055K7A4;A0A829CFA3;A0A038N823;A0A039M9W1;A0A071QA81;A0A060GA49;A0A038XYR6;A0A071PLB4;A0A0K8KYT9;A0A052CWL0;A0A054NGV5;A0A058DZ00;A0A056NI60;A0A055W9G9;A0A042B9T6;A0A041FS17;A0A058NJY4;A0A045KA84;A0A048RTX5;A0A056JXA2;A0A046F2I9;A0A044NG61;A0A057UBX2;A0A048IMU9;A0A038R588;A0A046PBF6;A0A045VK65;A0A043RAE6;A0A109SK27;A0A042LMU1;A0A054UP76;A0A057FJT2;A0A057KAY9;A0A051WWI6;A0A053VU30;D5YMG3;A0A053MYE0;A0A050BS91;A0A058F7L9;A0A049FKD7;A0A055B4V6;A0A048MBY7;A0A057US50;A0A043YLE2;A0A051D1X6;A0A039ZIX5;A0A056PMQ9;A0A044CWN0;A0A054A9J9;A0A051MU80;A0A042IPC2;A0A044FWG9;A0A038PY96;A0A046K086;A0A058QZD8;A0A1Q1RAX0;A0A038QYN1;A0A045JZN5;A0A057MEJ7;A0A040AIX1;A0A056D7S0;A0A040NRC5;A0A053Y3A8;A0A042VNE1;A0A047XY46;A0A048YNR0;A0A056XI79;X2BE42;A0A051I5B6;A0A058RN24;A0A057DVT8;A0A040WVB3;A0A051HUI0;A0A044BNC7;A0A046Z9E3;A0A040F127;A0A044FWV0;A0A042MVZ7;A0A039Q2F3;A0A049XIY4;A0A072ADV6;A0A052QNB6;A0A047IGP9;A0A047VK19;A0A049YZ67;A0A052EVL7;A0A041MN21;A0A057Q4H8;A0A058DAK1;A0A048WEA5;A0A052XUW6;A0A041XPJ4;A0A049SKN5;E2WCB6;A0A042B512;A0A044JA83;A0A046FFV7;D6FCW1;A0A045U3U7;A0A049ZQ44;A0A055R6N7;A0A040D1U2;A0A054K4C0;A0A071X0I5;A0A051SRK7;A0A056J9B7;A0A051GFW7;A0A052AXK5;A0A050XWQ6;A0A047ML87;A0A047Q5Q1;A0A057NHL1;E2THB4;A0A047BFQ8;A0A047QBC0;A0A043JAV2;A0A046NCF6;A0A052ZUN0;A0A043ITM0;A0A046G4G7;A0A047J1Z5;A0A052XYJ9;A0A043UV01;A0A039HAX3;A0A048XAS1;A0A042IRA9;A0A074SH96;A0A053RUJ9;A0A071WBC4;A0A044VPA7;A0A039HIM4;A0A047XPD1;A0A056KFL8;A0A051PXJ8;A0A046JRQ5;A0A044YGA4;A0A044AFH8;A0A053ALC9;A0A050NK89;A0A048BMG6;D6F069;A0A051NZP3;A0A7U4FY00;A0A056YYA0;A0A040BUK1;A0A056HEK4;A0A057K7Y6;A0A049MV41;A0A048CVJ6;A0A052F5P6;A0A046CFK8;A0A7U4IYT6;A0A049XJM3;A0A056UFR8;A0A051JHC6;A0A055DV64;A0A048IR56;A0A056LMP5;A0A040SXJ1;A0A050I3E2;A0A054R179;A0A049CF31;A0AAE9BC43;A0A040YIE0;A0A049IB98;A0A038S4S5;A0A048U721;A0A050Y4K4;A0A043H4Q7;A0A048TA15;A0A046N7R3;A0A038VZZ6;A0A043GFZ1;A0A053KYT9;A0A041YSU3;A0A052G865;A0A7V9W5N2;A0A056DSQ4;A0A044XB37;A0A045YYD2;A0A057RC02;A0A071U0U5;A0A040RXE5;A0A043D3N5;A0A043PTY9;A0A050EI88;A0A054M0S9;A0A046T345;A0A045WDK3;A0A047RN95;A0A053GVI9;A0A047BNS7;A0A043CC59;A0A038YYN1;A0A040QTE4;A0A054NGH4;A0A038ZER7;A0A050JM44;A0A039XL18;A0A056XUM2;A0A042VH05;A0A053S9L1;A0A043FAZ0;A0A049HCH8;A0A050IXI7;A0A058BYE7;A0A041DBK4;A0A039PDY7;A0A044SP35;A0A056XLZ9;A0A041DVX4;A0A042EDI5;A0A7U8YJG6;A0A072B1T4;A0A040R4C0;A0A071UMW7;A0A048AKS6;A0A041NYI2;A0A048N9Z8;A0A058H479;A0A291M5B9;A0A045Y1V7;A0A046C233;A0A1Q1UTB6;A0A047PFF8;A2VN57;A0A041T790;A0A049H2I6;A0A055F682;A0A047CN67;A0A042Y8R1;A0A043X6L3;A0A048M6W2;A0A040A078;A0A057SJK6;A0A046VS29;A0A057VSM6;A0A056TPA6;I6RPS7;A0A047A1G1;A0A052DXW1;A0A051LXS5;A0A046AF86;A0A055NQ02;A0A044ZCF7;A0A048PHF4;A0A049L7C9;A0A045NGK9;E2W162;E2V498;A0A047XA97;A0A055YE32;A0A038UHK7;A0A049J6T1;A0A051LDI9;A0A040FDN5;A0A045H1R2;A0A053NXF5;A0A045N4F3;A0A051DR86;A0A039AX89;A0A048ADE3;M9UN80;A0A040ZN29;A0A040TIT0;A0A041Y5K3;A0A058K939;A0A050T0D4;A0A054YTE6;A0A042S085;A0A045P5Z6;A0A040BJQ8;A0A042Y1J4;A0A040T2K6;A0A071TSD8;A0A051JSU5;E2T7J0;A0A043YUA1;A0A054BCT5;A0A042APS5;A0A053ZQR2;A0A043I4P5;A0A053TZZ4;T0EH32;A0A039MG11;A0A050MFS8;A0A052U114;A0A056RRD9;A0A058REV5;A0A040C4Q3;A0A051Z4J2;A0A048HZE3;A0A054QTU1;A0A038NYD8;A0A056CJ44;A0A042IC74;A0A054VKY5;A0A051E1T3;A0A045CYK8;E2TU08;A0A053HVR4;A0A056WWK2;A1KEV0;A0A051NCU5;A0A041V5Y3;A0A055MKJ0;A0A071PXZ0;A0A050G528;A0A044WDS3;A0A041J4N9;A0A047BSA0;A0A045NBP5;A0A057TF74;A5WII4;A0A038LHH9;A0A047IF36;A0A053YWE8;A0A052L251;A0A071XG36;A0A050MRF8;A0A109ST09;A0A047YM69;A0A1S1BIV3;A0A039UTR0;A0A057GXT0;A0A057TJW6;A0A052GUW7;A0A045XEQ5;A0A045D7P4;A0A046Y4L8;A0A050IX68;E9ZRE3;A0A040N941;A0A041CKL5;A0ABX2VH16;A0A045IJA3;A0A044X551;A0A051WCM2;A0A7U4C624;A0A057HVY4;A0A042S5U8;A0A042SXS8;A0A055I9U9;A0A039T8M9;A0A043QP72;A0A051B4N4;A0A057EHI8;A0A049LUB6;A0A055RNY5;A0A050GVP9;A0A040XZZ3;A0A045YI07;A0A041C674;A0A046KG59;A0A044D386;A0A047N5R8;A0A041QX69;A0A055ZX59;A0A047TCV5;A0A056Q481;A0A053JI17;A0A041AZT5;A0AA34Y7K2;A0A057ILD7;A0A047EKU2;A0A0E0YK91;A0A050J5M2;A0A046QDH2;A0A050AVS5;A0A054S5K1;A0A040DSD4;A0A041LP91;A0A043LYD0;A0A049TUJ0;A0A1Q1TIS2;A0A055SWG1;L0NP09;A0A039SVU6;A0A049I3C9;A0A057KF38;A0A053N2N9;A0A047GUG1;A0A8E0AB03;A0A053N970;A0A1Q1ZX40;A0A041VKB7;A0A053Q583;A0A049WR51;A0A039V6Q3;A0A055ABA6;A0A0H4FM35;A0A044XZD3;A0A071RA66;A0A048F7G0;A0A049KZJ2;A0A052YXQ1;A0A054BDR5;A0A044HBQ8;A0A040TYA7;A0A051H3I8;A0A044ICA9;A0A050XED6;A0A053GQ84;A0A040H762;A0A051P760;A0A044T9U1;A0A044MJC7;A0A055CA45;A0A057UWS7;A0A043DNW9;A0A041DU24;A0A052G158;A0A056KXS7;A0A042HJZ7;A0A039VP90;A0A053JNP8;A0A043EKK5;A0A058I918;A0A042X5D1;A0A041RZV3;A0A056WHX9;A0A052DTQ7;A0A045NXC6;A0A052BTH6;A0A040XN17;X8GKD8;A0A047CCU2;A0A044L800;A0A041YZX7;A0A042KYK3;A0A039IFJ2;A0A054V3K1;D5Z9T3;H8ETW2;A0A049V846;A0A8S7LR74;A0A041NHF5;A0A043LT78;A0A044C0W4;A0AAX1Q126;A0A054HFS9;A0A058NQM7;A0A057TX94;A0A055TYZ2;A0A043M1S9;A0A048VU65;A0A043TMX0,131567,cellular organisms,Unresolved,Unresolved,False,True,False,False,2D868C438D697988,-0.00210323,0.9173488020896912,280
439,2D868C438D697988,340,UniProtKB/TrEMBL (unreviewed representative),UPI0000042501,A0A048R8J3;A0A056GAP9;A0A056RGN9;A0A042CPS4;A0A072B1N1;A0A044V5I1;A0A050P637;A0A041KHG8;A0A048BFY0;A0A046GNU0;A0A055E4G8;A0A051PX01;A0A043BSC4;A0A043AIU9;A0A054KY69;A0A040I9D4;A0A047H637;A0A052QIM2;A0A051HNA3;A0A048EBT4;F9UVF0;A0A043W7B5;A0A054P5D8;A0A045X1L0;A0A040ZH40;H8HRW7;A0A042LW98;A0A042AES4;A0A050UTL3;A0A041XIM5;A0A042U1R8;A0A041Q145;A0A051B9P0;A0A9P2M2A3;A0A1Q1T7K9;A0A055S3M7;A0A058DQR7;A0A1Q1YYG5;A0A040JQS1;S5F1F1;A0A038WMS7;A0A2T3US64;A0A040ETH0;A0A042ZR73;A0A1Q1SK99;A0A049MB39;A0A043J7J7;A0A047W9B7;A0A071QYH5;A0A057PGV6;A0A054ZDS2;A0A041F7G4;A0A043IAF2;A0A049QMB5;A0A042ETP0;A0A050G7M4;A0A048KXY3;A0A053EFV5;A0A041BK16;A0A045VVM6;A0A050ZSP8;A0A052N1Y3;A0A041US16;A0A049UJD1;A0A038P4D6;A0A055IUX5;A0A057JQ47;A0A039INA3;A0A501P6I6;A0A050WAU1;A0A054WR21;A0A039GGI7;A0A044EA74;A0A052PWB6;A0A052E6E7;A0A055EBN2;A0A051SCI8;A0A1Q2B6I2;A0A041ZKX6;A0A057ZTA3;A0A039NYC8;A0A040B1A2;A0A052WQF9;A0A043ZUK2;A0A040KC04;A0A038SEQ7;A0A040FP57;A0A057EIY6;A0A1Q1XCS7;A0A046UDR6;A0A042YE31;A0A047MW08;A0A046S2U8;A0A057AQQ7;A0A0K2HQZ5;A0A050NQZ1;A0A058PUL5;A0A051N9I3;A0A055HAN7;A0A040VRL2;A0A040P077;A0A053FED5;A0A039J0F8;A0A041A1K8;A0A053TLL7;A0A047U8K2;A0A052RVV2;A0A806JFW3;A0A045AX72;A0A042V6X6;A0A046BMP4;A0A051SNC2;A0A049U8U4;A0A039WM74;A0A039D4G6;A0A041GHN7;A0A045C9T9;A0A046Y7G3;A0A1Q1QCQ9;A0A051DFX4;A0A042J9I6;A0A1Q1W340;A0A052FXB5;A0A049R7Z2;A0A043TYP8;A0A058L0D6;A0A051Q579;A0A047JCD0;A0A055SKC5;A0A049ELY2;A0A041SPS2;A0A039A123;A0A047L0N6;A0A053V3X9;A0A044ZLP4;A0A058G4F5;A0A048EE15;A0A055QIJ5;A0A054V939;A0A056T6T2;A0A041EJZ6;A0A053G4F5;A0A058BF74;A0A039QNS6;A0A056QAP8;A0A1Q1Z9M4;A0A056HMG2;A0A058MHL2;A0A056SGG7;A0A055VNA9;A0A048ZHH6;A0A679LAF1;A0A050XQW8;A0A1Q1WQB1;A0A051YMG1;A0A055B187;A0A042D0D6;A0A071NPA2;A0A053HDF1;A0A071RT07;A0A038U207;A0A040UK08;A0A050V6V2;A0A051CVA9;A0A041HJV9;A0A044SJB3;D5YYY0;T5HGD2;A0A041GBA0;A0A057DCK6;A0A044EXQ0;A0A047K288;A0A047VL27;A0A056W7D1;A0A041NRK4;A0A042N5R0;A0A057ZD96;A0A041JVX9;A0A051D151;A0A044PUN7;A0A0B6T6G4;A0A038RXE6;A0A054CJY4;A0A042FD96;A0A053CB81;A0A041L190;A0A042V463;A0A047AVW8;A0A048RPM3;A0A041GGT2;A0A043RWN5;A0A049FRQ6;A0A049H6Y6;A0A071XPX0;A0A050BH22;A0A057S9C8;A0A039R8U7;A0A039YDC8;A0A039F528;A0A056SX92;A0A043A4A1;A0A055N8W8;A0A053L9Q2;D5YAX1;A0A041IAZ4;A0A049NX50;A0A055Z983;A0A058J2P8;A0A049ECS2;A0A047XFE1;A0A053R0X6;A0A038US72;A0A054FDB7;A0A057B4S1;A0A042PU28;A0A058JL56;A0A050QA44;A0A054SJM2;A0A044TVY1;A0A051UY59;A0A054XG07;A0A055D4K9;A0A042QR82;A0A047BQL3;A0A041VSP6;A0A044W2F8;A0A057Z525;A0A055Z338;A0A055KQF5;A0A057Y7Z0;A0A039R8Z9;A0A048QZR1;A0A050S119;A0A054ZIP9;A0A050TJL7;A0A1Q2AJA4;A0AAQ0F4H8;A0A057WL67;A0A041Q9Y2;A0A042DLN8;A0A043UZJ3;A0A042TBK6;A0A048LJW2;A0A049RYP6;A0A048E7P0;A0A049BY62;A0A049CYM2;A0A044YJQ8;A0A050LT50;A0A054FKV4;A0A045SX68;A0A039EAC9;A0A056M8B6;A0A048N4T6;A0A056FV51;A0A051AM69;A0A043M6J8;A0A045NRQ3;A0A057YGX9;A0A052ZTW7;A0A7U4F948;A0A058Q0B7;A0A042JGM7;A0A046I7D7;A0A043RR33;A0A047FC50;A0A042SE20;A0A049N8U8;A0A050Q729;A0A053IQX3;A0A057YL60;A0A051C8Y7;A0AAU0Q5H3;A0A054I086;A0A040V0C8;W8SHW4;A0A045XU69;A0A046HW86;A0A071P3G2;A0A039KVX0;A0A041LW86;A0A040MT00;A0A058FEZ1;A0A051RG37;A0A040JAM2;A0A058CKT2;A0A045ZG38;A0A045RHE7;A0A045CFW1;A0A039W009;A0A042KLJ4;A0A039W8G5;A0A045TS19;A0A047T5E5;A0A054SF10;A0A039BQV3;A0A048WMG2;A0A047GNV1;L0Q2E6;A0A039YSL7;A0A041SXB5;A0A057ADM8;A0A042FIK5;A0A072AER9;A0A050FHT6;A0A048QDR2;A0A054VZE7;L0QDT5;A0A056GZJ4;A0A056LH76;A0A048Z1C1;A0A039DAT7;A0A051YJ44;A0A040G8K5;A0A055LWK6;A0A045BG09;A0A050XZF5;A0A050RB26;E1H542;A0A054D4A6;A0A049H9B6;A0A045JX50;A0A056TGX3;A0A048GYM2;A0A054DTB0;A0A049AQ66;A0A054NQY5;A0A047QH35;A0A056T5Z5;A0A044GXY9;A0A051IEW7;A0A049YNS6;C1AJF5;A0A052MIK4;A0A039LGD4;A0A081GH25;A0A044ZYA0;A0A052BEA5;A0A053DBM0;A0ABV1MD40;A0A045AB07;A0A044V7N9;A0A056NIP6;A0A039QJA5;A0A050NYV3;G7QRC9;A0A1Q1V4G7;A0A039P3J7;A0A1Q1U699;A0A047X815;A0A044PD59;A0A055TP24;A0A043BKT4;A0A071U457;A0A056BB03;A0A038YIF9;A0A057UMH5;I6Y2U9;A0A047N2A9;A0A050W565;E2UT22;A0A040DW30;A0A053RXK9;A0A056QYY4;A0A043XV41;A0A055IFU5;A0A039AWQ2;A0A044HWN0;A0A1Q1RYF2;A0A041AFV8;A0A057J5Q7;A0A050T4D1;A0A051QH36;A0A040GWX2;A0A053WQ64;A0A039RN23;A0A039MQM9;A0A058J100;W6GJ72;A0A054YP25;A0A056WK19;A0A045TBK0;A0A042ZQI9;A0A048G2V8;A0A058IF34;A0A052ZGD8;A0A049FHI5;A0A050L4N3;A0A042DFX8;A0A048VH25;A0A052C7P0;P96806;A0A045LFW2;A0A057VMS0;V2VT89;A0A041RAX1;A0A050CB64;A0A042C4R5;A0A053TXE4;A0A041PNK4;A0A048J9B9;A0A038YT83;A0A039VA78;A0A053L1U5;A0A045SKP0;A0A049T0K4;A0A052TFI8;A0A053AJV5;A0A054ESU9;A0A038VMD5;A0A040LSS2;A0A039U9Q3;A0A055U4B9;A0A046RPL8;A0A053M4T8;A0A058AZQ4;A0A054AM60;A0A047SS26;A0A040CSZ5;A0A050A7S5;A0A047FWI8;A0A046XIY7;A0A047LES4;A0A045BB00;A0A040P8M5;A0A057CK56;A0A039YJT1;A0A045QN39;A0A1R3XUE5;A0A041JFG0;A0A053EVM2;A0A050K9V9;A0A054KM53;A0A054YN99;A0A051TTE8;A0A038KLN8;A0A056F3M7;A0A046PD84;A0A039BC23;A0A046RJS6;A0A049C4Q0;A0A041EU37;A0A050AEU9;A0A039EM41;A0A057ZQS0;A0A054P0E3;A0A046UA63;A0A041TZ93;A0A044QVQ9;A0A049DD97;A0A043DZT4;A0A053DTK8;A1QMQ6;A0A050Z4V4;A0A039FLJ1;A0A043H7L3;A0A053I2W1;A0A055M1I0;A0A047V5W0;A0A042UD75;A0A052TQ40;G2N484;A0A047VH54;A0A053IDX7;E2UGK4;A0A048E8P6;A0A055ZSP3;A0A045S4W0;A0A041CYB0;A0A048DI82;A0A048IPF1;A0A056RVJ0;A0A054DKD9;A0A048PKA2;A0A039G0X0;A0A041U1L5;A0A055PZ11;A0A052NIJ8;A0A045FM73;A0A039E5A8;A0A041MRN1;A0A054C8K2;A0A049LZE3;A0A052JXR4;M8CST8;A0A053BXS5;A0A056ILN6;A0A7U8YA94;A0A038T6Q2;A0A4U7ML52;A0A050HWC5;A0A052GGQ6;A0A054GE59;A0A049YJU7;A0A048A5H1;A0A055BBE0;W6GU01;A0A053JN39;A0A038TMP0;A0A039T2W3;A0A047YAI4;A0A048UCZ5;A0A1Q1TUV6;A0A071WPC4;A0A051MBS6;A0A055H126;A0A057JLV2;A0A047LGS4;A0A1Q1WE63;A0A054MGJ2;A0A043WRU9;A0A050PAI3;A0A0F7Q140;A0A051NS84;A0A055Y946;A0A047DDP9;A0A053QDY4;A0A043Z3U8;A0A049TLP5;A0A041WUB3;A0A042JNL4;A0A049JVQ3;A0A049AFU4;A0A054FHM3;A0A057QYU5;A0A042E519;A0A048L272;A0A053TCD1;A0A052W9K5;A0A071YRA5;A0A8S8LGI8;A0A042RSS1;A0A056K0F3;A0A050H264;A0A057BSX9;A0A056END0;A0A046R6I8;A0A097ZTW5;A5TYK4;A0A053G0W2;A0A053BRZ0;A0A043HEP9;A0A044INE2;A0A7U4G454;A0A051L5V5;A0A052N4Y2;A0A071VES7;A0A050UI23;A0A052SUX1;A0A049MJR9;A0A050KSL7;A0A055GYS5;A0A046HDH4;A0A045ZAT1;A0A054LVX0;A0A053D044;A0A053ST85;A0A054KCT4;A0A039FIZ1;A0A039NMG9;A0A048QYW8;A0A048H038;A0A049P3P7;A0A041RQ25;A0A051GUA1;A0A040ABH2;A0A043Y3N5;A0A045SK96;A0A043D108;A0A047E8D7;A0A054EBW1;P31953;A0A055JAM5;A0A055H8L0;A0A054FS37;L0PQF4;A0A051XAZ8;A0A038MZF5;A0A057RYW5;T5HDU2;A0A045V4M8;A0A051FP07;A0A053UY26;A0A058FQC5;A0A041K658;A0A039ABQ1;A0A044JJD3;A0A071ZDX8;A0A054XL83;A0A056D8I7;A0A039LTZ5;A0A058PP72;A0A055T8X1;A0A040KWZ4;A0A050DX05;A0A055P2J2;A0A042G290;A0A1Q1S951;A0A048SXI8;A0A050QXB9;A0A042EM23;A0A046C7W1;A0A072DJD3;A0A047S434;A0A056V673;A0A057BRB6;A0A056H0D0;A0A047Z689;A0A039HWP0;A0A071ZNM6;A0A044IZJ1;A0A051G796;A0A047P2E0;A0A1Q1SWD5;A0A058HP33;A0A040L935;A0A047Z8C5;A0A053LY64;A0A1Q1Q1G6;V2W079;A0A038V4W2;A0A044A5F0;A0A042TMC1;A0A052REN0;A0A057QE83;A0A053LT70;A0A042MGJ7;A0A041EWP7;A0A047Q4U0;A0A054GV36;A0A042XXS0;A0A049AFK2;A0A042PBH3;A0A055FM01;A0A056CD32;A0A079KZI1;A0A046GXJ2;A0A048G9H7;A0A045W0P2;A0A047GK34;A0A057GPD7;A0A041IE54;A0A071RVX7;A0A045TEJ9;A0A051VW36;A0A053UV98;A0A058AC97;A0A041MX12;A0A054JF17;A0A039U2D6;A0A050RY91;A0A043V3U6;A0A049PSB5;A0A045WNE1;A0A046ERU7;A0A053MY83;A0A045DZ42;A0A053AC66;A0A052V749;A0A050QNI8;A0A047TS73;D5ZBH5;A0A057P2M2;A0A046DHX9;A0A052RHK2;A0A049VZ22;A0A050QC08;A0A057LJ69;A0A047DGM3;A0A046D9X5;A0A051W0R3;A0A056XPF5;A0A043U9F5;A0A039Y3E4;A0A041TNN3;A0A040IZR5;A0A053EBB5;A0A041BRA9;A0A040Q858;A0A045SA43;A0A057IQ23;A0A046H8I5;A0A058GKQ2;A0A056C185;A0A044P643;A0A041KCP5;A0A041YIJ4;A0A052P788;A0A040WPU4;A0A052L734;A0A051HF18;A0A0G4E3M8;A0A058H037;A0A039C7B5;A0A043ZB65;A0A056M1H1;A0A046R3M9;A0A040Z2D4;A0A049VTT8;A0A058ERD8;A0A052JZM2;A0A043FS99;A0A051ANZ2;A0A057GJQ4;A0A042C9C3;A0A054HMA5;A0A044CC53;A0A052KGS5;A0A055WWD4;A0A1Q1X234;A0A043A9D7;A0A044E2X4;A0A041W583;A0A048R3F4;A0A048SPZ5;A0AB72XGG8;A0A041X6J7;F8M022;W6H8C1;A0A057D009;A0A055ZL47;A0A049SWF1;A0A058DYA9;A0A053XHX4;A0A046J4P8;A0A053QYL3;A0A040ELC6;A0A048FCC0;A0A047KM23;A0A039GK31;A0A048L694;A0A050ZX09;A0A057F1P7;A0A056NYB6;A0A049ZIN5;A0A050M0W3;A0A056VTF2;A0A055L3I3;A0A055U3H1;A0A053Z618;A0A058CU54;A0A039GZQ4;A0A052AQ20;A0A040UQF8;A0A052B4C6;A0A049FUC2;A0A044YZY8;A0A052YDH7;A0A046LW65;A0A042ZXD4;A0A051ZPI0;A0A045JK21;A0A054XKK9;A0A040VNS9;A0A043TAK3;A0A054VZ16;A0A7U8YG56;A0A052QX61;A0A050F2R7;A0A054XIC1;A0A040UA90;A0A049AZG1;A0A058MQE0;A0A045EVM4;A0A049E6D2;A0A049MY58;D6G8G2;A4KNF3;A0A046MIL5;A0A050SVX7;A0A048Y7W8;A0A054S0Q2;A0A053YFR4;A0A049ILZ2;A0A052L801;A0A046VN07;A0A048NMT6;A0A039X7Q2;A0A041HES6;A0A071XTN2;A0A1Q1XZY3;A0A042NPW1;A0A057WS98;A0A044GM30;X8FV10;A0A053DI63;A0A055QJ59;A0A053WQW7;A0A053QCM8;H8HXH1;A0A043K3U6;A0A045XM52;A0A045AK73;A0A045LV76;A0A048BDQ1;A0A046FSN6;A0A045PX43;A0A050XL31;A0A046D061;A0A046AGD0;A0A048CTG2;A0A046M7H5;A0A055IG40;A0A040QHD0;A0A046NIB0;A0A8E0AHI8;A0A055L6F3;A0A051LP27;A0A051X4J4;A0A040KMH5;A0A046DVQ5;A0A054D544;A0A049V4J4;A0A051S5S5;A0A038NLS2;A0A048K4N0;A0A039JJN9;A0A057N052;A0A053WDT6;A0A055FBZ1;A0A050KTB1;A0A043K3Q7;A0A045QRA5;A0A050DTH7;A0A056B6D5;A0A043E1R8;A0A058P8V2;A0A038QTF0;A0A045C221;A0ACD3TXF9;A0A046QJ71;A0A044LFG3;A0A040H7V8;A0A051PQ22;A0A1Q2AVC5;A0A052PEP2;A0A044BFT2;A0A055MJT9;A0A051ZHV2;A0A056URN5;A0A047SAU0;A0A072ACI5;A0A038XXF9;A0A038SQR1;A0A054TUC0;A0A081G5K7;A0A051TFC5;A0A046WZD7;A0A044F1D8;G0TME3;A0A047HN69;A0A057G9L0;A0A041HEB2;A0A058C7E5;F7WY75;A0A056EHG3;A0A046N0R1;A0A048C9L3;A0A051IRL4;P0A4V5;A0A050FGJ1;A0A052NSS4;A0A055A130;A0A055C3M9;A0A051W317;P9WQN9;A0A039JLM2;P9WQN8;A0A042HAM8;A0A048UGG3;A0A051AA83;A0A048W4U4;A0A051JHW9;A0A040XPG2;A0A049JZ68;A0A048H468;R4MCX5;A0A040VZT9;A0A048XME1;A0A048X3H2;A0A055XL41;A0A057X2D9;A0A051AD24;A0A039CEY6;A0A053T786;A0A051R2G1;A0A041PDL3;A0A054IFP1;A0A042QZT2;A0A042GQL9;A0A045MQ48;A0A328GXS5;A0A054QZR4;A0A040I284;A0A038RJY0;A0A039NCC7;A0A055EYS8;A0A040SN30;A0A039JZH1;A0A1Q1QZR3;A0A043P4T5;A0A055VSG7;A0A043J5V3;A0A051C2G3;A0A055B999;A0A046GDE2;A0A053NZZ2;A0A052V0Y1;A0A055CTR6;A0A055WDS4;A0A058JKN2;A0A058RLJ7;A0A051KJF2;A0A055RTJ9;F7WJ48;A0A054C7N6;A0A046JH31;A0A057XLB7;A0A040WTW3;A0A055Y9U7;A0A040MMM8;A0A045ZTL6;A0A048JYX6;A0A052CNS0;A0A056IMK2;A0A044QEJ9;A0A041RPR3;A0A052SCY3;A0A050LEL9;A0A057M5D6;A0A046J210;A0A054IE63;A0A055EKZ6;A0A052STT0;A0A053R0V6;A0A047RLV4;A0A043FIU6;A0A046YZN0;A0A1Q1ZKL2;A0A040HR12;A0A058LEB3;A0A054E2E5;A0A048TKY2;A0A053HEN9;A0A040ZYD9;A0A044D920;A0A045L1M2;A0A038VN64;A0A048DKM7;A0A055W781;A0A048XX34;A0A056MSS8;A0A039PZ49;A0A054T8D5;A0A058KTX0;D6FW28;E2U5X9;A0A048NXJ9;A0A041CNL7;A0A039J4J2;A0A050VBR6;A0A046S8U2;A0A044XMH8;A0A049WIR7;A0A038WSB8;A0A055R6B1;A0A039S6A5;A0A046LQH2;A0A039ZE16;A0A057KYV3;A0A040JXC8;A0A049B5N0;A0A046VHN7;A0A058LYN0;A0A043HXE8;A0A040CW99;A0A071YS07;A0A1Q1XNY1;F2V9Z4;A0A055N920;A0A043WJM8;A0A052S2C2;A0A041IS41;A0A050VA05;A0A053F000;A0A058S7U8;A0A042LRJ0;A0A050EAL0;A0A1Q1YMA8;A0A057HJP7;A0A040Q278;G2UNY6;A0A045QGA6;A0A040MNP7;A0A058KJG6;A0A055UQP2;A0A042MPY2;A0A040R2V0;A0A041AHT9;A0A049S8B7;A0A050CLR4;A0A040B7K2;A0A047WL54;A0A048PXG9;A0A071VN05;A0A053P8R2;A0A071N5M2;A0A057I5W0;A0AAC8RHH5;A0A050D2L2;A0A046PWX3;A0A039BZ10;A0A051EL26;A0A049CCG9;A0A053WZ96;A0A043FHB1;A0A1Q1UH46;A0A047UKH8;A0A051UBT9;A0A051WII0;A0A041LAP8;A0A058AD61;A0A048YW25;A0A046T4S6;A0A041QR67;A0A042PVD0;A0A047JW74;A0A197IY08;A0A1Q1QNH8;A0A039S9E3;A0A042FZ93;A0A050N821;A0A7U3ZTG6;A0A057A3D2;A0A054IE54;P0A4V4;A0A048A625;A0A048VPI3;A0A055IV36;A0A058HEK0;A0A044S186;A0A041UE74;A0A043CQ23;A0A042GL57;A0A047M2G1;A0A1Q1VRZ5;A0A056P736;A0A049KYP4;A0A048IT22;A0A1Q2A837;A0A083WME1;A0A071ZFU5;A0A046WMY9;A0A051VC65;A0A044DRS5;A0AAP5BS77;A0A057RKP4;A0A057X4K5;A0A043PBN5;A0A056MUV5;A0A072EM15;M1IFK7;A0A038QBW8;A0A045Q635;A0A041ZYC4;A0A051Y566;E2WD36;A0A052D2T1;A0A055GCZ2;A0A056A8T5;A0A044KTW9;A0A039DQL9;A0A055X211;A0A038PGK0;A0A040R9B0;A0A038M3S3;A0AB74LGZ5;A0A8E0A2U0;A0A052EV61;A0A058LDG8;A0A049EZN6;A0A056J7P8;A0A053W4Y7;A0A1Q1VFS6;A0A042WF97;A0A049INZ1;A0A039WYM4;A0A047ESY3;A0A054TPV0;A0A056YTC3;A0A057L4W9;A0A050TXH3;A0A054ND64;A0A049ZTH4;A0A054JDM3;A0A039TY30;A0A058EDH7;A0A1Q1RLY0;A0A046U203;A0A051EFQ4;A0A045MMP0;A0A056BWC0;A0A058PM48;A0A044F7F7;A0A046UIH6;A0A044K3M6;A0A052AFM9;A0A046DY96;A0A046AHC7;A0A045GIJ6;A0A044JWK2;A0A052NGX9;A0A052YB43;A0A043VWU9;A0A048KQY6;X8G6H8;A0A049UXE9;A0A058SPV9;A0A047ZFA0;A0A058BLQ2;A0A1Q1YB78;A0A053JS04;A0A047JL57;A0A071TGY0;A0A051Z369;A0A052WEW7;A0A052LQR4;A0A056KI35;A0A040YBV1;A0A049HIV8;A0A048H612;A0A042PXW4;A0A7U9K1B2;A0A045LP74;A0A057VGX4;A0A050WN26;E2VPV6;A0A1Q2BHY5;A0A047V0J6;A0A058N117;A0A071QWE1;A0A055C682;A0A053IYB6;A0A038XBV5;A0A047NJ13;A0A038ZVK8;A0A0H3L501;A0A051F4I4;A0A054A448;D5XMU2;A0A046BFH0;A0A045V0V5;A0A047I2P3;A0A043N4U3;A0A057F0Q9;A0A071N7L8;H6S568;A0A042IB48;A0A044GBH1;A0A050RNR2;A0A049RKC3;F2GLS6;A0A058QKU7;A0A039KXH0;A0A042HRU0;C6DQZ4;A0A046IHL4;A0A050GCU8;A0A042JTN9;A0A0H3M0R3;A0A042R9D4;A0A057QAZ0;A0A041WHF7;L0T2K1;A0A051TSI3;A0A045TXR7;A0A040LVB1;A0A046XDV2;A0A043JYH8;A0A041ZLR0;A0A055K7A4;A0A829CFA3;A0A038N823;A0A039M9W1;A0A071QA81;A0A060GA49;A0A038XYR6;A0A071PLB4;A0A0K8KYT9;A0A052CWL0;A0A054NGV5;A0A058DZ00;A0A056NI60;A0A055W9G9;A0A042B9T6;A0A041FS17;A0A058NJY4;A0A045KA84;A0A048RTX5;A0A056JXA2;A0A046F2I9;A0A044NG61;A0A057UBX2;A0A048IMU9;A0A038R588;A0A046PBF6;A0A045VK65;A0A043RAE6;A0A109SK27;A0A042LMU1;A0A054UP76;A0A057FJT2;A0A057KAY9;A0A051WWI6;A0A053VU30;D5YMG3;A0A053MYE0;A0A050BS91;A0A058F7L9;A0A049FKD7;A0A055B4V6;A0A048MBY7;A0A057US50;A0A043YLE2;A0A051D1X6;A0A039ZIX5;A0A056PMQ9;A0A044CWN0;A0A054A9J9;A0A051MU80;A0A042IPC2;A0A044FWG9;A0A038PY96;A0A046K086;A0A058QZD8;A0A1Q1RAX0;A0A038QYN1;A0A045JZN5;A0A057MEJ7;A0A040AIX1;A0A056D7S0;A0A040NRC5;A0A053Y3A8;A0A042VNE1;A0A047XY46;A0A048YNR0;A0A056XI79;X2BE42;A0A051I5B6;A0A058RN24;A0A057DVT8;A0A040WVB3;A0A051HUI0;A0A044BNC7;A0A046Z9E3;A0A040F127;A0A044FWV0;A0A042MVZ7;A0A039Q2F3;A0A049XIY4;A0A072ADV6;A0A052QNB6;A0A047IGP9;A0A047VK19;A0A049YZ67;A0A052EVL7;A0A041MN21;A0A057Q4H8;A0A058DAK1;A0A048WEA5;A0A052XUW6;A0A041XPJ4;A0A049SKN5;E2WCB6;A0A042B512;A0A044JA83;A0A046FFV7;D6FCW1;A0A045U3U7;A0A049ZQ44;A0A055R6N7;A0A040D1U2;A0A054K4C0;A0A071X0I5;A0A051SRK7;A0A056J9B7;A0A051GFW7;A0A052AXK5;A0A050XWQ6;A0A047ML87;A0A047Q5Q1;A0A057NHL1;E2THB4;A0A047BFQ8;A0A047QBC0;A0A043JAV2;A0A046NCF6;A0A052ZUN0;A0A043ITM0;A0A046G4G7;A0A047J1Z5;A0A052XYJ9;A0A043UV01;A0A039HAX3;A0A048XAS1;A0A042IRA9;A0A074SH96;A0A053RUJ9;A0A071WBC4;A0A044VPA7;A0A039HIM4;A0A047XPD1;A0A056KFL8;A0A051PXJ8;A0A046JRQ5;A0A044YGA4;A0A044AFH8;A0A053ALC9;A0A050NK89;A0A048BMG6;D6F069;A0A051NZP3;A0A7U4FY00;A0A056YYA0;A0A040BUK1;A0A056HEK4;A0A057K7Y6;A0A049MV41;A0A048CVJ6;A0A052F5P6;A0A046CFK8;A0A7U4IYT6;A0A049XJM3;A0A056UFR8;A0A051JHC6;A0A055DV64;A0A048IR56;A0A056LMP5;A0A040SXJ1;A0A050I3E2;A0A054R179;A0A049CF31;A0AAE9BC43;A0A040YIE0;A0A049IB98;A0A038S4S5;A0A048U721;A0A050Y4K4;A0A043H4Q7;A0A048TA15;A0A046N7R3;A0A038VZZ6;A0A043GFZ1;A0A053KYT9;A0A041YSU3;A0A052G865;A0A7V9W5N2;A0A056DSQ4;A0A044XB37;A0A045YYD2;A0A057RC02;A0A071U0U5;A0A040RXE5;A0A043D3N5;A0A043PTY9;A0A050EI88;A0A054M0S9;A0A046T345;A0A045WDK3;A0A047RN95;A0A053GVI9;A0A047BNS7;A0A043CC59;A0A038YYN1;A0A040QTE4;A0A054NGH4;A0A038ZER7;A0A050JM44;A0A039XL18;A0A056XUM2;A0A042VH05;A0A053S9L1;A0A043FAZ0;A0A049HCH8;A0A050IXI7;A0A058BYE7;A0A041DBK4;A0A039PDY7;A0A044SP35;A0A056XLZ9;A0A041DVX4;A0A042EDI5;A0A7U8YJG6;A0A072B1T4;A0A040R4C0;A0A071UMW7;A0A048AKS6;A0A041NYI2;A0A048N9Z8;A0A058H479;A0A291M5B9;A0A045Y1V7;A0A046C233;A0A1Q1UTB6;A0A047PFF8;A2VN57;A0A041T790;A0A049H2I6;A0A055F682;A0A047CN67;A0A042Y8R1;A0A043X6L3;A0A048M6W2;A0A040A078;A0A057SJK6;A0A046VS29;A0A057VSM6;A0A056TPA6;I6RPS7;A0A047A1G1;A0A052DXW1;A0A051LXS5;A0A046AF86;A0A055NQ02;A0A044ZCF7;A0A048PHF4;A0A049L7C9;A0A045NGK9;E2W162;E2V498;A0A047XA97;A0A055YE32;A0A038UHK7;A0A049J6T1;A0A051LDI9;A0A040FDN5;A0A045H1R2;A0A053NXF5;A0A045N4F3;A0A051DR86;A0A039AX89;A0A048ADE3;M9UN80;A0A040ZN29;A0A040TIT0;A0A041Y5K3;A0A058K939;A0A050T0D4;A0A054YTE6;A0A042S085;A0A045P5Z6;A0A040BJQ8;A0A042Y1J4;A0A040T2K6;A0A071TSD8;A0A051JSU5;E2T7J0;A0A043YUA1;A0A054BCT5;A0A042APS5;A0A053ZQR2;A0A043I4P5;A0A053TZZ4;T0EH32;A0A039MG11;A0A050MFS8;A0A052U114;A0A056RRD9;A0A058REV5;A0A040C4Q3;A0A051Z4J2;A0A048HZE3;A0A054QTU1;A0A038NYD8;A0A056CJ44;A0A042IC74;A0A054VKY5;A0A051E1T3;A0A045CYK8;E2TU08;A0A053HVR4;A0A056WWK2;A1KEV0;A0A051NCU5;A0A041V5Y3;A0A055MKJ0;A0A071PXZ0;A0A050G528;A0A044WDS3;A0A041J4N9;A0A047BSA0;A0A045NBP5;A0A057TF74;A5WII4;A0A038LHH9;A0A047IF36;A0A053YWE8;A0A052L251;A0A071XG36;A0A050MRF8;A0A109ST09;A0A047YM69;A0A1S1BIV3;A0A039UTR0;A0A057GXT0;A0A057TJW6;A0A052GUW7;A0A045XEQ5;A0A045D7P4;A0A046Y4L8;A0A050IX68;E9ZRE3;A0A040N941;A0A041CKL5;A0ABX2VH16;A0A045IJA3;A0A044X551;A0A051WCM2;A0A7U4C624;A0A057HVY4;A0A042S5U8;A0A042SXS8;A0A055I9U9;A0A039T8M9;A0A043QP72;A0A051B4N4;A0A057EHI8;A0A049LUB6;A0A055RNY5;A0A050GVP9;A0A040XZZ3;A0A045YI07;A0A041C674;A0A046KG59;A0A044D386;A0A047N5R8;A0A041QX69;A0A055ZX59;A0A047TCV5;A0A056Q481;A0A053JI17;A0A041AZT5;A0AA34Y7K2;A0A057ILD7;A0A047EKU2;A0A0E0YK91;A0A050J5M2;A0A046QDH2;A0A050AVS5;A0A054S5K1;A0A040DSD4;A0A041LP91;A0A043LYD0;A0A049TUJ0;A0A1Q1TIS2;A0A055SWG1;L0NP09;A0A039SVU6;A0A049I3C9;A0A057KF38;A0A053N2N9;A0A047GUG1;A0A8E0AB03;A0A053N970;A0A1Q1ZX40;A0A041VKB7;A0A053Q583;A0A049WR51;A0A039V6Q3;A0A055ABA6;A0A0H4FM35;A0A044XZD3;A0A071RA66;A0A048F7G0;A0A049KZJ2;A0A052YXQ1;A0A054BDR5;A0A044HBQ8;A0A040TYA7;A0A051H3I8;A0A044ICA9;A0A050XED6;A0A053GQ84;A0A040H762;A0A051P760;A0A044T9U1;A0A044MJC7;A0A055CA45;A0A057UWS7;A0A043DNW9;A0A041DU24;A0A052G158;A0A056KXS7;A0A042HJZ7;A0A039VP90;A0A053JNP8;A0A043EKK5;A0A058I918;A0A042X5D1;A0A041RZV3;A0A056WHX9;A0A052DTQ7;A0A045NXC6;A0A052BTH6;A0A040XN17;X8GKD8;A0A047CCU2;A0A044L800;A0A041YZX7;A0A042KYK3;A0A039IFJ2;A0A054V3K1;D5Z9T3;H8ETW2;A0A049V846;A0A8S7LR74;A0A041NHF5;A0A043LT78;A0A044C0W4;A0AAX1Q126;A0A054HFS9;A0A058NQM7;A0A057TX94;A0A055TYZ2;A0A043M1S9;A0A048VU65;A0A043TMX0,131567,cellular organisms,Unresolved,Unresolved,False,True,False,False,2D868C438D697988,-0.00210323,0.9173488020896912,280
1730,DEA1FB567438E9AD,404,UniProtKB/TrEMBL (unreviewed representative),UPI00000CCB3F,A0A1Q1ZWF2;A0A058QH13;A0A050KXI2;A0A041JV64;A0A048HYS3;A0A053DEP1;A0A040CFP3;A0A058E0T0;A0A050HH20;A0A047D0U8;A0A051UZW0;A0A057DF92;A0A054JGB7;A0A048NWX5;A0A058MCT3;A0A058KIN6;A0A052UGN6;W6H5F8;A0A051Q4U2;A0A047HKF5;A0A055H604;A0A057S0Z3;T0ESI3;A0A050GFD4;A0A040Q7D6;A0A041QPL3;A0A049SI31;A0A040HXR9;A0A055LJC3;A0A055PAY5;A0A055SPY8;A0A057N0T0;A0A041CES2;A0A050DV34;A0A040ZV99;A0A047VQV2;A0A050IF31;A0A052TRM0;A0A054GE67;A0A057A4B5;A0A040RC96;A0A041QDH8;A0A041M823;A0A048LFX2;A0A054GYQ2;A0A057Y9C3;A0A046GHM0;A0A054VD23;A0A055PZ49;A0A056G1V4;A0A050S1Q0;A0A038RIQ5;A0A046DX45;A0A049EAL5;O07801;A0A043UGB9;A0A071T0B9;A0A071WJW2;A0A047YJR0;A0A047LCN0;A0A039J8C0;A0A047CEZ7;A0A048VP19;A0A039UC78;A0A040BB69;A0A052CU08;A0A071Y8J0;A0A052NKE0;A0A046NU52;A0A056I697;A0A056VD59;A0A048JZP5;A0A044WY63;A0A051I4M9;A0A055M6G0;O07801;A0A048KDU9;A0A052RGQ6;A0A038USR4;A0A053QIK9;A0A040R1R2;A0A048ZMJ0;A0A054E9U9;A0A056H1W3;A0A043XEC2;A0A049FMY9;A0A055SP42;A0A045LT75;A0A055DRN2;A0A052BET8;A0A047BRQ2;A0A055NCS3;A0A042GPP0;A0A053EWN4;A0A052P3X9;A0A057VMP9;A0A039IUY8;A0A040RAM6;A0A045E106;L0TGP4;A0A038RMZ6;A0A046S431;A0A050A158;A0A056YXY7;A0A039PNA5;A0A047U338;A0A051Z4E6;A0A055I500;A0A058NB97;A0A039ZLP1;A0A041TFF5;A0A050UH37;A0A049XRQ1;A0A1Q1RA60;A0A043TXH0;A0A051LHL1;A0A039UY79;A0A039CU29;A0A039VHM7;A0A040WXN3;A0A040MWY2;A0A045QKB3;A0A048ICM9;A0A040S997;A0A041IIY6;A0A057LR74;A0A039QUD5;A0A057GQR1;A0A054ZVZ3;A0A049JAN0;A0A052WNN1;A0A055GJD7;A0A050AYH7;A0A057WX21;A0A079K822;A0A051WQG1;A0A040WY06;A0A052T8H4;A0A056LLS0;A0A049XXN3;A0A050BQR5;A0A047H0I4;A0A051RPK3;A0A039YYD8;A0A8S8LRU5;A0A051HTA8;A0A040CVR3;A0A058R2U3;A0A054QRW1;A0A054YJF9;A0A039UVH6;A0A055S7P2;A0A054XYP4;A0A052FUA4;A0A054SWR4;A0A056ACV7;A0A051S9Y1;A0A052EDL1;A0A049NN98;A0A054M691;A0A052BKW1;A0A058J6Y7;A0A1Q1X140;A0A039REE4;A0A039X720;A0A045J9S4;A0A042HH09;A0A050TQY6;A0A052Y373;A0A053AS91;A0A054WHZ4;A0A048Z3E8;A0A049Z5E5;A0A058M8M5;A0A040WDE4;A0A041WFS6;A0A047S7C9;A0A048WS11;A0A056X1G9;A0A055NJP1;A0A041CQD6;A0A051RC75;A0A039RXQ8;A0A052PW96;A0A053SY58;A0A049L8N8;A0A056M8G9;A0A053M0Y1;A0A049QKG7;A0A053X7M8;A0A053XSW1;A0A057ZVX9;A0A045WTQ1;A0A055KRX1;A0A055NRR2;A0A039WAV4;A0A044EHY4;A0A047M7P7;A0A049P8E2;A0A039VYJ2;A0A051SNW0;A0A038NV15;A0A053PWK2;A0A054HPX8;A0A054YWL6;A0A050NV85;A0A079KG26;A0A039B6J6;A0A045UAJ2;A0A057WCV5;A0A039AKM8;A0A053G5Q5;A0A057QHK4;A0A049C6V0;A0A042ACJ1;A0A041VDA5;A0A046VTP7;A0A057X053;A0A048FCB8;A0A050SKE9;A0A041M3F7;A0A039YYA1;A0A053UZR7;A0A058ENQ4;A0A055PN83;A0A055M9X0;A0A047TRG6;D6G685;A0A038TEB3;A0A053ZR46;A0A046J8C4;A0A7U4JVF2;A0A040JXC4;A0A047R580;G2N1I2;A0A053N7J7;A0A038F945;A0A041U512;A0A039M0T3;A0A041EHD8;A0A053LHS0;A0A8S7LQH9;A0A039N1E4;A0A055ENS6;W6HW48;A0A048V444;A0A045YR37;A0A055QSK3;A0A056PQQ6;A0A055MGI0;A0A058NWP7;A0A054C5A6;A0A056TMI6;A0A1Q2AIK0;A0A051H9R4;A0A071X1Z8;A0A050T9T6;A0A039FX06;A0A045UDB1;A0A039HEK3;A0A053UI12;A0A046JEL8;A0A052K2C6;A0A057U3U1;A0A071X9M7;A0A053RL34;A5U9F1;A0A038KKK4;A0A054FW76;A0A056ANK6;A0A042HSK9;A0A047SLP7;R4SFQ9;A0A047WRQ4;A0A058MTD3;A0A054Z306;A0A047ZB97;A0A048JZI0;A0A054V6I0;A0A042F7I6;A0A046GKV1;A0A047TG63;A0A050CFB7;A0A050E1Y1;A0A050PA89;A0A041GY77;A0A050CSD3;A0A052RFN5;A0A041VFX6;A0A048Z3Y2;A0A047RPE6;A0A040GP77;A0A1Q1USS2;A0A055EBB3;A0A055X1B2;A0A048SF37;A0A053L886;A0A047UUD8;A0A048CQ40;A0A057J6V6;A0A048UCS3;A0A051AYL1;A0A057UIH0;A0A058JV62;A0A039NR48;A0A049W217;A0A048NVN0;A0A053J612;A0A053W454;A0A058IUL9;A0A040S5Y8;A0A054EF54;A0A042IW79;A0A038Q3K8;A0A048D561;A0A049N4E7;A0A058I3C7;A0A051QUY8;A0A058PFF3;A0A055KT43;A0A048YUX1;A0A053MWB5;A0A058E5E7;A0A054EY02;A0A057NVX9;A0A038R595;A0A055CBE6;A0A050YSR5;A0A042EMF6;A0A053MH65;I6QXE3;A0A053KAS8;A0A1Q1YAJ5;A0A053G109;A0A055AR65;A0A057H381;A0A054XUL2;A0A050XR85;A0A049B814;A0A042AR20;A0A047KRF0;A0A055V4R5;A0A057E084;A0A051KRJ3;A0A046AVF9;A0A053V555;A0A041P6F1;A0A049J8P1;L0NZW8;A0A038L6T3;A0A041LGW4;A0A046SGJ4;A0A039NHV1;A0A048RC20;A0A045ZVN1;A0A054PY27;A0A057PSK5;A0A054XGB1;A0A057Y800;A0A047PI22;A0A053TRP8;A0A038ZBB1;A0A052XYH0;A0A052ZID6;A0A056JAQ4;A0A056A232;A0A7U5B385;A0A056LD80;A0A041W2N6;A0A043PES4;A0A055D535;T5H2V9;A0A049HQT9;A0A050AP36;A0A040T2B7;A0A054KE04;A0A058GTV4;A0A041I316;A0A050QQ50;A0A057L6U5;A0A058FQP3;A0A039QB18;A0A045PDX2;A0A055GY16;A0A046CHJ4;X8G9U6;A0A041QVR5;A0A048F7Z7;A0A072AIB9;M9USV3;A0A058AFJ8;A0A051V2S8;A0A049IIT3;A0A0B6TGV6;A0A1Q1S8I3;A0A048BHZ3;A0A054GFC2;A0A041HBJ0;A0A057ZU21;A0A049EI45;A0A053DX59;A0A038YEE3;E2WNN8;A0A045YSB7;A0A055YGV7;A0A040UZR5;A0A058F1H2;A0A040TN78;A0A057SWC0;F2V801;A0A055FNS6;A0A048KYL5;A0A044UJX4;A0A047ZKR2;A0A055KFH2;A0A052CF23;A0A046BSB4;A0A051P4U1;A0A046E1Y4;A0A050ZA95;A0A048T265;A0A050JYM3;A0A058GC68;A0A039DCJ4;A0A053RKH0;A0A049HET1;A0A046MG15;A0A039EER7;A0A042A2Q7;A0A040JAX2;A0A048GIE1;A0A057R5X2;A0A053QH95;A0A048ECF2;A0A042DQZ3;A0A038MKL5;A0A052XBQ4;A0A051M625;A0A057WBM1;A0A045Z213;A0A055WH25;A0A048MFL8;A0A056Q5H7;A0A058AIU4;A0A052G8W9;A0A1Q1XCA4;A0A041BLP9;A0A054A7S6;A0A055ZL44;A0A039G4Z3;A0A041TAH8;A0A040LBJ6;A0A058C053;A0A049N824;A0A051DI77;A0A039HMX5;A0A039SWJ5;A0A055XUE3;A0A041F753;A0A045NVY7;A0A058GN30;A0A058LFP0;A0A055MSU0;A0A053BW10;A0A056SMK7;A0A045L3D7;A0A048A5E0;A0A052RIL8;A0A053YI51;A0A049CWX2;A0A056FMP7;A0A053NIU0;A0A050WL57;A0A046JYP7;A0A049AI67;A0A057IUG4;A0A051YPL9;A0A045KF76;A0A054I5X8;A0A051KLS9;A0A057IP55;A0A048E497;A0A054BYA5;A0A041IAZ0;A0A053Y2H8;A0A051GMA5;A0A038SD32;A0A054B804;A0A054SBE4;A0A055LAE6;A0A042BP61;A0A056CNT0;A0A046L1V7;A0A058HDG0;A0A038NM69;A0A048T239;A0A049K349;A0A039XLS3;A0A053LIQ2;A0A044J483;C6DP50;A0A048KZA5;A0A050JV51;A0A057J7E0;A0A1Q1T6W9;A0A052BLB9;A0A0K8KXR7;A0A048BH99;A0A057RLX3;A0A044F7B3;A0A051EEL1;A0A051G6N4;A0A042CNH5;A0A040E7J7;A0A045XT43;A0A048G824;A0A050W9R5;A0A049TPN2;A0A049AV62;A0A049UCS9;A0A052DC24;A0A053FHA9;A0A050MF10;A0A1Q1SJZ0;A0A040XDU1;A0A046D0T8;A0A038W4S3;A0A039T249;A0A049LQQ6;A0A046IBZ4;A0A053CLM4;A0A049L5W4;A0A045ZG40;A0A038MV36;A0A052SPB5;A0A052Z2X8;A0A046FJN8;A0A047VKA7;A0A039FQ20;A0A048QNB5;A0A045MQX8;A0A049GUR2;A0A058D5E1;A0A055XLQ1;A0A056IK92;A0A041QAB8;A0A1Q1QMU3;H6SB50;A0A053HZT5;A0A052D762;A0A055DIN6;A0A040D8H8;A0A040T7W2;A0A041SFS9;A0A047BZM3;A0A057KIL8;A0A054BMF0;A0A046MF02;A0A048DMJ8;A0A050BC47;D5YY98;A0A053BQ40;A0A056VKG3;A0A040KAD3;A0A057XJG6;A0A053HBN9;A0A053PKG9;A0A054ACY7;A0A058JC46;A0A056DBB2;A0A050JND4;A0A052EZY1;A0A071NDH8;A0A048CVN7;A0A056H6D0;A0A053GNH1;A0A058JYU0;I1SFU9;A0A054PPJ4;A0A046RBA0;A0A053FL94;A0A050YX24;A0A042GDN7;A0A047IYM7;A0A048TX92;A0A050TS99;A0A056TB42;A0A049YVP6;A0A050ES34;A0A047NU01;A0A048JL77;A0A052ZWW7;A0A049K3Z1;A0A046EXX3;A0A053VV63;A0A054XUF0;A0A058CGE6;A0A049I8A0;A0A051AP23;A0A052V285;A0A057B9W4;A0A041D2P4;A0A039WNC8;A0A051ZPG9;A0A050Q730;A0A053SBA0;A0A047MLN9;A0A056RUX9;A0A1Q2AUM7;A0A038ZBL9;A0A049TU32;A0A1Q1YLR0;A0A054MRX2;A0A071YSY9;A0A052NYV9;A0A040QM83;W6H8Q1;A0A051FBW6;A0A045BLV2;A0A041X3Y8;A0A053DCD3;A0A051NNI5;A0A038RF85;A0A050F0Y7;A0A056C001;A0A040C9T6;A0A040TKU6;A0A041NGD9;A0A052B0A9;A0A056SB90;A0A057UYG3;A0A047YCT2;A0A041KRQ1;A0A048C034;A0A1Q1RLA5;A0A7U4JZI4;A0A057I855;A0A052WQM6;A0A071ZVF2;A0A041N439;A0A040V3E9;A0A055TKT8;A0A051IPR4;A0A049M7C9;A0A050PF67;A0A038XUL7;A0A052JL32;A0A071U5G1;A0A071TLP0;A0A040GH77;A0A040PAM0;A0A041VK10;A0A039PHN3;A0A071Q7A7;A0A058CEQ5;A0A058S2L4;A0A047VG36;A0A058BQJ4;A0A048PQC9;A0A039AMA8;A0A055S715;A0A050FP15;A0A051DBR9;A0A053E229;A0A057NM53;A0A053P6X9;A0A047GWK6;A0A048IU81;A0A049ZKA3;A0A054FWM5;A0A039F9F5;A0A047MPD0;A0A054ADX5;A0A040UH37;A0A058IN96;A0A8E0AJK5;A0A043RCB0;A0A045T7J1;A0A047QMD7;A0A057VML0;A0A050C576;A0A050VYW3;A0A044EI52;A0A055RDK0;A0A058QS40;A0A048U233;A0A071SWF0;A0A038SD85;A0A051IP58;A0A038PQ88;A0A040FQU3;A0A040VYE4;A0A040YND2;A0A7U4A0G6;A0A051X2G2;A0A039TU53;A0A056VZ11;A0A047XEU5;A0A042DSQ8;A0A056GKT7;A0A047X6L9;A0A039FF51;A0A039RKJ0;A5WU42;A0A050ND75;A0A057CNQ6;A0A055BDX8;A0A039LH82;A0A039ESB7;A0A057JVB5;A0A041GJE4;A0A048RRJ8;A0A072EN98;A0A047UCU6;A0A052U2K3;A0A046GYR6;A0A050B4W0;A0A039LWP4;A0A041XSG4;A0A051C8R3;A0A051T248;A0A056HYJ8;A0A040M0U0;A0A055TAC7;A0A050H4B1;A0A055D2I4;A0A055I6J5;A0A057BYE0;A0A040GHW8;A0A056MEC6;A0A050DER5;A0A044NY77;A0A058LEC7;A0A1Q2BGX3;A0A047ZDH6;A0A056NNM7;A0A053S8H3;A0A056XXF0;A0A053BAJ8;A0A8E0A0S9;A0A056WAP6;A0A058S9W3;A0A055CMP6;A0A052VJU2;A0A072AGI0;A0A039I3T6;A0A048Y1A5;A0A055YU81;A0A042BV96;A0A049INU3;A0A046PB73;A0A039N368;A0A053YUQ5;A0A057ZME5;A0A058CZL3;A0A046XK26;A0A048MJE7;A0A052B979;A0A041PYJ5;A0A050UTS2;A0A052R428;A0A056QCP5;A0A057G2M3;A0A042CLU4;A0A050RC85;A0A057TLN3;A0A056R343;A0A040G0F7;A0A071VHL7;A0A039A3U2;A0A056ZYR8;A0A042IJE7;A0A047L6M9;A0A054CPJ2;A0A040AX09;A0A039P2U2;A0A1Q1Z960;A0A039QE67;A0A039VRG6;A0A050ZH53;A0A049KXD8;A0A051FB46;A0A039WV06;A0A049TDL9;A0A041GMV8;A0A048T7D7;A0A047DFZ4;A0A040D9Y5;A0A051PCA5;A0A038VRJ0;A0A055XAD7;A0A041B7S1;A0A050L3S3;A0A054CXH4;A0A057E0I1;A0A049F1H0;A0A057YT29;A0A1Q2A7E8;A0A039UD95;A0A048NL94;A0A048LT29;A0A049KAF4;A0A050WR49;A0A051QNH3;A0A057UQX1;A0A045VHE6;A0A053L184;A0A039RSP1;A0A051F3F9;A0A055JHG1;A0A057SZ26;A0A057XM74;A0A054LXG3;A0A047EY34;A0A053WT35;A0A051CQM6;A0A040PDI9;A0A051PYZ0;A0A046T9S8;A0A058FP43;A0A098A582;A0A039L390;A0A040DSR0;A0A060GT78;A0A040YWZ8;A0A071ZFN7;A0A039SB28;A0A038YEV0;A0A040A5Y3;A0A043VGE7;A0A050GI74;A0A058MUJ8;A0A054ZDK2;A0A049UZ04;A0A050XX79;A0A050E149;A0A040F273;A0A048EGG0;A0A054DSG4;A0A046HD31;A0A046LUZ4;A0A049V9D2;A0A058HTB3;A0A055VTD5;A0A056X765;A0A047YR81;A0A043JCT7;A0A043WK53;A0A053W252;A0A039XZY8;A0A051B4P2;A0A039TTJ8;A0A051W8I4;A0A053R7H9;A0A038ZFH4;A0A038TVD9;A0A051U0B4;A0A1Q1XZ89;A0A039IHU6;A0A041YFV0;A0A050FNW5;A0A050PNC4;A0A051BNC2;A0A047EPI2;A0A071PIQ8;A1QY54;A0A054IL54;A0A056MJX0;A0A046IEY2;A0A055J410;A0A052FC89;A0A051JRP9;A0A051BPT6;A0A071WCE2;A0A071XUT0;A2VMJ8;A0A057EKI0;A0A042CX51;A0A049A430;A0A052KNX4;A0A039Y4B2;A0A052LX58;A0A056IPE4;A0A053TJZ4;A0A056Z4X0;A0A043YTS2;A0A053T6A1;A0A040JIR8;A0A048FZY3;A0A052AQ19;A0A045QIV2;A0A041AQI9;A0A046ZB63;A0A050RPH9;A0A051P7F1;A0A071MTD5;A0A1Q2BT77;A0A039HYA1;A0A041A516;A0A074SNJ2;A0A041IWN0;A0A041DTD8;A0A040M0V5;A0A049G218;A0A040IJA3;A0A056C2S7;A0A048XW26;A0A046AJ14;A0A056EBU0;A0A049DAH4;A0A058SEP7;A0A039B621;A0A041EYV3;A0A038SUB7;A0A040V6S0;A0A055IL60;A0A050M5U0;A0A052PU50;A0A039CCR5;A0A046J7B1;A0A048H5Y3;A0A052QCY9;A0A1Q1WPQ7;A0A052DSE0;A4KMT8;A0A048HBK2;A0A049HG50;A0A051KJ43;A0A058B953;A0A040ELN2;A0A056L1U6;A0A041RVH4;A0A050JX74;A0A1Q1TI26;A0A050LC57;A0A053I3C8;D5YA81;A0A049WB14;A0A040ASN3;A0A052XDW5;A0A050SGM3;A0A055ZAR7;A0A048AJN2;A0A044IHT7;A0A040N1K3;A0A055V558;A0A054P481;A0A048VY30;A0A056JFJ1;A0A046NH47;A0A049VG98;A0A041S506;A0A052PV19;A0A047J131;A0A057QV58;A0A041S9U2;A0A041KC19;A0A049XDM3;A0A057F694;W6HGZ4;A0A056MW08;A0A053WMC2;A0A053ZN72;A0A055A334;A0A039ZIQ3;A0A053HFP6;X8GM17;A0A046HDK9;A0A055APH4;A0A049T554;A0A051G0P6;A0A038VVT3;A0A045W5Y7;A0A054H111;A0A058LMJ9;A0A049Z089;A0A039GM40;A0A051EK80;A0A054HNC9;A0A056NHR7;A0A039MHK3;A0A072B6S4;A0AAP5BUG7;A0A044S108;A0A041UVF2;A0A050EQ35;A0A050Z0I3;A0A044CID6;A0A041KZC0;A0A052ACN0;A0A040NHK1;A0A039DXF3;A0A043SXX8;A0A058F3E9;A0A039BVN8;A0A048W9T0;A0A041E1T2;A0A057ZAX6;A0A045GLK2;A0A1Q1ZK82;A0A047WGQ3;A0A046Z0I4;A0A044RNN9;A0A047PPQ2;A0A046FA16;A0A039BUK5;A0A057SHE4;A0A046W621;A0A041N4B5;A0A052W646;A0A071YTI9;A0A055HMA5;A0A042BE83;A0A040J0S0;A0A048MW95;A0A046E281;A0A056PLY0;A0A050KFZ8;A0A049CA86;A0A047BWC7;A0A1Q1W206;A0A041J861;A0A055B912;A0A055W2V9;A0A039H7N5;A0A047NZ16;A0A056K9X0;A0A052G2E9;A0A1Q1XNE6;A0A041ZP86;A0A044YWG1;A0A046MYA5;A0A051XZH4;A0A052W7U4;A0A045XVG1;A0A051XSV6;A0A046Q695;A0A056N2Z3;A0A045KUF8;A0A041F9U8;A0A041Z8K5;A0A057PI22;A0A049QU13;A0A039ZPT9;A0A052LBF4;A0A050N361;A0A055UC84;A0A042AEP5;A0A044DDR7;A0A072A6P8;A0A047P232;A0A049BBT6;A0A050W909;A0A041YHH2;A0A048UTM4;A0A040U2M3;A0A046BLA6;A0A051LZU0;A0A047KJZ3;A0A056B905;A0A045VWR9;A0A071NZ47;A0A041WA05;A0A053P3Q2;A0A039DLA8;A0A047JZ45;A0A053U6I2;A0A052E0W8;A0A050PV00;A0A058DS55;A0A048RA54;A0A054IY66;A0A057MIF4;A0A050IB02;A0A047SLS2;A0A043DFT5;A0A055Q2W3;A0A056ENM4;A0A058RGC0;A0A051VYI6;A0A042GYP6;A0A040XWY4;A0A046IGK4;A0A048IUK8;A0A046NH16;X8GIR4;A0A041ZB78;A0A047PIK2;A0A053YR44;A0A047DNR6;A0A051DUP6;A0A046UAI9;A0A052UAP2;A0A054DTQ7;A0A055HJL5;A0A057TMU2;A0A057FLM7;A0A055UPQ0;A0A048JDX3;F2GDI1;A0A058B3I9;A0A047UBQ6;A0A054MXG7;A0A050J766;A0A046B9I5;A0A041M3J5;A0A048AAR0;A0A1Q1QC34;A0A055DTW0;A0A057LSD0;D5Z946;A0A048FAB3;A0A055WG24;A0A044CGD1;A0A053J7Z2;A0A047L9W8;A0A048X0S2;A0A045PMR1;A0A040YGI3;A0A049VW41;A0A050YLN1;A0A053R6A5;A0A054TN95;A0A057JP07;A0A055TU74;A0A072DKX8;A0A040BL31;A0A050XD52;A0A038WAC1;A0A048Y1B2;A0A053AJV6;A0A053EMV6;A0A055QIF6;A0A040KXY8;A0A050I0S8;A0A055RV16;A0A049G4W6;A0A045ZWX6;A0A054EYE8;A0A040BTJ5;A0A057KGF3;A0A041UJN0;A0A057CGG7;A0A047XRS6;A0A038NIG5;A0A052C4Y1;A0A054B268;A0A045PQY8;A0A051VH58;A0A040Z9A8;A0A038QG37;A0A1Q1YXQ3;A0A047E494;A0A052ZX88;A0A051H0A2;A0A052PR74;A0A058Q1I4;A0A040PYF8;A0A040S4D2;A0A046VCE9;A0A040LCC5;A0A055V7H7;A0A056JVV4;A0A040KIY4;A0A049M2X3;A0A054R5J7;A0A056E2B9;A0A058KML1;A0A048HZZ0;A0A049GKZ1;A0A051JJL8;A0A049DK29;I6Y4L6;A0A040E5G3;A0A040HIC6;A0A048UXW8;A0A051X045;A0A051SX09;A0A054Q167;A0A071WPP2;A0A040MV25;A0A047TQR3;A0A051A3G6;A0A071Z3Z0;A0A041ST43;A0A048QM41;A0A052MMC2;A0A051UD34;A0A053CK20;A0A050VAJ4;A0A048MUZ7;A0A7U4CDF6;A0A052L9U7;A0A043TGS3;A0A058HCK5;A0A041G614;A0A049XYV1;A0A040LUN7;A0A042FY65;A0A052V2N6;A0A053JLB7;A0A052YGU7;A0A1Q2B5Y8;A0A056RDE6;A0A056GJZ4;A0A038XHG5;A0A042F8G9;A0A045WW23;A0A050VPQ4;A0A055G0I8;A0A049F3C0;A0A051GTE0;A0A047N0H6,1783272,Bacillati,Bacteria,Unresolved,False,True,False,False,DEA1FB567438E9AD,0.005103571,0.9172534346580504,281
4197,A86192A089409858,436,UniProtKB/TrEMBL (unreviewed representative),UPI000169F283,L6C2N4;N0ZLA3;X4MHY5;J2H400;J2ENP3;N1J2E1;A0A0B7WQ67;X3RHD7;N0VQH4;A0A143DLE8;A0A5H7CAM1;L5X1X0;X3I2S5;A0A5I1FPI9;X3LKU4;N1IDQ0;X4HVV8;J1NKM4;A0A249UWC7;A0A0K1V9Z0;N0YGP9;L6UEV8;S4I1A2;X4LSS8;N1IQ13;X2QYR0;N1AW73;X3EFM0;V0LCW5;A0A1W2L3K8;A0A0N1VLY0;N0P0Q3;X3L3H6;X3V765;J2HL86;N0MJY4;A0A2T9I7N1;A0A2J5W2D1;L6QJD4;X4NIF4;L6JAP9;X4GMX2;A0A3V6SFH0;J2B6C2;A0A179VPZ4;L6CX15;V2CCH8;X4D6E7;L6HEF8;N0RLT0;V0I7K8;X3BH58;A0A0L3Q7F2;A0A8E5U832;X3FLE2;L6N3F8;A0A0B4NYD6;L6VH39;L9SK62;A0A2G1NPP7;X2X423;A0A0B7VN71;V3VRM7;X4C8W3;S4L2B2;X4WM27;V0EZ61;N0Q6A9;A0AA86EZ38;T1YEF1;X4MH63;V1G5U1;N1D474;X4NC20;X4X0M7;X4GBU4;V1SBX1;A0A0W6F174;N0WVW9;N1C0D4;L6A4Y6;N1CSY7;N1CFP1;X4EX97;A0A0F3JNY6;N0V918;X4HPW8;L6P443;N0WMB1;A0A637QK66;X2TK26;A0A0B7W905;L6BUV9;A0A0B7VRM9;X3SE89;S4KEG7;A0A977R2T5;A0A0B7RMB6;A0A0W5M6U9;L6PGZ2;A0A385S1M8;L6KN86;A0A0B7TXB5;X2ZGH6;X4GNY5;X3SCK9;N0M646;X3N8A8;A0A4Z8RMA9;L9RH57;X3AMY6;V0CW25;J2C6H4;L6WE74;X2WJR5;A0A8E7D2P9;X4KR55;A0A0B7QXC2;V3XB27;X4SDC5;X4XMG1;X2LN88;A0A619BBA7;A0A634NA13;X3U361;A0AA86ER00;A0A0B7TUW9;X4BWE8;L5YV89;V0FKZ1;A0A5H8PPN3;L6Y0E8;A0A5H7S4N8;A0A8E5JMF1;A0A509B9J4;X2QPN3;X3CJK2;A0A0B7WF02;X4QHZ1;B5FPN2;J1L3I0;A0A3R0A6F4;X2SEE5;X2ZYE3;X2VCB0;A0AA86EI37;L7A6S1;X3LY48;X2N2U5;A0A5I2JY31;X3IDV6;A0A5W8AYP3;N0NGH9;N0YXQ1;J1MC64;A0A735F2C3;J1TH25;L6DY74;V0DY69;L5WJX2;L9SYT9;A0A233PYL4;N0T225;L6ZMK4;N1B3T3;N1A6K5;L6EDJ1;W4MU39;V3WH07;X3Z4F7;X4H061;A0A0W7DKX1;X2W8B3;A0A4U8I6L5;N0LXD7;X3B8M0;X4R7W7;L6MRN7;X3E5G9;A0A3Y9ZQG7;X3XQQ7;A0A0L5ES01;V0LIV0;L6B9F2;B5R3S0;V3XRX9;X3NEA7;X3W082;L7BD63;V0HBD1;X2U4N9;X4JE96;A0A3R8TU35;N0KMI9;V2NTJ3;X4IK24;L6LGB0;X4QUM9;N0XVE8;S4JD72;V1NXG3;X3KN12;X3MGS3;A0AA86B905;V0FB54;L6A7Y8;X3UXM6;L6RTD3;N0YNZ2;N0UN66;A0A5I3PBY9;L6A237;L6D2H1;X4TPQ3;A0A233QZZ1;N0TW25;A0A0B7RSB8;A0A5D3QUZ4;A0A5I4MH93;X4XPB0;X2P8Y2;N0GWJ0;F2FCK5;N1ED97;X3D3R0;V2FVN8;A0A0L2DIQ6;A0A0V1WPB4;X2RCM0;A0A5H9GJU0;A0A386NHR4;X2S0X9;X3HGG2;L9S0T5;N0LRH6;J2F3Z4;A0A1R2Q1N5;N0R9B0;A0A0T9X512;X2YJD6;X4DYX8;L6F9Z2;A0A5I5ALR1;V3Z415;A0A0B7U259;A0A6C8XI07;V2G6A8;X3U9F3;J1SCS6;L5YA94;L5XDE7;X2YQW6;A0A3V2FZH4;L6WSH8;X4ZZ71;L6MLS8;N1E1Y9;L5W1Q1;L6S8Q0;A0A403SK68;X4ABV1;J2HSJ7;A0A2X4PST6;L6KGL8;N0NS94;V0HC38;V3YJL0;X4DCF3;A0A0V1WRB5;A0A0B7QYH2;L6GPV4;S5UGS9;A0A3R0GFU9;L6JR52;A0A5Z8AD36;A0A2T9EHY4;X3P3V1;A0A5W3E1B9;N0JYU1;X2SUW0;A0A3V4TG42;A0A0B7UA14;L9Q5X4;X3Z5X4;A0A0B7SXL1;L6GDM2;X3RPT4;X3S1T4;L6SEQ2;J1I004;N0XQH2;V0C0Q5;N1DRJ5;X4WLS1;M7RV78;X3XXM0;X2U4C4;L6TMM4;L6Z0G3;N1A018;V2PGA3;A0A0B7QN17;X2XVA9;X2XZX0;A0A0L2VRR2;X2ZYG3;A0A737F6J2;X4JPI2;V0JCJ2;L6UY31;X3GAS3;A0AA86BTR5;X4SN73;L6M567;A0A1W7BKM6;X3C1B1;A0A3U8P944;J2AWW4;B5EZS0;A0A5H6QWD6;A0A718WWZ9;L6GAJ4;X4UU49;X2W7N6;A0A1C3BXE9;X3H3V2;A0A131I7G6;N0KBI0;X3QG06;A0A0W7M2Z9;J2FUC2;V0LNX7;L6HZA9;L6KLB0;A0A0W5F828;L9Q2B8;N1H0E4;X3BP49;X4M531;A0A0W7CKW5;A0A0B7SZN2;N1HRY7;V3YCQ5;X4S5R5;A0A5W6MLU6;N0L1M3;A0A5I4KKK3;A0A5H7LDS3;A0A8F2UXZ4;A0A8X6EUI4;H5VV29;L6IKI2;J2GL96;V0E9Q9;X4D4I7;X4VHR9;X2MAC8;N1EYN5;X4Q948;X4VFK8;L6CUS8;X4KE89;L5ZL83;N0SEB8;V3XRC3;X3L0Q4;A0A3T3IIX3;A0A738D514;A0A0B1XQ18;A0A0L5TT21;N0MY52;A0A0F7HSW9;J2DI08;J1L8S5;X3UKV7;X4KF52;A0A0E2MHE2;B5R3S0;L6YBP9;L6E291;A0A0B3IYL8;X4XF27;N1G7Z7;A0A024AUZ2;X3GZM5;X3FYH6;A0A5I9LQ76;A0A0V1XFI4;V0C800;X4TNY5;X4EHT5;T2Q212;V0DIB6;N0QZP6;X2NWL1;X3TWZ6;A0A023MQB5;G7T284;L6W3E8;S4KIY3;X4KWX0;X4AUU2;X2Q8G4;X2VW59;V5ZMH6;V0CV15;A0A5I5P7K1;U1RJU9;V0J7F2;A0A0V8FBS1;N1FJH6;V3YYR4;A0A5H6FG10;L6NJM2;X2S125;L6FXI8;X4PTK5;N0HIJ9;N0TUM7;A0A601J0S1;A0A3W0XUY4;X2PW03;A0A5W8ZW76;A0A0B7V6W3;A0A0X8V457;X4I7J2;L7BL09;A0A0F3J431;A0A5W1KHI9;L6ZXV5;N1FPB0;S4KJR0;V0EKL4;A0A068ZFU6;A0A4Q8PGL1;A0A0A5Q444;A0A0L8XMD4;V0BAG7;N1F3Y9;J1S5J8;N0IZE1;X2QBN3;L6R4Q8;A0A0G2LD04;A0A8E5TVT9;A0A0G2P8B6;L5YQ34;N0QAF5;X3YA34;A0A068ZQG2;L7AVV6;A0A5W4DAV7;X3D372;A0A0E1CP92;A0A3U8MNE0;V0D3A6;S4IPE0;A0A600XB11;L6IJB7;N0JUT6;N0VWR3;T2QD37;A0A0V2CAE2;V5S595;X4FHT8;A0A656IJE8;S4KVP9;A0A5I9NR06;L6WLK3;L6F2P6;J1TJB0;X3M3D9;X3QBE4;X4P161;X4S0W3;L6QQW2;X4DM98;N0SBD6;A0A0X8L066;L6TKF1;X4W9K4;N0ITV4;N1AKS4;L9T0T6;L9SP10;X4M5N5;B5FPN2;L5ZGX9;A0A0B7UTH1;V0KWT6;X3IWC1;X3J893;X3Y9H2;N0HR80;N0T7T9;X4UCU1;X3F6D0;X3T1X9;X3T3J3;X4AW63;X3PW72;A0A232WCJ0;X3R1U4;A0A0L4MU66;A0A0B7RTS7;X4F2H0;A0A0H3RPM5;L6FBL7;X2UUW1;A0A5J1J2X6;N0RPN3;X4T0Q1;X2YVX8;X4P3V0;X3ZLM3;X4AHE6;X3DF91;L5W721;X3I2V0;J1Y6U0;L6Q2R2;N0USU4;V0L2A4;L6NWU8;B5EZS0;X2TFC5;B5C7H8;A0A724AV40;L6APF6;X4BJ41;L6TKL9;X3F7T7;X3JQ51;A0A1J3YPR0;A0AA86BGF4;V0FM15;A0A444APG5;N0X7U0;V7V836;X3P9N8;X3AML6;A0A3V2ZZH6;L6GUR7;L6SU38;L9RGE4;A0A0K1UKB0;N1BL08;X3DT42;A0A0M1RI49;L6JTT7;N0PUM5;V2H6L9;A0A0B7STD9;N0JBQ5;A0A0W3TBU8;A0A5Z7NJK0;N0I086;A0A315I5Y5,590,Salmonella,Bacteria,Pseudomonadota,False,True,False,False,A86192A089409858,0.018946595,0.9167717099189758,282
4189,A86192A089409858,436,UniProtKB/TrEMBL (unreviewed representative),UPI000169F283,L6C2N4;N0ZLA3;X4MHY5;J2H400;J2ENP3;N1J2E1;A0A0B7WQ67;X3RHD7;N0VQH4;A0A143DLE8;A0A5H7CAM1;L5X1X0;X3I2S5;A0A5I1FPI9;X3LKU4;N1IDQ0;X4HVV8;J1NKM4;A0A249UWC7;A0A0K1V9Z0;N0YGP9;L6UEV8;S4I1A2;X4LSS8;N1IQ13;X2QYR0;N1AW73;X3EFM0;V0LCW5;A0A1W2L3K8;A0A0N1VLY0;N0P0Q3;X3L3H6;X3V765;J2HL86;N0MJY4;A0A2T9I7N1;A0A2J5W2D1;L6QJD4;X4NIF4;L6JAP9;X4GMX2;A0A3V6SFH0;J2B6C2;A0A179VPZ4;L6CX15;V2CCH8;X4D6E7;L6HEF8;N0RLT0;V0I7K8;X3BH58;A0A0L3Q7F2;A0A8E5U832;X3FLE2;L6N3F8;A0A0B4NYD6;L6VH39;L9SK62;A0A2G1NPP7;X2X423;A0A0B7VN71;V3VRM7;X4C8W3;S4L2B2;X4WM27;V0EZ61;N0Q6A9;A0AA86EZ38;T1YEF1;X4MH63;V1G5U1;N1D474;X4NC20;X4X0M7;X4GBU4;V1SBX1;A0A0W6F174;N0WVW9;N1C0D4;L6A4Y6;N1CSY7;N1CFP1;X4EX97;A0A0F3JNY6;N0V918;X4HPW8;L6P443;N0WMB1;A0A637QK66;X2TK26;A0A0B7W905;L6BUV9;A0A0B7VRM9;X3SE89;S4KEG7;A0A977R2T5;A0A0B7RMB6;A0A0W5M6U9;L6PGZ2;A0A385S1M8;L6KN86;A0A0B7TXB5;X2ZGH6;X4GNY5;X3SCK9;N0M646;X3N8A8;A0A4Z8RMA9;L9RH57;X3AMY6;V0CW25;J2C6H4;L6WE74;X2WJR5;A0A8E7D2P9;X4KR55;A0A0B7QXC2;V3XB27;X4SDC5;X4XMG1;X2LN88;A0A619BBA7;A0A634NA13;X3U361;A0AA86ER00;A0A0B7TUW9;X4BWE8;L5YV89;V0FKZ1;A0A5H8PPN3;L6Y0E8;A0A5H7S4N8;A0A8E5JMF1;A0A509B9J4;X2QPN3;X3CJK2;A0A0B7WF02;X4QHZ1;B5FPN2;J1L3I0;A0A3R0A6F4;X2SEE5;X2ZYE3;X2VCB0;A0AA86EI37;L7A6S1;X3LY48;X2N2U5;A0A5I2JY31;X3IDV6;A0A5W8AYP3;N0NGH9;N0YXQ1;J1MC64;A0A735F2C3;J1TH25;L6DY74;V0DY69;L5WJX2;L9SYT9;A0A233PYL4;N0T225;L6ZMK4;N1B3T3;N1A6K5;L6EDJ1;W4MU39;V3WH07;X3Z4F7;X4H061;A0A0W7DKX1;X2W8B3;A0A4U8I6L5;N0LXD7;X3B8M0;X4R7W7;L6MRN7;X3E5G9;A0A3Y9ZQG7;X3XQQ7;A0A0L5ES01;V0LIV0;L6B9F2;B5R3S0;V3XRX9;X3NEA7;X3W082;L7BD63;V0HBD1;X2U4N9;X4JE96;A0A3R8TU35;N0KMI9;V2NTJ3;X4IK24;L6LGB0;X4QUM9;N0XVE8;S4JD72;V1NXG3;X3KN12;X3MGS3;A0AA86B905;V0FB54;L6A7Y8;X3UXM6;L6RTD3;N0YNZ2;N0UN66;A0A5I3PBY9;L6A237;L6D2H1;X4TPQ3;A0A233QZZ1;N0TW25;A0A0B7RSB8;A0A5D3QUZ4;A0A5I4MH93;X4XPB0;X2P8Y2;N0GWJ0;F2FCK5;N1ED97;X3D3R0;V2FVN8;A0A0L2DIQ6;A0A0V1WPB4;X2RCM0;A0A5H9GJU0;A0A386NHR4;X2S0X9;X3HGG2;L9S0T5;N0LRH6;J2F3Z4;A0A1R2Q1N5;N0R9B0;A0A0T9X512;X2YJD6;X4DYX8;L6F9Z2;A0A5I5ALR1;V3Z415;A0A0B7U259;A0A6C8XI07;V2G6A8;X3U9F3;J1SCS6;L5YA94;L5XDE7;X2YQW6;A0A3V2FZH4;L6WSH8;X4ZZ71;L6MLS8;N1E1Y9;L5W1Q1;L6S8Q0;A0A403SK68;X4ABV1;J2HSJ7;A0A2X4PST6;L6KGL8;N0NS94;V0HC38;V3YJL0;X4DCF3;A0A0V1WRB5;A0A0B7QYH2;L6GPV4;S5UGS9;A0A3R0GFU9;L6JR52;A0A5Z8AD36;A0A2T9EHY4;X3P3V1;A0A5W3E1B9;N0JYU1;X2SUW0;A0A3V4TG42;A0A0B7UA14;L9Q5X4;X3Z5X4;A0A0B7SXL1;L6GDM2;X3RPT4;X3S1T4;L6SEQ2;J1I004;N0XQH2;V0C0Q5;N1DRJ5;X4WLS1;M7RV78;X3XXM0;X2U4C4;L6TMM4;L6Z0G3;N1A018;V2PGA3;A0A0B7QN17;X2XVA9;X2XZX0;A0A0L2VRR2;X2ZYG3;A0A737F6J2;X4JPI2;V0JCJ2;L6UY31;X3GAS3;A0AA86BTR5;X4SN73;L6M567;A0A1W7BKM6;X3C1B1;A0A3U8P944;J2AWW4;B5EZS0;A0A5H6QWD6;A0A718WWZ9;L6GAJ4;X4UU49;X2W7N6;A0A1C3BXE9;X3H3V2;A0A131I7G6;N0KBI0;X3QG06;A0A0W7M2Z9;J2FUC2;V0LNX7;L6HZA9;L6KLB0;A0A0W5F828;L9Q2B8;N1H0E4;X3BP49;X4M531;A0A0W7CKW5;A0A0B7SZN2;N1HRY7;V3YCQ5;X4S5R5;A0A5W6MLU6;N0L1M3;A0A5I4KKK3;A0A5H7LDS3;A0A8F2UXZ4;A0A8X6EUI4;H5VV29;L6IKI2;J2GL96;V0E9Q9;X4D4I7;X4VHR9;X2MAC8;N1EYN5;X4Q948;X4VFK8;L6CUS8;X4KE89;L5ZL83;N0SEB8;V3XRC3;X3L0Q4;A0A3T3IIX3;A0A738D514;A0A0B1XQ18;A0A0L5TT21;N0MY52;A0A0F7HSW9;J2DI08;J1L8S5;X3UKV7;X4KF52;A0A0E2MHE2;B5R3S0;L6YBP9;L6E291;A0A0B3IYL8;X4XF27;N1G7Z7;A0A024AUZ2;X3GZM5;X3FYH6;A0A5I9LQ76;A0A0V1XFI4;V0C800;X4TNY5;X4EHT5;T2Q212;V0DIB6;N0QZP6;X2NWL1;X3TWZ6;A0A023MQB5;G7T284;L6W3E8;S4KIY3;X4KWX0;X4AUU2;X2Q8G4;X2VW59;V5ZMH6;V0CV15;A0A5I5P7K1;U1RJU9;V0J7F2;A0A0V8FBS1;N1FJH6;V3YYR4;A0A5H6FG10;L6NJM2;X2S125;L6FXI8;X4PTK5;N0HIJ9;N0TUM7;A0A601J0S1;A0A3W0XUY4;X2PW03;A0A5W8ZW76;A0A0B7V6W3;A0A0X8V457;X4I7J2;L7BL09;A0A0F3J431;A0A5W1KHI9;L6ZXV5;N1FPB0;S4KJR0;V0EKL4;A0A068ZFU6;A0A4Q8PGL1;A0A0A5Q444;A0A0L8XMD4;V0BAG7;N1F3Y9;J1S5J8;N0IZE1;X2QBN3;L6R4Q8;A0A0G2LD04;A0A8E5TVT9;A0A0G2P8B6;L5YQ34;N0QAF5;X3YA34;A0A068ZQG2;L7AVV6;A0A5W4DAV7;X3D372;A0A0E1CP92;A0A3U8MNE0;V0D3A6;S4IPE0;A0A600XB11;L6IJB7;N0JUT6;N0VWR3;T2QD37;A0A0V2CAE2;V5S595;X4FHT8;A0A656IJE8;S4KVP9;A0A5I9NR06;L6WLK3;L6F2P6;J1TJB0;X3M3D9;X3QBE4;X4P161;X4S0W3;L6QQW2;X4DM98;N0SBD6;A0A0X8L066;L6TKF1;X4W9K4;N0ITV4;N1AKS4;L9T0T6;L9SP10;X4M5N5;B5FPN2;L5ZGX9;A0A0B7UTH1;V0KWT6;X3IWC1;X3J893;X3Y9H2;N0HR80;N0T7T9;X4UCU1;X3F6D0;X3T1X9;X3T3J3;X4AW63;X3PW72;A0A232WCJ0;X3R1U4;A0A0L4MU66;A0A0B7RTS7;X4F2H0;A0A0H3RPM5;L6FBL7;X2UUW1;A0A5J1J2X6;N0RPN3;X4T0Q1;X2YVX8;X4P3V0;X3ZLM3;X4AHE6;X3DF91;L5W721;X3I2V0;J1Y6U0;L6Q2R2;N0USU4;V0L2A4;L6NWU8;B5EZS0;X2TFC5;B5C7H8;A0A724AV40;L6APF6;X4BJ41;L6TKL9;X3F7T7;X3JQ51;A0A1J3YPR0;A0AA86BGF4;V0FM15;A0A444APG5;N0X7U0;V7V836;X3P9N8;X3AML6;A0A3V2ZZH6;L6GUR7;L6SU38;L9RGE4;A0A0K1UKB0;N1BL08;X3DT42;A0A0M1RI49;L6JTT7;N0PUM5;V2H6L9;A0A0B7STD9;N0JBQ5;A0A0W3TBU8;A0A5Z7NJK0;N0I086;A0A315I5Y5,590,Salmonella,Bacteria,Pseudomonadota,False,True,False,False,A86192A089409858,0.018946595,0.9167717099189758,282
4172,A86192A089409858,436,UniProtKB/TrEMBL (unreviewed representative),UPI000169F283,L6C2N4;N0ZLA3;X4MHY5;J2H400;J2ENP3;N1J2E1;A0A0B7WQ67;X3RHD7;N0VQH4;A0A143DLE8;A0A5H7CAM1;L5X1X0;X3I2S5;A0A5I1FPI9;X3LKU4;N1IDQ0;X4HVV8;J1NKM4;A0A249UWC7;A0A0K1V9Z0;N0YGP9;L6UEV8;S4I1A2;X4LSS8;N1IQ13;X2QYR0;N1AW73;X3EFM0;V0LCW5;A0A1W2L3K8;A0A0N1VLY0;N0P0Q3;X3L3H6;X3V765;J2HL86;N0MJY4;A0A2T9I7N1;A0A2J5W2D1;L6QJD4;X4NIF4;L6JAP9;X4GMX2;A0A3V6SFH0;J2B6C2;A0A179VPZ4;L6CX15;V2CCH8;X4D6E7;L6HEF8;N0RLT0;V0I7K8;X3BH58;A0A0L3Q7F2;A0A8E5U832;X3FLE2;L6N3F8;A0A0B4NYD6;L6VH39;L9SK62;A0A2G1NPP7;X2X423;A0A0B7VN71;V3VRM7;X4C8W3;S4L2B2;X4WM27;V0EZ61;N0Q6A9;A0AA86EZ38;T1YEF1;X4MH63;V1G5U1;N1D474;X4NC20;X4X0M7;X4GBU4;V1SBX1;A0A0W6F174;N0WVW9;N1C0D4;L6A4Y6;N1CSY7;N1CFP1;X4EX97;A0A0F3JNY6;N0V918;X4HPW8;L6P443;N0WMB1;A0A637QK66;X2TK26;A0A0B7W905;L6BUV9;A0A0B7VRM9;X3SE89;S4KEG7;A0A977R2T5;A0A0B7RMB6;A0A0W5M6U9;L6PGZ2;A0A385S1M8;L6KN86;A0A0B7TXB5;X2ZGH6;X4GNY5;X3SCK9;N0M646;X3N8A8;A0A4Z8RMA9;L9RH57;X3AMY6;V0CW25;J2C6H4;L6WE74;X2WJR5;A0A8E7D2P9;X4KR55;A0A0B7QXC2;V3XB27;X4SDC5;X4XMG1;X2LN88;A0A619BBA7;A0A634NA13;X3U361;A0AA86ER00;A0A0B7TUW9;X4BWE8;L5YV89;V0FKZ1;A0A5H8PPN3;L6Y0E8;A0A5H7S4N8;A0A8E5JMF1;A0A509B9J4;X2QPN3;X3CJK2;A0A0B7WF02;X4QHZ1;B5FPN2;J1L3I0;A0A3R0A6F4;X2SEE5;X2ZYE3;X2VCB0;A0AA86EI37;L7A6S1;X3LY48;X2N2U5;A0A5I2JY31;X3IDV6;A0A5W8AYP3;N0NGH9;N0YXQ1;J1MC64;A0A735F2C3;J1TH25;L6DY74;V0DY69;L5WJX2;L9SYT9;A0A233PYL4;N0T225;L6ZMK4;N1B3T3;N1A6K5;L6EDJ1;W4MU39;V3WH07;X3Z4F7;X4H061;A0A0W7DKX1;X2W8B3;A0A4U8I6L5;N0LXD7;X3B8M0;X4R7W7;L6MRN7;X3E5G9;A0A3Y9ZQG7;X3XQQ7;A0A0L5ES01;V0LIV0;L6B9F2;B5R3S0;V3XRX9;X3NEA7;X3W082;L7BD63;V0HBD1;X2U4N9;X4JE96;A0A3R8TU35;N0KMI9;V2NTJ3;X4IK24;L6LGB0;X4QUM9;N0XVE8;S4JD72;V1NXG3;X3KN12;X3MGS3;A0AA86B905;V0FB54;L6A7Y8;X3UXM6;L6RTD3;N0YNZ2;N0UN66;A0A5I3PBY9;L6A237;L6D2H1;X4TPQ3;A0A233QZZ1;N0TW25;A0A0B7RSB8;A0A5D3QUZ4;A0A5I4MH93;X4XPB0;X2P8Y2;N0GWJ0;F2FCK5;N1ED97;X3D3R0;V2FVN8;A0A0L2DIQ6;A0A0V1WPB4;X2RCM0;A0A5H9GJU0;A0A386NHR4;X2S0X9;X3HGG2;L9S0T5;N0LRH6;J2F3Z4;A0A1R2Q1N5;N0R9B0;A0A0T9X512;X2YJD6;X4DYX8;L6F9Z2;A0A5I5ALR1;V3Z415;A0A0B7U259;A0A6C8XI07;V2G6A8;X3U9F3;J1SCS6;L5YA94;L5XDE7;X2YQW6;A0A3V2FZH4;L6WSH8;X4ZZ71;L6MLS8;N1E1Y9;L5W1Q1;L6S8Q0;A0A403SK68;X4ABV1;J2HSJ7;A0A2X4PST6;L6KGL8;N0NS94;V0HC38;V3YJL0;X4DCF3;A0A0V1WRB5;A0A0B7QYH2;L6GPV4;S5UGS9;A0A3R0GFU9;L6JR52;A0A5Z8AD36;A0A2T9EHY4;X3P3V1;A0A5W3E1B9;N0JYU1;X2SUW0;A0A3V4TG42;A0A0B7UA14;L9Q5X4;X3Z5X4;A0A0B7SXL1;L6GDM2;X3RPT4;X3S1T4;L6SEQ2;J1I004;N0XQH2;V0C0Q5;N1DRJ5;X4WLS1;M7RV78;X3XXM0;X2U4C4;L6TMM4;L6Z0G3;N1A018;V2PGA3;A0A0B7QN17;X2XVA9;X2XZX0;A0A0L2VRR2;X2ZYG3;A0A737F6J2;X4JPI2;V0JCJ2;L6UY31;X3GAS3;A0AA86BTR5;X4SN73;L6M567;A0A1W7BKM6;X3C1B1;A0A3U8P944;J2AWW4;B5EZS0;A0A5H6QWD6;A0A718WWZ9;L6GAJ4;X4UU49;X2W7N6;A0A1C3BXE9;X3H3V2;A0A131I7G6;N0KBI0;X3QG06;A0A0W7M2Z9;J2FUC2;V0LNX7;L6HZA9;L6KLB0;A0A0W5F828;L9Q2B8;N1H0E4;X3BP49;X4M531;A0A0W7CKW5;A0A0B7SZN2;N1HRY7;V3YCQ5;X4S5R5;A0A5W6MLU6;N0L1M3;A0A5I4KKK3;A0A5H7LDS3;A0A8F2UXZ4;A0A8X6EUI4;H5VV29;L6IKI2;J2GL96;V0E9Q9;X4D4I7;X4VHR9;X2MAC8;N1EYN5;X4Q948;X4VFK8;L6CUS8;X4KE89;L5ZL83;N0SEB8;V3XRC3;X3L0Q4;A0A3T3IIX3;A0A738D514;A0A0B1XQ18;A0A0L5TT21;N0MY52;A0A0F7HSW9;J2DI08;J1L8S5;X3UKV7;X4KF52;A0A0E2MHE2;B5R3S0;L6YBP9;L6E291;A0A0B3IYL8;X4XF27;N1G7Z7;A0A024AUZ2;X3GZM5;X3FYH6;A0A5I9LQ76;A0A0V1XFI4;V0C800;X4TNY5;X4EHT5;T2Q212;V0DIB6;N0QZP6;X2NWL1;X3TWZ6;A0A023MQB5;G7T284;L6W3E8;S4KIY3;X4KWX0;X4AUU2;X2Q8G4;X2VW59;V5ZMH6;V0CV15;A0A5I5P7K1;U1RJU9;V0J7F2;A0A0V8FBS1;N1FJH6;V3YYR4;A0A5H6FG10;L6NJM2;X2S125;L6FXI8;X4PTK5;N0HIJ9;N0TUM7;A0A601J0S1;A0A3W0XUY4;X2PW03;A0A5W8ZW76;A0A0B7V6W3;A0A0X8V457;X4I7J2;L7BL09;A0A0F3J431;A0A5W1KHI9;L6ZXV5;N1FPB0;S4KJR0;V0EKL4;A0A068ZFU6;A0A4Q8PGL1;A0A0A5Q444;A0A0L8XMD4;V0BAG7;N1F3Y9;J1S5J8;N0IZE1;X2QBN3;L6R4Q8;A0A0G2LD04;A0A8E5TVT9;A0A0G2P8B6;L5YQ34;N0QAF5;X3YA34;A0A068ZQG2;L7AVV6;A0A5W4DAV7;X3D372;A0A0E1CP92;A0A3U8MNE0;V0D3A6;S4IPE0;A0A600XB11;L6IJB7;N0JUT6;N0VWR3;T2QD37;A0A0V2CAE2;V5S595;X4FHT8;A0A656IJE8;S4KVP9;A0A5I9NR06;L6WLK3;L6F2P6;J1TJB0;X3M3D9;X3QBE4;X4P161;X4S0W3;L6QQW2;X4DM98;N0SBD6;A0A0X8L066;L6TKF1;X4W9K4;N0ITV4;N1AKS4;L9T0T6;L9SP10;X4M5N5;B5FPN2;L5ZGX9;A0A0B7UTH1;V0KWT6;X3IWC1;X3J893;X3Y9H2;N0HR80;N0T7T9;X4UCU1;X3F6D0;X3T1X9;X3T3J3;X4AW63;X3PW72;A0A232WCJ0;X3R1U4;A0A0L4MU66;A0A0B7RTS7;X4F2H0;A0A0H3RPM5;L6FBL7;X2UUW1;A0A5J1J2X6;N0RPN3;X4T0Q1;X2YVX8;X4P3V0;X3ZLM3;X4AHE6;X3DF91;L5W721;X3I2V0;J1Y6U0;L6Q2R2;N0USU4;V0L2A4;L6NWU8;B5EZS0;X2TFC5;B5C7H8;A0A724AV40;L6APF6;X4BJ41;L6TKL9;X3F7T7;X3JQ51;A0A1J3YPR0;A0AA86BGF4;V0FM15;A0A444APG5;N0X7U0;V7V836;X3P9N8;X3AML6;A0A3V2ZZH6;L6GUR7;L6SU38;L9RGE4;A0A0K1UKB0;N1BL08;X3DT42;A0A0M1RI49;L6JTT7;N0PUM5;V2H6L9;A0A0B7STD9;N0JBQ5;A0A0W3TBU8;A0A5Z7NJK0;N0I086;A0A315I5Y5,590,Salmonella,Bacteria,Pseudomonadota,False,True,False,False,A86192A089409858,0.018946595,0.9167717099189758,282
1697,49235D62ADF8031A,367,UniProtKB/Swiss-Prot (reviewed representative),UPI000246359A,H8L374;H1MK90;H8L374,81475,Frateuria aurantia,Bacteria,Pseudomonadota,True,True,True,False,49235D62ADF8031A,-0.003097215,0.9167183041572572,283
7651,5ED4B7D0F461EC71,506,UniProtKB/Swiss-Prot (reviewed representative),UPI0000058862,Q8DFE4;Q8DFE4,672,Vibrio vulnificus,Bacteria,Pseudomonadota,False,True,False,False,5ED4B7D0F461EC71,0.983740747,0.9167147278785706,284
1233,F99B76169A32ACB7,2624,UniProtKB/Swiss-Prot (reviewed representative),UPI000F0CC43A,A0A3G9H990;A0A3G9H990,5599,Alternaria alternata,Eukaryota,Ascomycota,True,True,True,False,F99B76169A32ACB7,-0.004242585,0.9163551330566406,285
1839,3130D78EC107DDBC,2561,UniProtKB/TrEMBL (unreviewed representative),UPI000195C667,A0AAE7JK08;A0A9P1J951;A0A0A1SB71;A0A109QNT5;V5MSS0;A0AAU8VA28;M1U2L8;A0A4Y1UAU1;A0A6H0H3C9;P39845;A0AAX1EQ43;A0A086SGA4;A0A6M3ZB81;A0A7G9PI27;A0A8D5V1R7;A0A0A1M456;A0A0A7GQG4;A0A7H8VW83;A0A076GEX6;A0A5Q3C173;A0A6I4DD32;A0A1V0ASQ9;A0A7Z2C8R7;A0A386RMW1,1386,Bacillus,Bacteria,Bacillota,True,True,True,False,3130D78EC107DDBC,0.361036003,0.9163177609443665,286
3922,C25DE9E35A5CA74E,381,UniProtKB/Swiss-Prot (reviewed representative),UPI0000E97D8E,B1YPU9;B1YPU9;A0A2S9N4M6;A0TLW5,32008,Burkholderia,Bacteria,Pseudomonadota,False,True,False,False,C25DE9E35A5CA74E,0.037500083,0.91584712266922,287
6141,D60705D8D08BB96F,2429,UniProtKB/Swiss-Prot (reviewed representative),UPI00006775F6,Q2UB00;Q2UB00,5062,Aspergillus oryzae,Eukaryota,Ascomycota,True,True,True,False,D60705D8D08BB96F,-0.004673127,0.9157153964042664,288
5104,CF0ECBED398C352A,290,UniProtKB/Swiss-Prot (reviewed representative),UPI00001260D3,P11246,9986,Oryctolagus cuniculus,Eukaryota,Chordata,False,True,False,False,CF0ECBED398C352A,0.996657908,0.915556252002716,289
1745,85E0949ACD144560,359,UniProtKB/TrEMBL (unreviewed representative),UPI000016527F,A0A056UAX8;A0A042ZLQ6;A0A041B3I0;A0A048LZN8;A0A056KXB0;A0A038QQZ4;A0A039SAX5;A0A041VXR5;A0A054W5A5;A0A054BXN6;A0A056HXP2;A0A052Y8B4;A0A055EZ59;A0A057NDT3;A0A058QAT6;A0A046EGS5;A0A042XXR6;A0A045RAC9;A0A050N992;A0A051I1G7;A0A041LD86;A0A038R971;A0A048LLL4;A0A053PGN5;A0A043QJJ1;A0A054SJ56;A0A1A3HQP0;A0A1Q1QFH1;A0A049KTM2;A0A049TB94;A0A1Q2B9R7;A0ABV1MC94;A0A045BM07;A0A056BNQ4;A0A040CRN5;A0A057EBX4;A0A041Y9W4;A0A047G2T6;A0A041VCT6;A0A049SCL3;A0A038P3N9;A0A042DQ09;A0A051AJ36;A0A052CPZ3;A0A1Q1UWF7;A0A043G5G5;A0A051MU04;A0A051EM51;A0A051P446;A0A040U466;A0A054EA33;A0A1Q1UKH5;A0A038Y402;A0A044CF63;A0A045KBP7;A0A057U9V1;A0A046GAP4;A0A079K759;A0A055Q1M4;A0A058ID21;A0A056NB63;A0A042XP06;A0A046ET38;A0A054WTN3;A0A038NKQ0;A0A052K205;A0A0G4DWU0;A0A054Y8X9;A0A055G8R5;A0A054L7M1;A0A052VWR4;A0A0H3M5F9;A0A041TD73;A0A071VS63;A0A043S667;W6HPV2;A0A7U4D9H4;A0A039Z5D3;A0A053XZC8;A0A054ZY01;A0A043FEN3;A0A045VZT9;A0A040RRP9;A0A043GL03;A0A054L1M0;A0A057HFZ3;A0A049ICR8;A0A044I5Y0;A0A052QUW5;A0A043KTT4;A0A045D0U5;A0A047EUB6;A0A071R359;A0A051R9S1;A0A042BAL1;A0A071UBD3;A0A041YJF3;A0A051HP83;A0A040CGQ4;A0A041H8I9;A0A053TP06;A0A042GYK1;A0A056B5N4;A0A039XM08;A0A053MNY5;A0A1Q1YEA9;A0A043XCE8;A0A054MK28;A0A043RDP4;A0A040MHY2;A0A050DCC4;A0A050KLP9;A0A056RP07;A0A042MJP3;A0A043NB52;A0A048L1Q5;A0A056Y0A8;A0A038SCX5;A0A047BIE0;A0A052KCJ7;A0A039X7M7;A0A054P0Z1;A0A057BST8;A0A038V4K6;A0A041BMW9;A0A053ZAY5;A0A055KEF9;A0A039PKW9;A0AB74LGU6;D5Y2H1;A0A055GX68;A0A054PK64;A0A043X244;A0A046QD28;A0A051YCD7;A0A057UV82;A0AB72XL54;A0A053DSC1;A0A056WZV4;A0A042WW64;A0A051S251;A0A042CCB5;A0A044ULB6;A0A050ZI34;A0A055A8S4;A0A044BIV2;A0A054U996;A0A046Z5H0;A0A057VT05;A0A053YEB2;A0A056TUZ6;A0A071RQS2;A0A8E0ACL4;A0A057C3B1;A0A039TBQ5;A0A058GVW7;A0A049PCN6;A0A050AE11;A0A050SXB8;A0A042WC81;A0A049MXM3;A0A045U7T8;A0A051HFX3;A0A054U2X9;A0A047U6V6;A0A057NE31;A0A044C2G4;A0A054CTG3;A0A056I366;A0A829CGZ1;A0A040L775;A0A048YYR7;A0A047SLE3;A0A047GHD0;A0A1Q1TLS9;A0A054IKA2;A0A045XP25;A0A043WJH5;A0A1Q1SCB6;A0A049EGT1;A0A056IJ54;A0A038XHR1;A0A055MTA9;A0A047ZXW1;A0A071UTS1;G0TH78;A0A047DS03;A0A053WB49;A0A039DSR4;A0A053I0Z7;A0A048JQD5;A0A044CWF2;A0A071TBC0;A0AAP5BS25;A0A047INM6;A0A046C677;A0A053UEY8;A0A040F1E5;A0A054S4Q0;A0AAE8WND5;A0A044VN24;A0A038WUX2;A0A046S339;A0A046VRM6;A0A048LPR0;A0A051X6K5;A0A044AN42;A0A049FUS2;A0A083WCH7;A0A045HZR7;A0A1Q1VIR8;A0A050CNT7;A0A071SPY6;A0A049MSY1;A0A051C7N2;A0A049TF86;A0A040XXW6;A0A043LJS8;A0A046N469;A0A044YNT1;A0A057CW57;A0A043LWQ0;A0A053PJ44;A0A057RSP7;A0A047EF01;H6SAZ3;A0A041LTY0;A0A056HL58;A0A039RB35;A0A046CNR0;A0A049JVE1;A0A051G995;A0A055BA59;A0A056KF96;A0A044WVU1;A0A055VHU2;A0A050U480;A0A054TH63;A0A040VRR4;A0A038QIK3;A0A051WXG8;A0A043ZCY4;A0A041GD03;A0A041RLV2;A0A048Q9Y7;A0A056JVR4;A0A041VFB2;A0A051CS60;A0A039UDF6;A0A041JT92;A0A043EAS9;A0A053RNG0;A0A047A3C7;A0A055C2T5;A0A039CRE4;A0A048XJA1;A0A042G2G6;A0A046WK68;A0A071ZSS7;A0A042H8S8;A0A046STB5;A0A055IQ59;A4KGB0;A0A040TBT5;A0A058D846;A0A054DEM3;A0A055F310;A0A071WD59;A0A046WRS3;A0A050GHS0;A0A039LZJ4;A0A046WII9;A0A050B4I5;A0A056RAF7;A0A048Z171;A0A042V4X4;A0A046FAQ0;A0A050ERX3;A0A058JJ09;A0A054QRP9;A0A058BFZ8;A0A038SVD3;A0A1Q1X4I8;A0A055G569;A0A058G033;A0A046U7T2;A0A039ZJJ3;A0A042A1X6;A0A051YGM4;A0A0H3P819;A0A046V4I4;A0A047CT16;A0A048ZJS0;O50440;O50440;A0A043URT2;A0A044X9D2;A0A050B5K7;A0A051M0U7;A0A048FXT1;A0A050F066;A0A051JFU3;A0A047TMT3;A0A048U9T1;A0A051W713;A0A057NZC0;A0A051T770;A0A039UU19;A0A042RNM4;A0A040A5E2;A0A057RHW3;A0A046TAH6;A0A054G6S5;A0A057I1W6;A0A1R3XXL5;A0A045V3T5;A0A047NFD2;A0A056EV94;A0A042HE85;A0A044Y505;A0A056GCI0;A0A051R0M9;A0A042NND1;A0A057UEL4;A0A050LQ64;A0A050GFG3;A0A058IKV9;A0A056ED92;A0A057MPX8;A0A046SZL7;A0A045RWE8;A0A071STW9;A0A040NZ54;A0A046IQ12;A0A045SD39;D6F3D5;A0A042KPR5;A0A044VBS8;A0A045FWX6;A0A054HIW1;A0A056XJN9;A0A056J128;A0A045XX22;A0A042SQI1;A0A051QEP0;A0A052F2A5;A0A053VLD2;A0A038N4S5;A0A043SWS6;C1AMH8;A0A055QCC3;A0A043SIK2;A0A039J257;A0A058Q1L2;A0A051A8I8;A0A053GSB7;A0A9P2H6T4;A0A041YFZ5;A0A048HPN7;A0A055L9P9;A0A1Q1QRU2;A0A043F7K9;A0A047IYN0;A0A049IFY3;A0A040ML41;A0A058BF19;A0A043CXW5;A0A056UYN2;A0A054JC39;A0A053HEK6;A0A048WH80;A0A045YBA9;A0A048NXF5;A0A053Q7G2;A0A046NJW5;A0A047M681;A0A057YEI9;A0A058L2V8;A0A043QID2;A0A056ZBM8;A0A053VMN6;A0A074SAF3;A0A057IZI0;A0A051AX74;A0A039KTC7;A0A057WGM3;A0A048KIR0;A0A050HHB0;A0A041UK99;A0A049CT01;A0A044S536;A0A079KKR1;S5F400;A0A057GER5;A0A046YM17;A0A057KGX7;A0A051W8S4;A0A039KXF2;A0A046C770;A0A055LX34;A0A048N3P0;A0A042Y493;A0A058DPV8;A0A049YS05;A0A043IM45;A0A044EHH7;A0A055ERB5;A0A043W3X7;A0A047PJ66;A0A045EDS9;A0A042KKJ8;A0A046AGW5;A0A042MBN9;A0A055N5Y2;A0A044ES77;A0A071NZI9;A0A039YP72;A0A055IYV4;A0A1Q2AYC8;A0A050JUU8;A0A042S7I0;A0A049DCR6;A0A053ANR6;A0A058C8Q9;A0A040HXH1;A0A048S1M9;A0A039CVY6;A0A044HGJ1;A0A047WEQ8;A0A039FM35;A0A040NK46;A0A047EFM1;A0A041N4L7;A0A052E2C1;A0A057QRV4;A0A043MXE5;A0A058N4K9;A0A1Q1RPZ8;A0A043Z4Z9;A0A051K7X3;A0A052GD15;A0A055UPI0;A0A058MF34;A0A045U250;A0A047UXC3;A0A044TAT6;A0A049RDN0;A0A042CXD6;A0A058PH65;A0A048J204;A0A047XXJ3;A0A050QP33;A0A055S765;A0A058C6K8;A0A055YB06;A0A056QW95;A0A052LM97;A0A052UUG7;A0A058LW65;A0A038YCV0;A0A044RW54;A0A056NGM3;A0A044ZU86;A0A054AHN8;A0A056GTE9;A0A039JMJ3;A0A053W6A3;A0A056CAQ6;A0A054Y2I9;A0A039RVP5;A0A040E529;A0AAU0QC16;A0A042T8R8;A0A047Z0Z6;A0A072B8I4;A0A044LU07;A0A047CHW1;A0A044EFL4;A0A071V5E5;A0A043TWN3;A0A053FCD1;A0A041EQB0;A0A060GDZ3;A0AAQ0KS71;A0A053CYW9;A0A040EJF8;A0A0K8KPL0;A0A043TG40;A0A044DUB8;I6XXB2;A0A055LLN8;A0A040LRB7;A0A054B6K6;A0A044DBA0;A0A053BK94;A0A054QC35;A0A053BS25;A0A057VBY2;A0A040HA49;A0A047AJJ5;A0A328GRU9;A0A044NU25;A0A038RHI5;A0A046IWF2;A0A058PH87;A0A044UJ50;A0A054FEK1;A0A042BPL5;A0A046V2L6;A0A057VQ51;A0A055KL53;A0A039NRG3;A0A050HSK8;A0A047DA49;A0A055G8K1;A0A057BL19;A0A071U102;A5U1N2;A0A046K6W1;A0A058EB21;A0A041J213;A0A041TBR5;A0A055XRZ8;A0A054F093;A0A056F578;A0A040G0B4;A0A041C4T3;A0A053FT20;A0A054FPQ6;A0A041X3G5;A0A057YHW8;A0A058G7K5;A0A044JE13;A0A049XWJ7;A0A052LSK6;A0A039HKK5;A0A055TGK8;A0A051V666;A0A057LIQ4;A0A046VH32;A0A057PKY9;A0A046R0I8;A0A056B3R6;A0A042RV32;A0A057Y0G2;A0A051VU94;A0A047QDM2;A0A042NQY6;A0A045FZR3;A0A051VJ40;W6HCM7;A0A049AV51;A0A045MGK9;A0A054CLA5;R4SAK2;A0A043CBN9;A0A057MWF5;A0A046CKK5;A0A050DY20;A0A046MMZ3;A0A1Q1W5S1;A0A054V1X8;A0A044JTR2;A0A047JVE7;A0A057FND4;A0A052SRL0;A0A057XYL2;A0A055TIJ9;A0A052W6M6;M9UMA3;A0A040B9G2;A0A056DQI4;F8M5Y1;A0A052MB53;A0A053AAL5;A0A049A6V8;A0A058ABA9;A0A041NGF8;A0A048PSM0;A0A054LY72;A0A040YZB6;A0A048EAN1;A0A048F1Y1;A0A045C0B2;A0A039MF78;A0A042M5M7;A0A047X515;A0A1Q1SNJ6;A0A040WKY2;A0A048XYG7;A0A047PHX7;A0A056QMF1;A0A043FAX4;A0A052YSA3;A0A052M8E9;A0A053MU64;A0A071PHS3;A0A043BN67;A0A057GQM6;A0A046H260;A0A049Q0P0;A0A050CEZ3;A0A040SY60;A0A039J0Y6;A0A058HN18;A0A056SIX4;A0A052F218;A0A053RD02;A0A047C713;A0A1Q1Z1U9;A0A056RSI4;A0A043YCR6;A0A042PL32;A0A046PBF8;A0A048IJ62;A0A048RS88;A0A048AA55;A0A050LLB9;A0A051GYA4;A0A054HW81;A0A041WTD2;A0A038SAS7;A0A043C3G9;A0A049VXU0;A0A2Z4TU93;A0A044SNT2;A0A050Q460;A0A058RE50;A0A055JLU7;A0A047THD0;A0A045AIK2;A0A040UTG4;A0A043MRS1;A0A048W6V7;A0A045TJJ4;A0A443KXF4;A0A4U7MK26;A0A049FTA1;A0A054NQW1;A0A042V193;A0A044BF84;A0A039WTZ1;A0A044WRN7;A0A043ZWK1;A0A045WKY0;A0A046XZX2;A0A046LWH0;A0A055K797;A0A040FHD5;A0A040TRY9;A0A058SKC3;A0A049Z024;A0A1Q1V7G1;A0A042AP53;A0A071Q762;A0A045B1Z0;A0A054NVV7;A0A039SUK8;A0A045M1B2;A0A057HRS7;A0A057SLR7;A0A048BD59;A0A053T954;A0A1Q2ABA5;A0A1Q1U9D1;A0A043S9C9;A0A058ELR5;A5WLL2;A0A046RE49;A0A047LU22;A0A053WK72;A0A054J725;A0A044NEE9;A0A051DYA6;A0A046AHG0;O50440;A0A055FAW4;A0A043VKN9;A0A057KTZ8;A0A7U4C885;A0A053RGS2;A0A049L4U2;A0A071WSA8;A0A046N4B4;A0A043BEC8;A0A053YMD5;A0A053QQI9;A0A045X187;A0A056P763;A0A046HRK5;A0A047P1Y1;A0A1Q1R2P3;A0A040GG81;A0A055NN23;L0PTS9;A0A042VHF1;A0A054DI64;A0A040ARL2;F2V482;A0A038MDP2;A0A048IX44;A0A048PEF2;A0A048GUH5;A0A057JG95;A0A041R5K4;G7R141;A0A7U4JWR8;A0A042U5Y5;A0A049NZM4;A0A038VYP1;A0A044ZMN9;A0A1Q2A052;D5ZEU0;A0A047SM89;A0A056YDP7;A0A045YBF9;A0A055Y161;A0A046DQM5;A0A058RWQ8;A0A041SFE6;A0A043DRY4;A0A043HR42;A0A054NFV5;D5Z286;A0A052XUH2;A0A047B8S9;A0A055ZU25;A0A049WSK2;W6GM90;H8HQA3;A0A053YTV2;A0A039G068;A0A057DXT7;A0A048M8C8;L0T7J5;A0A058AU76;A0A049FCL1;A0A041CT50;A0A045NQ71;A0A048X0U7;A0A040F6U0;A0A057SG41;A0A047LSS6;A0A056JUB9;A0A071NJ51;A0A058QVP2;A0A051MGS7;A0A1Q1TXW3;A0A049X3G9;A0A053B6U2;W6H967;A0A040K8H3;A0A038LSC3;A0A057EX85;A0A047WYY1;A0A050IAM3;A0A054N0G0;A0A039QEA3;A0A054QEQ3;A0A054TBY9;A0A050T7G1;A0A043JIW4;A0A039RDM2;A0A054KR69;A0A044VY66;A0A071MRG5;A0A039H3Q9;A0A049IPL1;A0A071ZFB0;A0A055W5P4;A0A052GTN7;A0A053ST45;A0A039DUU6;A0A045VHS0;A0A049SPK5;A0A048DS20;A0A056BRK2;A0A044DHU7;A0A047Z737;A0A040BT51;A0A048M039;A0A291M8J0;A0A041QBC6;A0A056VQ82;A0A071TKZ1;A0A039H3Y6;A0A7S8HK71;A0A056LVP4;A0A8D9ZX90;A0A053SWA3;A0A8S7LIU2;A0A046XH78;A0A056S315;A0A052EPB7;A0A071Y741;A0A058GIN8;A0A054GV97;A0A043KVB5;A0A047KJK3;A0A057KAG3;A0A042ABW2;A0A053G7I9;A0A041EE08;A0A056DYS5;A0A057F6K6;A0A053NS94;A0A040R399;A0A045TI37;A0A045NK60;A0A048YL36;A0A047CHJ6;A0A043C1U5;A0A045XED9;A0A052BXM1;A0A056SVW0;A0A042YQR0;A0A058QV16;A0A057S838;A0A056UNG1;A0A053EWH8;A0A071V7C4;A0A042WZQ4;A0A042LGG1;A0A050JMN8;A0A057QEV9;A0A046UFT5;A0A1Q1WH59;A0A056P3W9;A0A056FYX2;A0A044P0W9;A0A054ZIH8;A0A058CLT9;A0AAX1PXX3;A0A041M2R2;A0A043JVB7;A0A7U4LB84;A0A049KUQ3;A0A038V6X9;A0A071RLQ9;A0A046YDF3;A0A050IIM4;A0A044MQX3;A0A049HQU3;A0A049R2K9;A0ABD7H8P4;A0A040ZTS7;A0A197IZJ7;A0A050FMD6;A0A039V6Y0;A0A056K0U3;A0A056LAJ8;A0A044XV20;A0A055NPK7;A0A039LWB1;A0A040IIJ7;A0A051KW29;A0A053EME8;A0A055IWS8;A0A045ZT67;A0A057FES5;A0A057AK51;A0A052YT44;A0A040QCX7;A0A043LRB7;A0A053ZCH9;A0A055S056;A0A048UU10;A0A044M623;A0A055SRP3;A0A046TVI7;A0A048RF77;A0A058DVU1;A0A7U8UIY7;A0A051YG42;A0A055HWK4;A0A056E0D2;A0A058MJX7;A1KHX4;A0A039W1G1;A0A058NLK1;A0A040VXP6;A0A054RX17;A0A043D400;A0A057TUV8;A0A042KW75;A0A039N1Q4;A0A042ELT4;A0A071MT64;A0A2C5ST03;A0A049Y699;A0A051FZM4;A0A051RZS5;A0A054GH27;A0A079KZ90;A0A042QCV6;A0A057ZX63;A0A1Q1TAL2;A0A040RWJ1;A0A040PFW8;A0A048ETG6;A0A1Q1S115;A0A056PUK2;A0A057Z3M7;A0A046KIZ4;A0A071W1M9;A0A053T896;A0A055C3X8;A0A039MT99;A0A039W8U7;A0A055PF63;R4M763;A0A042Z0A0;A0A046ENL7;A0A056D276;A0A051DHC0;A0A056MR29;A0A041W1K0;A0A044U6J9;A0A056WPE6;A0A053B6K7;A0A043PDE7;A0A040XH84;A0A501NXQ9;A0A042TGM1;A0A051XFF2;A0A042PM86;A0A046BBA6;A0A047L2C3;A0A050BEH5;A0A1Q1XFS8;A0A047Q138;A0A052VK84;D6FR24;A0A047KYH9;A0A048A016;A0A042K700;A0A041AAV5;A0A2T3UP30;A0A081GEV2;A0A039Q4T0;A0A049MDK6;A0A054V640;A0A054KQF7;A0A058NZI8;A0A054JZ68;A0A040XIP4;A0A044GDQ8;A0A038US66;A0A047FUB7;A0A057D5Y2;A0A056XDS8;A0A054AFE8;A0A048HMA8;Q7U0G0;A0A046FM52;A0A049UGG5;A0A045RBK5;A0A057H3P2;A0A052JX01;A0A042F513;A0A049S538;A0A045V236;A0A046HZ28;A0A051ZDN1;A0A049LRJ2;A0A058K6M1;A0A052C6A4;A0A046TGV3;T0DCF3;A0A047HP88;A0A057J653;D6FG24;A0A057PBG0;A0A050FQ06;A0A047I9A7;A0A055V413;A0A041H7F5;A0A045KDW2;A0A047H2K9;A0A052X6G1;A0A072B8R3;A0A044MHQ8;A0A047RYH9;A0A057IK47;A0A9Q6L2F1;A0A045CK59;A0A047MBR3;A0A052Z8D9;A0A041UXI6;A0A048BM97;A0A7U8TGF9;A0A039XSY3;A0A055VWF1;A0A041XRK1;A0A050EPT4;A0A046FXY6;A0A044QBQ4;L0QH30;A0A051I307;A0A056A6L3;A0A8E0A4J7;A0A052S5H4;A0A040GLE2;A0A051J8Q8;A0A044WJU6;A0A049A904;A0A039SS96;A0A041IAD9;A0A045KWV0;A0A043UF49;A0A056Y937;V2XAV3;A0A046PR11;A0A048XT83;A0A054X4I8;A0A055QZ68;A0A049C2R5;A0A053XKV0;A0A042WK63;A0A040VI05;A0A071QK75;A0A043L1N1;A0A041CEU3;A0A044LFQ1;A0A049NS10;A0A042VS05;A0A7U8U549;D5YQG3;A0A040TIU8;A0A038Q3T3;A0A043VGC5;A0A045DMM3;A0A038MKG0;A0A048IJ68;A0A050DBT2;A0A054YWM8;A0A055R6F8;A0A039F308;A0A057IMI0;A0A041NYG0;A0A054C4H1;A0A044KP15;A0A052N051;A0A057PY84;A0A041Q2R1;A0A039GTL2;A0A047J785;A0A054HDK9;A0A047NK87;A0A047YT59;A0A048K045;A0A043JTZ2;A0A048FN53;A0A040J024;F9V118;A0A038TQ81;A0A045ZSB6;A0A039YV88;A0A048DCV5;A0A053JF10;A0A050C1E0;A0A051MQW0;A0A057X0D8;A0A050J7V0;A0A053CAD4;A0A054VIW4;A0A043V7Q7;A0A048QM91;A0A053QSY6;A0A056FHY5;A0A052QDG5;A0A039U3N1;A0AAQ0F1L9;A0A043J2Y2;A0A050CRZ3;A0A046XB13;A0A045JJ38;A0A040DT61;A0A040YDS4;A0A056L3V3;A0A053G9X2;A0A054PPN3;A0A055LDX7;A0A045SZC5;A0A052ZQY3;A0A041I788;A0A052BHG4;A0A039PH22;A0A052L3S9;A0A049NSF4;A0A055ICL5;A0A050IMB1;A0A806JJI9;A0A039R064;A0A040Z9N1;A0A057X6X4;A0A049VHC5;A0A040KHP4;A0A056FM42;A0A056A0H4;A0A058SSA1;A0A038L4R6;A0A039CNB5;A0A046AXQ6;A0A047F6F5;A0A049LV94;A0A040ICQ8;A0A050H447;A0A052FMX1;A0A045PA77;A0A045WAW8;A0A046P7S1;A0A048KS61;A0A054MFN7;A0A055HIS7;A0A057ED42;A0A047XDN2;A0A7U8U097;A0A040J8T2;A0A056W244;A0A057RAB5;A0A039L6U0;A0A039ZNZ4;A0A038X3R5;A0A053CVQ8;A0A056LTQ2;A0A7V9WF30;A0A039G054;A0A053UMR1;A0A053UY28;A0A046QDW6;A0A058IYP5;A0A047FIN7;A0A050ASM7;A0A071XZ61;A0A043YRM8;A0A051IWC4;A0A041XC11;A0A054W2E9;A0A042QBC6;A0A043A035;A0A045Z8M0;A0A051SD60;A0A053DW14;A0A052ZC94;A0A038RQE8;A0A041QSV3;A0A054RTR6;A0A053NC49;A0A056UQS6;A0A055RH50;A0A041P4N1;A0A048SSC2;A0A053KB47;A0A058FHK3;A0A046B6Z8;A0A039TMR6;A0A050XNY0;A0A097ZX39;A0A046D3D7;A0A048GQR0;A0A049QWA6;A0A056AH41;A0A047A0B2;A0A046Q3T8;A0A048HD70;A0A041DR19;A0A044PIQ2;A0A048TK47;A0A053UCZ3;A0A057A9N3;A0A057WV08;A0A040KWQ2;A0A042V2V2;A0A047HGW1;A0A046GYZ9;A0A050E891;A0A054IZ66;A0A055TNE4;A0A047XPD8;A0A049Q5Z9;A0A039I039;A0A045MNT5;A0A038PPN3;A0A1Q1SZE2;A0A054BRX8;A0A054AP17;A0A041BF76;A0A040Y108;A0A038NW34;A0A050KZT4;A0A044J627;A0A049C9Y7;A0A055Z050;A0A058HXA4;A0A054T413;A0A049QFG8;A0A054YWF3;A0A045LBZ8;A0A047W0N6;A0A047K4X0;A0A040GFY8;A0A044LI92;A0A056D5Y7;A0A057M1F6;A0A072AHQ1;A0A057DC36;A0A048AXR9;A0A048GRC5;A0A047S719;A0A055JM79;A0A1X2MQG4;A0A045LCY5;A0A051KFQ5;A0A039NGW5;A0A040D8C4;A0A051B6H7;A0A054QQI6;A0A044IGZ4;A0A053KPZ0;A0A043H431;A0A057AXS5;A0A054FCA5;A0A056WBX8;A0A053IWD9;D5XSF2;A0A1Q1YQC8;A0A057VAN3;A0A044QA90;A0A051N5V6;A0A041G584;A0A058EP43;A0A054EQQ2;A0A040WLG7;A0A055AX69;A0A055YTJ6;A0A045P352;A0A047G7P0;A0A053Q219;A0A049UEP3;A0A042KSJ8;A0A045J730;A0A048YFG9;A0A057MB23;A0A054TRR6;A0A058JP80;A0A043HSD4;A0A048SGM8;A0A044R9M5;A0AAW8HYB9;A0A042RZV7;A0A051UN66;A0A041ZAK8;A0A071PYD0;A0A058KRF2;A0A071Z3R5;A0A041S6A8;A0ACD3TNK3;A0A044TJ98;A0A041MGW5;A0A051CY26;A0A8S8LLS5;A0A044CKU1;A0A071SPH5;A0A047NGN4;A0A045N8X1;A0A045QU09;A0A054L3I1;A0A041N002;A0A1Q2AMA3;A0A040JYW9;A0A043DBT5;A0A054JX41;A0AAC8LG57;A0A049HBV8;A0A044ZI37;A0A039EDW6;A0A044QY18;A0A052E142;A0A055YPX0;A0A041WFJ1;A0A047VC21;A0A040RTC3;A0A038U9X0;A0A053NV43;A0A044I463;A0A056GB49;V2VFY4;A0A056J7E5;A0ABX2VIY7;A0A1S1BAJ5;A0A048DN78;A0A054DW10;A0A047A6I3;A0A071NQL6;A0A043NFW6;A0AB73YAA9;A0A038ZBG5;A0A039ERM9;A0A056NX89;A0A058LYS2;A0A040N7R2;X8FTI4;A0A041RZ77;A0A039NZ15;A0A056YLY5;A0A042CJ96;A0A051WHP8;A0A052GGE9;A0A043J020;A0A052WLY0;A0A040E526;A0A040PWD8;A0A040SUK2;A0A050A4F3;A0A053HXI8;A0A038WB59;A0A047USB2;A0A054WIA6;A0A046HLC2;A0A055T1E7;A0A041QEY4;A0A058LB24;A0A1Q1XRT8;A0A055XGN3;A0A044KEI3;A0A046CQU6;A0A2R3PMQ3;A0A041DAE5;A0A044FG34;A0A054HCL2;A0A056Q0I4;A0A047SWG0;A0A040BN99;A0A045Q484;A0A055RSI3;A0A054ZQ94;A0A055APD2;A0A072EX57;A0A049W2U9;A0A057C8G5;A0A038LLU1;A0A039JLC8;A0A049BT25;A0A038PVT7;A0A040ASP9;A0A071Z304;A0A048CTY8;A0A1Q1ZCQ4;A0A1Q1VUW4;D5YE24;A0A048B5J1;A0A040UVM7;A0A050HFR6;A0A053WMY0;A0A045CYP2;A0A050LNN5;R4MI12;A0A040WIZ6;A0A045MDH9;A0A049I5V6;A0A044YVY1;A0A045ZKF2;A0A040ZGQ8;A0A043MR88;A0A3G2XXZ4;A0A053LGP8;A0A1Q1WTG9;A0AA34UV30;A0A045S5X4;A0A048AZT7;A0A040SIG3;A0A057B6V3;A0A048FJ87;A0A052SNL7;A0A043PNQ0;A0A042JXT8;A0A044PNJ4;A0A053CFQ6;A0A039KUI8;A0A054A4E2;A0A056ZR83;A0A071VL34;A0A047W510;A0A045SEV2;L0NTG4;A0A048PKX0;A0A050ZNW5;A0A058RHA9;A0A044AI77;A0A044G6R8;A0A071YGF5;A0A046GCL8;A0A048WGL9;A0A047HWC1;M8CGV3;A0A056Z5A4;A0A1Q1Y349;A0A048BT14;L0Q5C1;A0A045BQN4;A0A040LUY7;A0A045T9U1;A0A045PUG4;A0A053S4Z9;A0A047MKV2;A0A040NRS6;A0A046JJR2;A0A053H0N8;A0A049RRR0;A0A051PZK3;A0A043PW89;A0A039DL13;A0A039I671;A0A1Q1ZP74;A0A042PA80;A0A042SGE5;A0A045QD09;A0A046YMX1;A0A071XLQ4;A0A051F1M0;A0A043I7P5;A0A055MHQ2;A0A049PC05;A0A038MWF2;A0A072A5E6;A0A052D5C9;A0A053M1K0;A0A046LV65;A0A047Y962;A0A071T5C3;A0A051Q043;A0A057LG51;A0A058I3S6;A0A051LRT9;A0A4Q1N1Z7;A0A044RKP6;A0A040QW05;A0A048VKI3;A0A051TL84;A0A044KH40;A0A044HAT0;A0A051JVP9;A0A057K4F3;A0A048D6D9,1762,Mycobacteriaceae,Bacteria,Actinomycetota,True,False,False,False,85E0949ACD144560,0.000101666,0.9143524765968324,290
3342,428ED7AC0FE47676,189,UniProtKB/TrEMBL (unreviewed representative),UPI0001576121,W0XRM9;M5GQW1;A0A1E3CU64;A0A3R0EQY5;A0A0X1RI02;A0A7U9D176;A0A1A6MHN0;A0A1C0CH36;A0A2P5UDP1;A6T684;A0A7A4DFQ6;A0A1E3F6P8;A0A0P8DS50;A0A237SDD0;A0A0A5LN69;A0A7U7F374;A0A0A1BXI4;A0A3N0SH45;A0A2S6K0Q8;A0A0M6X7R9;A0A0J5P0Q3;A0A0M2QZM0;K4UDH6;A0A2G8ATN5;A0A0P7MGL8;A0A422W1Z9;A0AAE9G145;A6T684;A0A652PY28;W0XU37,2,Bacteria,Unresolved,Unresolved,False,False,False,False,428ED7AC0FE47676,0.995734751,0.9142723679542542,291
1700,F66729BC0A3DA919,2067,UniProtKB/TrEMBL (unreviewed representative),UPI0000E64B04,A0A098D9G9;I1RF58;I1RF58,5518,Gibberella zeae,Eukaryota,Ascomycota,True,True,True,False,F66729BC0A3DA919,-0.003840384,0.913912296295166,292
5635,EC6298F974BCB669,313,UniProtKB/Swiss-Prot (reviewed representative),UPI00005DF4F2,Q0HTA5;Q0HGZ8;Q0HGZ8;Q0HTA5;Q2Z8W6;Q35U48,196818,unclassified Shewanella,Bacteria,Pseudomonadota,True,True,True,False,EC6298F974BCB669,0.99607271,0.9131208658218384,293
5643,EC6298F974BCB669,313,UniProtKB/Swiss-Prot (reviewed representative),UPI00005DF4F2,Q0HTA5;Q0HGZ8;Q0HGZ8;Q0HTA5;Q2Z8W6;Q35U48,196818,unclassified Shewanella,Bacteria,Pseudomonadota,True,True,True,False,EC6298F974BCB669,0.99607271,0.9131208658218384,293
3137,E2AD18D5EDE77452,309,UniProtKB/TrEMBL (unreviewed representative),UPI0000E98464,A0XH75;A4W5C7;A4W5C7,543,Enterobacteriaceae,Bacteria,Pseudomonadota,True,True,True,False,E2AD18D5EDE77452,0.996218503,0.9120751619338988,294
7850,A42DBAA2895F9880,403,UniProtKB/TrEMBL (unreviewed representative),UPI00000D5089,A0A1L3DIF9;A0A9E7Z8K3;A0ABX7ZXI8;A0A0S4WR77;M4U829;A0A9E8C5V9;A0A9E8CCZ9;Q8Y3F3;A0A223GI42;Q8Y3F3;S7XWG4,48736,Ralstonia,Bacteria,Pseudomonadota,False,True,False,False,A42DBAA2895F9880,0.015886407,0.9116780161857604,295
3695,3617237C923FC7FD,436,UniProtKB/Swiss-Prot (reviewed representative),UPI0001604463,A9N452;A0A3U3LKK8;A0A3X6K535;A0A636M6L4;A9N452,28901,Salmonella enterica,Bacteria,Pseudomonadota,False,True,False,False,3617237C923FC7FD,0.014369198,0.9114553332328796,296
1240,226A73E057D25E70,2115,UniProtKB/Swiss-Prot (reviewed representative),UPI0010B7021B,A0A455R5P9;A0A455R5P9,159075,Acremonium,Eukaryota,Ascomycota,True,True,True,False,226A73E057D25E70,-0.003461968,0.9105331301689148,297
5905,FBD8A73338AEB080,317,UniProtKB/Swiss-Prot (reviewed representative),UPI0000D675FF,Q1LT37;Q1LT37,186490,Candidatus Palibaumannia cicadellinicola,Bacteria,Pseudomonadota,True,True,True,False,FBD8A73338AEB080,0.023755196,0.9105303287506104,298
1206,F80A5682FE7F59FD,2527,UniProtKB/Swiss-Prot (reviewed representative),UPI0009F74DA9,A0A1W5T1T1;A0A1W5T1T1,69781,Penicillium oxalicum,Eukaryota,Ascomycota,True,True,True,False,F80A5682FE7F59FD,-0.005414049,0.910152554512024,299
3279,0E2DB8404783A454,317,UniProtKB/Swiss-Prot (reviewed representative),UPI0000E9AD7E,A5V3T8;A5V3T8;A0XQY8,160791,Rhizorhabdus wittichii,Bacteria,Pseudomonadota,True,True,True,False,0E2DB8404783A454,0.99449259,0.9095727205276488,300
